{"type": "FeatureCollection", "features": [{"type": "Feature", "geometry": {"type": "LineString", "coordinates": [[20.39353, 44.84257], [20.39335, 44.84259], [20.39308, 44.84259], [20.3927, 44.84263], [20.39179, 44.84277], [20.39021, 44.84296], [20.38901, 44.84316], [20.38888, 44.84316], [20.38885, 44.84322], [20.38891, 44.84335], [20.38922, 44.84376], [20.38936, 44.84404], [20.38956, 44.8443], [20.38977, 44.84464], [20.38976, 44.84478], [20.38961, 44.8451], [20.38958, 44.84526], [20.38956, 44.84563], [20.38941, 44.84673], [20.38943, 44.84692], [20.3894, 44.84729], [20.3893, 44.84784], [20.38933, 44.84804], [20.38929, 44.84823], [20.3893, 44.84861], [20.38943, 44.84958], [20.38948, 44.84964], [20.38967, 44.84972], [20.39021, 44.84966], [20.39054, 44.84956], [20.39094, 44.84949], [20.3922, 44.84909], [20.39265, 44.84889], [20.39285, 44.84883], [20.39304, 44.84874], [20.39369, 44.84849], [20.39427, 44.84832], [20.39484, 44.84811], [20.39497, 44.84804], [20.39572, 44.84784], [20.39602, 44.84774], [20.39664, 44.84743], [20.39684, 44.84738], [20.39701, 44.84731], [20.39751, 44.8472], [20.39759, 44.84711], [20.39767, 44.84707], [20.39843, 44.84681], [20.39886, 44.84661], [20.39966, 44.84636], [20.4, 44.84621], [20.40048, 44.84607], [20.40079, 44.84595], [20.40086, 44.8459], [20.40114, 44.84581], [20.40132, 44.84585], [20.40144, 44.84599], [20.40155, 44.84625], [20.40199, 44.84686], [20.40224, 44.8471], [20.40239, 44.84714], [20.40248, 44.84712], [20.40278, 44.84696], [20.40319, 44.8468], [20.40354, 44.84671], [20.40375, 44.84669], [20.40408, 44.84671], [20.40455, 44.84667], [20.40565, 44.84649], [20.40633, 44.84642], [20.40662, 44.84643], [20.40775, 44.84658], [20.40799, 44.84659], [20.40848, 44.84652], [20.40904, 44.84635], [20.4094, 44.84621], [20.40977, 44.84594], [20.40995, 44.84578], [20.41025, 44.8454], [20.41085, 44.84494], [20.41131, 44.84455], [20.41168, 44.84403], [20.41189, 44.8438], [20.41217, 44.84357], [20.41247, 44.84318], [20.41252, 44.84307], [20.41262, 44.84301], [20.41269, 44.84293], [20.41271, 44.84287], [20.41308, 44.84239], [20.41323, 44.84213], [20.41357, 44.84177], [20.41372, 44.84168], [20.4138, 44.84165], [20.41395, 44.84165], [20.41409, 44.84169], [20.41425, 44.84182], [20.41459, 44.84218], [20.41474, 44.8423], [20.41474, 44.84239], [20.41463, 44.84255], [20.41462, 44.84264], [20.41479, 44.84281], [20.41512, 44.84304], [20.41591, 44.8435], [20.41649, 44.84384], [20.41657, 44.84387], [20.41666, 44.8438], [20.41673, 44.84369], [20.41688, 44.84334], [20.41704, 44.84306], [20.41718, 44.84262], [20.41736, 44.84227], [20.41737, 44.8421], [20.41761, 44.8417], [20.41775, 44.8413], [20.4181, 44.83986], [20.41842, 44.83895], [20.41852, 44.83853], [20.41854, 44.83833], [20.41868, 44.83793], [20.41867, 44.83779], [20.41872, 44.83764], [20.41878, 44.83753], [20.41877, 44.83738], [20.41881, 44.83732], [20.41889, 44.83727], [20.41892, 44.8372], [20.41891, 44.83698], [20.41906, 44.83682], [20.41903, 44.83661], [20.41913, 44.83622], [20.41921, 44.83609], [20.41923, 44.83586], [20.41942, 44.83517], [20.41953, 44.83453], [20.41963, 44.83423], [20.41967, 44.83397], [20.41988, 44.83313], [20.42002, 44.83278], [20.42008, 44.83237], [20.42041, 44.83149], [20.42047, 44.83124], [20.42058, 44.83109], [20.42073, 44.83065], [20.42089, 44.83034], [20.42107, 44.82985], [20.42124, 44.82955], [20.42149, 44.829], [20.42162, 44.82885], [20.42179, 44.82858], [20.42206, 44.82805], [20.42224, 44.82717], [20.42231, 44.8265], [20.42237, 44.82636], [20.42258, 44.82605], [20.42296, 44.82571], [20.42323, 44.82539], [20.42417, 44.82469], [20.42463, 44.82445], [20.42487, 44.82426], [20.42536, 44.82411], [20.42567, 44.82385], [20.42608, 44.82363], [20.42666, 44.82324], [20.42708, 44.82306], [20.42736, 44.82286], [20.42784, 44.8227], [20.42813, 44.82258], [20.42828, 44.82249], [20.42871, 44.82228], [20.42895, 44.82212], [20.42923, 44.82201], [20.42942, 44.82196], [20.42987, 44.82194], [20.43027, 44.82183], [20.4307, 44.82176], [20.43146, 44.82169], [20.43204, 44.82168], [20.43246, 44.82163], [20.43386, 44.82155], [20.4343, 44.82155], [20.43489, 44.82162], [20.43499, 44.82159], [20.43515, 44.82146], [20.43527, 44.82118], [20.43533, 44.82111], [20.43541, 44.82105], [20.43552, 44.82104], [20.43588, 44.82114], [20.43622, 44.82128], [20.43675, 44.82136], [20.43714, 44.82135], [20.43743, 44.82139], [20.43784, 44.82153], [20.43853, 44.82167], [20.43914, 44.82168], [20.43904, 44.82165], [20.439, 44.82166], [20.43898, 44.82169], [20.439, 44.82166], [20.43898, 44.82165], [20.43898, 44.82168], [20.43898, 44.82166], [20.43899, 44.82168], [20.43899, 44.82166], [20.43897, 44.82167], [20.43902, 44.82166], [20.43897, 44.82166], [20.43899, 44.82164], [20.43899, 44.82167], [20.43892, 44.82166], [20.43862, 44.82169], [20.43834, 44.82166], [20.43772, 44.82151], [20.43729, 44.82138], [20.43695, 44.82135], [20.43649, 44.82135], [20.43592, 44.82125], [20.43562, 44.82115], [20.43538, 44.82111], [20.43527, 44.82112], [20.43509, 44.82123], [20.43495, 44.8215], [20.43488, 44.82157], [20.43468, 44.82165], [20.43457, 44.82165], [20.43409, 44.82158], [20.43387, 44.82156], [20.43219, 44.82165], [20.43079, 44.82176], [20.43039, 44.82182], [20.42914, 44.82204], [20.42889, 44.82214], [20.42828, 44.82251], [20.42761, 44.82282], [20.42716, 44.82294], [20.42701, 44.82303], [20.42669, 44.82331], [20.42628, 44.82349], [20.42594, 44.82375], [20.42547, 44.82399], [20.42511, 44.82424], [20.42493, 44.82431], [20.42465, 44.82435], [20.42459, 44.82438], [20.42438, 44.82461], [20.42386, 44.82492], [20.42308, 44.82558], [20.42271, 44.82593], [20.42244, 44.82627], [20.42231, 44.82655], [20.4222, 44.82752], [20.42198, 44.82822], [20.42146, 44.82911], [20.42118, 44.82967], [20.42067, 44.83083], [20.42002, 44.83275], [20.41982, 44.8335], [20.41975, 44.83365], [20.41938, 44.8353], [20.41896, 44.83691], [20.419, 44.83706], [20.41913, 44.83725], [20.41912, 44.83732], [20.41891, 44.83803], [20.41882, 44.83825], [20.41873, 44.8387], [20.41831, 44.8402], [20.41774, 44.84215], [20.4169, 44.84397], [20.41671, 44.84424], [20.41632, 44.84495], [20.41597, 44.8454], [20.41583, 44.84563], [20.41566, 44.84584], [20.41539, 44.84609], [20.41537, 44.84616], [20.41522, 44.84621], [20.41496, 44.84616], [20.41492, 44.84618], [20.41482, 44.84648], [20.41457, 44.84673], [20.41453, 44.84686], [20.41444, 44.84695], [20.41436, 44.84696], [20.41398, 44.84687], [20.41348, 44.84688], [20.41327, 44.84686], [20.41215, 44.84673], [20.41187, 44.84667], [20.41159, 44.84666], [20.41065, 44.84653], [20.41028, 44.8465], [20.40982, 44.84654], [20.40899, 44.84641], [20.40856, 44.84651], [20.40824, 44.84662], [20.40795, 44.84672], [20.4075, 44.84694], [20.40728, 44.84709], [20.40708, 44.84718], [20.40661, 44.84744], [20.40628, 44.84769], [20.40582, 44.84791], [20.40572, 44.84797], [20.40558, 44.84813], [20.40525, 44.8483], [20.40511, 44.84833], [20.40499, 44.84842], [20.40457, 44.84858], [20.4039, 44.84874], [20.40372, 44.84882], [20.4036, 44.84885], [20.40341, 44.84866], [20.40331, 44.84847], [20.40304, 44.84812], [20.4026, 44.84765], [20.40188, 44.84673], [20.40163, 44.84648], [20.40151, 44.84629], [20.40133, 44.84609], [20.40121, 44.84601], [20.4011, 44.84585], [20.40108, 44.84584], [20.40108, 44.84586], [20.40104, 44.84582], [20.40093, 44.84556], [20.40062, 44.8451], [20.40032, 44.84476], [20.40005, 44.84438], [20.39938, 44.84357], [20.39919, 44.84347], [20.39895, 44.84345], [20.39839, 44.84365], [20.39797, 44.8437], [20.39766, 44.84378], [20.39747, 44.84379], [20.39731, 44.8437], [20.39709, 44.84345], [20.39702, 44.84325], [20.39687, 44.84297], [20.39682, 44.84272], [20.39677, 44.8426]]}, "properties": {"id": 19975737734, "name": "Quick and hot", "sport": "Ride", "date": "2026-08-31", "distance_km": 13.79, "moving_time_s": 1848, "elev_gain_m": 39, "avg_speed_kmh": 26.9, "avg_hr": null}}, {"type": "Feature", "geometry": {"type": "LineString", "coordinates": [[20.39763, 44.84177], [20.3977, 44.84175], [20.39771, 44.84168], [20.39759, 44.84146], [20.39762, 44.8414], [20.39769, 44.84137], [20.39867, 44.84125], [20.39956, 44.84124], [20.4006, 44.84129], [20.40142, 44.84138], [20.40173, 44.84145], [20.40232, 44.84145], [20.40282, 44.8414], [20.40435, 44.84151], [20.40455, 44.84157], [20.40528, 44.84212], [20.40546, 44.84215], [20.40556, 44.84214], [20.40572, 44.84205], [20.4064, 44.84113], [20.40672, 44.84089], [20.40686, 44.84071], [20.40751, 44.84007], [20.40759, 44.83992], [20.40782, 44.83976], [20.40818, 44.83939], [20.40835, 44.83925], [20.40835, 44.83906], [20.40753, 44.83828], [20.40739, 44.83808], [20.40675, 44.83739], [20.40677, 44.83733], [20.40714, 44.83727], [20.40745, 44.83718], [20.40805, 44.83694], [20.40857, 44.8368], [20.4088, 44.8367], [20.40907, 44.83664], [20.4094, 44.8365], [20.40972, 44.8364], [20.40979, 44.83637], [20.4099, 44.8362], [20.40989, 44.83615], [20.40975, 44.83604], [20.4094, 44.8356], [20.40935, 44.83515], [20.40966, 44.83429], [20.40987, 44.83381], [20.40993, 44.83352], [20.40989, 44.83344], [20.40996, 44.83331], [20.40987, 44.83321], [20.40989, 44.83313], [20.41067, 44.831], [20.41076, 44.83064], [20.41084, 44.83058], [20.41129, 44.8306], [20.4114, 44.83036], [20.41154, 44.83031], [20.41157, 44.83027], [20.41158, 44.8301], [20.41238, 44.82765], [20.41235, 44.82757], [20.41214, 44.82754], [20.41207, 44.82746], [20.41196, 44.82748], [20.4119, 44.82753], [20.41182, 44.82751], [20.41179, 44.82744], [20.41187, 44.82731], [20.41202, 44.82689], [20.41267, 44.82479], [20.41266, 44.82469], [20.41229, 44.82433], [20.41264, 44.82419], [20.41271, 44.82407], [20.41263, 44.82393], [20.41273, 44.82388], [20.41291, 44.82385], [20.41308, 44.82377], [20.41325, 44.82384], [20.4134, 44.82386], [20.41363, 44.82379], [20.41443, 44.82344], [20.41562, 44.82285], [20.41586, 44.82278], [20.41616, 44.82264], [20.41635, 44.82249], [20.41651, 44.82246], [20.417, 44.82227], [20.41717, 44.82229], [20.41751, 44.82212], [20.41757, 44.82202], [20.41774, 44.82191], [20.41823, 44.82172], [20.41901, 44.82135], [20.41931, 44.82124], [20.41949, 44.82113], [20.42156, 44.82023], [20.42348, 44.81934], [20.42363, 44.81936], [20.42373, 44.81934], [20.42384, 44.81927], [20.42401, 44.81909], [20.42433, 44.819], [20.42523, 44.81859], [20.42536, 44.8185], [20.42615, 44.81817], [20.42718, 44.81769], [20.42805, 44.81736], [20.42834, 44.81715], [20.42863, 44.81707], [20.4287, 44.81702], [20.42886, 44.81701], [20.42907, 44.81694], [20.42926, 44.81679], [20.42938, 44.81667], [20.43296, 44.81511], [20.4341, 44.8147], [20.43436, 44.81469], [20.43441, 44.8147], [20.43449, 44.81465], [20.43479, 44.81458], [20.435, 44.81445], [20.43575, 44.81432], [20.43611, 44.81438], [20.43683, 44.81423], [20.43755, 44.81418], [20.43841, 44.81417], [20.43854, 44.81425], [20.43851, 44.81426], [20.43853, 44.81425], [20.43854, 44.81438], [20.43852, 44.81445], [20.43857, 44.81454], [20.43896, 44.81474], [20.43903, 44.8149], [20.43926, 44.81495], [20.4396, 44.81488], [20.44003, 44.81491], [20.4401, 44.81488], [20.44019, 44.81474], [20.44027, 44.81473], [20.44053, 44.81478], [20.44093, 44.81467], [20.44126, 44.81465], [20.45128, 44.81516], [20.45171, 44.81519], [20.4519, 44.81526], [20.45209, 44.81519], [20.45239, 44.81522], [20.45289, 44.81517], [20.45303, 44.8152], [20.45314, 44.8153], [20.45314, 44.81538], [20.45301, 44.81564], [20.45297, 44.81608], [20.4529, 44.81638], [20.45295, 44.81642], [20.45292, 44.81643], [20.45291, 44.81651], [20.45308, 44.81669], [20.45351, 44.81674], [20.45388, 44.81669], [20.45412, 44.81675], [20.45433, 44.81668], [20.45441, 44.8167], [20.4544, 44.8168], [20.45446, 44.81687], [20.45477, 44.81702], [20.455, 44.81717], [20.45512, 44.81715], [20.45517, 44.81723], [20.45546, 44.81738], [20.45563, 44.81758], [20.45597, 44.8178], [20.45629, 44.81805], [20.45645, 44.8181], [20.4565, 44.81811], [20.4567, 44.81804], [20.457, 44.81785], [20.45762, 44.81766], [20.45806, 44.81754], [20.45823, 44.81755], [20.45834, 44.8175], [20.4585, 44.81738], [20.45873, 44.81702], [20.45876, 44.81699], [20.45883, 44.81701], [20.45887, 44.81699], [20.45903, 44.81682], [20.45911, 44.81683], [20.45935, 44.8166], [20.45944, 44.81636], [20.45949, 44.81635], [20.45957, 44.81637], [20.45976, 44.81645], [20.45995, 44.81656], [20.46002, 44.81652], [20.46023, 44.81652], [20.46035, 44.81647], [20.46058, 44.81626], [20.46061, 44.81611], [20.46405, 44.80472], [20.46406, 44.80475], [20.46412, 44.80478], [20.46439, 44.80474], [20.46483, 44.80474], [20.4652, 44.8048], [20.46527, 44.80486], [20.46523, 44.80493], [20.46531, 44.80509], [20.46527, 44.80523], [20.46343, 44.80867], [20.46328, 44.80885], [20.46218, 44.81089], [20.46152, 44.81226], [20.46145, 44.81251], [20.46096, 44.81338], [20.46087, 44.81363], [20.46042, 44.81459], [20.4604, 44.81495], [20.46087, 44.81578], [20.46114, 44.81581], [20.46216, 44.81572], [20.46226, 44.8156], [20.46261, 44.81475], [20.46259, 44.8146], [20.4624, 44.81449], [20.46206, 44.81443], [20.46151, 44.81447], [20.46143, 44.81443], [20.46135, 44.81447], [20.46136, 44.81439], [20.46129, 44.81437], [20.4611, 44.81443], [20.45813, 44.81409], [20.45784, 44.81412], [20.4563, 44.81453], [20.45457, 44.8149], [20.4538, 44.81505], [20.45317, 44.81512], [20.45183, 44.8151], [20.45117, 44.81511], [20.44996, 44.81507], [20.44226, 44.81468], [20.44003, 44.81455], [20.43957, 44.81455], [20.43928, 44.81471], [20.439, 44.81467], [20.43868, 44.81446], [20.43853, 44.81442], [20.43839, 44.81455], [20.43823, 44.81453], [20.43735, 44.81455], [20.4362, 44.81468], [20.43513, 44.81488], [20.43497, 44.81488], [20.435, 44.81489], [20.43498, 44.81487], [20.43497, 44.8149], [20.43498, 44.81487], [20.43486, 44.81493], [20.43418, 44.81512], [20.43371, 44.81529], [20.43214, 44.81594], [20.42747, 44.81806], [20.42722, 44.81814], [20.42456, 44.81937], [20.4226, 44.82023], [20.42238, 44.82036], [20.42213, 44.82044], [20.42165, 44.82068], [20.42081, 44.82103], [20.42053, 44.82119], [20.42034, 44.82124], [20.41978, 44.8215], [20.41954, 44.82157], [20.41935, 44.8217], [20.41864, 44.82201], [20.41792, 44.82238], [20.41781, 44.82242], [20.41768, 44.8224], [20.41754, 44.82247], [20.41742, 44.82258], [20.41709, 44.82267], [20.41678, 44.82286], [20.41543, 44.82347], [20.41538, 44.82355], [20.4153, 44.82353], [20.41519, 44.82356], [20.41497, 44.82373], [20.41456, 44.82394], [20.41424, 44.82414], [20.41338, 44.82516], [20.41316, 44.82539], [20.41292, 44.82529], [20.41262, 44.82521], [20.41254, 44.82522], [20.41233, 44.82593], [20.41189, 44.82722], [20.41131, 44.82885], [20.4109, 44.83007], [20.41086, 44.83024], [20.41092, 44.83039], [20.41082, 44.83057], [20.41066, 44.83063], [20.41063, 44.83067], [20.41036, 44.83168], [20.40985, 44.8331], [20.40984, 44.83323], [20.40992, 44.8333], [20.40986, 44.83348], [20.40972, 44.8336], [20.40963, 44.83372], [20.40962, 44.83387], [20.40946, 44.8342], [20.40913, 44.83524], [20.40918, 44.83535], [20.40934, 44.83545], [20.4094, 44.8357], [20.40939, 44.83603], [20.40968, 44.83624], [20.40971, 44.83632], [20.40964, 44.83637], [20.40825, 44.83684], [20.40687, 44.83736], [20.40675, 44.83743], [20.40837, 44.83919], [20.40838, 44.83927], [20.4082, 44.83938], [20.40752, 44.84006], [20.4073, 44.84024], [20.40696, 44.84062], [20.4056, 44.84196], [20.40558, 44.84193], [20.40532, 44.84222], [20.40494, 44.84251], [20.40457, 44.84288], [20.40448, 44.84302], [20.40426, 44.84318], [20.40405, 44.84343], [20.4039, 44.84352], [20.40387, 44.84362], [20.40377, 44.84369], [20.40351, 44.84408], [20.40278, 44.84503], [20.40259, 44.84523], [20.40155, 44.84566], [20.40145, 44.84567], [20.40148, 44.8457], [20.40074, 44.84596], [20.39983, 44.84626], [20.39928, 44.8465], [20.39774, 44.84704], [20.39674, 44.84742], [20.39601, 44.84773], [20.39515, 44.848], [20.39458, 44.84825], [20.39411, 44.84837], [20.39291, 44.84882], [20.39204, 44.8491], [20.39162, 44.84927], [20.39032, 44.8496], [20.38944, 44.84969], [20.38938, 44.84963], [20.38941, 44.8494], [20.38934, 44.84906], [20.38932, 44.84803], [20.38938, 44.84758], [20.38937, 44.84725], [20.38969, 44.84457], [20.38964, 44.84444], [20.38888, 44.8433], [20.38889, 44.84319], [20.38907, 44.84311], [20.39326, 44.84255], [20.39343, 44.84243]]}, "properties": {"id": 19953569620, "name": "UZB", "sport": "Ride", "date": "2026-08-29", "distance_km": 19.15, "moving_time_s": 3168, "elev_gain_m": 85, "avg_speed_kmh": 21.8, "avg_hr": null}}, {"type": "Feature", "geometry": {"type": "LineString", "coordinates": [[20.39759, 44.84176], [20.39772, 44.84175], [20.39776, 44.84171], [20.39772, 44.84167], [20.39767, 44.84166], [20.3976, 44.84152], [20.3976, 44.84143], [20.39768, 44.84136], [20.39873, 44.84123], [20.39959, 44.84122], [20.40016, 44.84123], [20.40089, 44.84129], [20.40125, 44.84135], [20.40197, 44.84143], [20.40227, 44.84143], [20.40276, 44.84136], [20.40296, 44.84136], [20.40346, 44.84142], [20.40406, 44.84145], [20.40412, 44.84147], [20.40408, 44.84145], [20.40418, 44.84144], [20.40421, 44.84141], [20.40419, 44.84142], [20.40416, 44.8414], [20.40419, 44.84141], [20.40421, 44.84138], [20.40418, 44.8414], [20.40424, 44.8414], [20.40416, 44.8414], [20.40418, 44.84142], [20.40434, 44.84143], [20.40445, 44.84149], [20.40464, 44.8417], [20.405, 44.84196], [20.40523, 44.84209], [20.40535, 44.84211], [20.40541, 44.84208], [20.40556, 44.84184], [20.40605, 44.84144], [20.407, 44.84045], [20.40709, 44.84036], [20.40725, 44.84026], [20.40744, 44.84], [20.40774, 44.83971], [20.40777, 44.83965], [20.40828, 44.83917], [20.40829, 44.83908], [20.40793, 44.83874], [20.40744, 44.83821], [20.4073, 44.83802], [20.40684, 44.83756], [20.40678, 44.83748], [20.40678, 44.8374], [20.40688, 44.83734], [20.40705, 44.8373], [20.40829, 44.83682], [20.40847, 44.83677], [20.40857, 44.83671], [20.40884, 44.83664], [20.40971, 44.83632], [20.40976, 44.83623], [20.40985, 44.83619], [20.40984, 44.83615], [20.40978, 44.83611], [20.40949, 44.83575], [20.40935, 44.83564], [20.40932, 44.83554], [20.40925, 44.83557], [20.40914, 44.83554], [20.40905, 44.83556], [20.40901, 44.83545], [20.40914, 44.83524], [20.40919, 44.83502], [20.40936, 44.83462], [20.40939, 44.83441], [20.40958, 44.83401], [20.40972, 44.83358], [20.40982, 44.83353], [20.40986, 44.83347], [20.40986, 44.8335], [20.40984, 44.83348], [20.40986, 44.8335], [20.40993, 44.83329], [20.40986, 44.83322], [20.40985, 44.83319], [20.4099, 44.83292], [20.41001, 44.83258], [20.4101, 44.83238], [20.41021, 44.83197], [20.41067, 44.83064], [20.41072, 44.83059], [20.41084, 44.83054], [20.4109, 44.83038], [20.41087, 44.8302], [20.41111, 44.82954], [20.41112, 44.82938], [20.41135, 44.82869], [20.41141, 44.82858], [20.41156, 44.82818], [20.41166, 44.82783], [20.41174, 44.82768], [20.41181, 44.82739], [20.41193, 44.8271], [20.41194, 44.827], [20.41212, 44.82657], [20.41219, 44.82627], [20.41235, 44.82586], [20.41267, 44.82488], [20.41261, 44.82467], [20.41229, 44.82435], [20.41265, 44.82417], [20.4127, 44.82407], [20.4126, 44.82395], [20.41271, 44.82389], [20.41307, 44.82377], [20.4133, 44.82385], [20.41348, 44.82384], [20.41392, 44.82366], [20.41496, 44.82317], [20.41507, 44.82314], [20.41543, 44.82297], [20.41567, 44.82281], [20.41579, 44.82279], [20.41588, 44.82273], [20.41603, 44.82268], [20.41637, 44.82247], [20.41649, 44.82244], [20.41658, 44.82238], [20.4167, 44.82238], [20.41681, 44.82234], [20.417, 44.82226], [20.41718, 44.82228], [20.4173, 44.82221], [20.41746, 44.82215], [20.41756, 44.82201], [20.41808, 44.82176], [20.41847, 44.8216], [20.41893, 44.82137], [20.41922, 44.82129], [20.41975, 44.82101], [20.4206, 44.82065], [20.42167, 44.82016], [20.4221, 44.81994], [20.42215, 44.81993], [20.42207, 44.81996], [20.42256, 44.8198], [20.42269, 44.8197], [20.42273, 44.81972], [20.42285, 44.81962], [20.42351, 44.81933], [20.42362, 44.81931], [20.42369, 44.81935], [20.42402, 44.81908], [20.42435, 44.81896], [20.42462, 44.81883], [20.42511, 44.81863], [20.42616, 44.81814], [20.4264, 44.81801], [20.42674, 44.81789], [20.42707, 44.81773], [20.42715, 44.81771], [20.42728, 44.81765], [20.42738, 44.81757], [20.42774, 44.81749], [20.42789, 44.81749], [20.42809, 44.81736], [20.42824, 44.81729], [20.42828, 44.81717], [20.42837, 44.81711], [20.42869, 44.81699], [20.42919, 44.81685], [20.42935, 44.81672], [20.42958, 44.81657], [20.43061, 44.81612], [20.43082, 44.81598], [20.43137, 44.81581], [20.43203, 44.8155], [20.43317, 44.81502], [20.43346, 44.81493], [20.43396, 44.81473], [20.43426, 44.81468], [20.43437, 44.81464], [20.4344, 44.81465], [20.43429, 44.81467], [20.43431, 44.81466], [20.43436, 44.81469], [20.43444, 44.81467], [20.43498, 44.81446], [20.43516, 44.81444], [20.43565, 44.81432], [20.43575, 44.81431], [20.43599, 44.81437], [20.43619, 44.81433], [20.43658, 44.81427], [20.43679, 44.81421], [20.43703, 44.81421], [20.43755, 44.81418], [20.43825, 44.81417], [20.43848, 44.8142], [20.43851, 44.81423], [20.43852, 44.81447], [20.43856, 44.81453], [20.43872, 44.81456], [20.43883, 44.81462], [20.43893, 44.81472], [20.43898, 44.81485], [20.43904, 44.81489], [20.43919, 44.81489], [20.4393, 44.81494], [20.43927, 44.81497], [20.43929, 44.81497], [20.43932, 44.81513], [20.4396, 44.81529], [20.43959, 44.8153], [20.43963, 44.81529], [20.4394, 44.8152], [20.43932, 44.81525], [20.43925, 44.81566], [20.43913, 44.81604], [20.43882, 44.81662], [20.43843, 44.81707], [20.43811, 44.81734], [20.43773, 44.81761], [20.43647, 44.81821], [20.4347, 44.81899], [20.43462, 44.81904], [20.43445, 44.81909], [20.43413, 44.81926], [20.4337, 44.81944], [20.43364, 44.81948], [20.43369, 44.81947], [20.42986, 44.82117], [20.42861, 44.82176], [20.42762, 44.82218], [20.42718, 44.82239], [20.42683, 44.82252], [20.42651, 44.8227], [20.42595, 44.82294], [20.4254, 44.8232], [20.42455, 44.82356], [20.42363, 44.824], [20.42239, 44.82453], [20.42193, 44.82478], [20.42147, 44.82499], [20.42108, 44.82521], [20.42079, 44.82544], [20.42055, 44.82568], [20.42031, 44.82605], [20.42016, 44.82646], [20.41982, 44.82818], [20.41976, 44.82832], [20.4197, 44.82871], [20.41913, 44.83136], [20.41901, 44.83154], [20.41869, 44.83319], [20.41811, 44.83588], [20.41792, 44.83624], [20.41776, 44.83665], [20.41763, 44.83687], [20.41734, 44.83719], [20.41692, 44.83748], [20.416, 44.83786], [20.41574, 44.8379], [20.41497, 44.83809], [20.41444, 44.83817], [20.41407, 44.83825], [20.41373, 44.83827], [20.41342, 44.83836], [20.41265, 44.83849], [20.41244, 44.83859], [20.41222, 44.83862], [20.41196, 44.83869], [20.41154, 44.83876], [20.41086, 44.83905], [20.41045, 44.83925], [20.40989, 44.83947], [20.4097, 44.83952], [20.40958, 44.83953], [20.40946, 44.83951], [20.40902, 44.8394], [20.40883, 44.83933], [20.40861, 44.83927], [20.40838, 44.83924], [20.40821, 44.83924], [20.40815, 44.83928], [20.40803, 44.83945], [20.40782, 44.83968], [20.40753, 44.83994], [20.40745, 44.84005], [20.40719, 44.84028], [20.40669, 44.84087], [20.40647, 44.84102], [20.40615, 44.84141], [20.406, 44.84152], [20.40588, 44.84167], [20.40569, 44.84183], [20.40529, 44.84224], [20.40489, 44.84257], [20.40441, 44.84303], [20.4043, 44.84311], [20.40412, 44.84331], [20.40405, 44.84341], [20.40387, 44.84355], [20.40377, 44.84372], [20.40342, 44.84409], [20.40338, 44.8442], [20.40327, 44.84432], [20.4032, 44.84446], [20.40315, 44.84452], [20.40301, 44.84461], [20.40283, 44.84498], [20.40276, 44.84506], [20.4027, 44.84509], [20.4027, 44.84512], [20.40247, 44.84527], [20.40208, 44.8454], [20.40165, 44.8456], [20.40106, 44.84583], [20.40071, 44.84593], [20.40056, 44.846], [20.39955, 44.84639], [20.39897, 44.84654], [20.39868, 44.84665], [20.39842, 44.84679], [20.39794, 44.84693], [20.39707, 44.84724], [20.39694, 44.8473], [20.39672, 44.84736], [20.3966, 44.84734], [20.3963, 44.84698], [20.39592, 44.8462], [20.39568, 44.84583], [20.39551, 44.84563], [20.39493, 44.84457], [20.39384, 44.84293], [20.39355, 44.84251], [20.39319, 44.84138], [20.39308, 44.84116], [20.39298, 44.8411], [20.39285, 44.84107], [20.39225, 44.84109], [20.39202, 44.84105], [20.39193, 44.84105], [20.39104, 44.84122], [20.3906, 44.84127], [20.39039, 44.84132], [20.38947, 44.84141], [20.38889, 44.84151], [20.3881, 44.84158], [20.38794, 44.84162], [20.38739, 44.84171], [20.38699, 44.84176], [20.38673, 44.84177], [20.38583, 44.8419], [20.3856, 44.84196], [20.38482, 44.84202], [20.38463, 44.84199], [20.38456, 44.84192], [20.38447, 44.84168], [20.38439, 44.84124], [20.38426, 44.84089], [20.38415, 44.84033], [20.384, 44.83988], [20.38394, 44.83977], [20.3839, 44.83941], [20.38382, 44.83928], [20.38372, 44.83899], [20.38361, 44.83846], [20.38359, 44.83764], [20.38352, 44.83731], [20.38295, 44.83587], [20.38286, 44.83569], [20.38277, 44.83559], [20.38267, 44.83556], [20.38246, 44.83557], [20.38209, 44.83565], [20.38121, 44.83578], [20.38066, 44.83585], [20.38031, 44.83586], [20.37998, 44.83593], [20.37882, 44.8361], [20.37825, 44.83615], [20.3778, 44.83623], [20.37741, 44.83626], [20.37632, 44.83643], [20.37571, 44.83649]]}, "properties": {"id": 19884348194, "name": "Extra slow", "sport": "Ride", "date": "2026-08-24", "distance_km": 14.15, "moving_time_s": 3034, "elev_gain_m": 34, "avg_speed_kmh": 16.8, "avg_hr": null}}, {"type": "Feature", "geometry": {"type": "LineString", "coordinates": [[21.62822, 44.65448], [21.62669, 44.65459], [21.62631, 44.65454], [21.62588, 44.65461], [21.62464, 44.65459], [21.62432, 44.65453], [21.62376, 44.65459], [21.62318, 44.65456], [21.62306, 44.65466], [21.62233, 44.6549], [21.62163, 44.65528], [21.6213, 44.65538], [21.62052, 44.65594], [21.62027, 44.65602], [21.61978, 44.65638], [21.61948, 44.65652], [21.6193, 44.65671], [21.61909, 44.65683], [21.61877, 44.65713], [21.6181, 44.65764], [21.61699, 44.65866], [21.61649, 44.6594], [21.61634, 44.65986], [21.61577, 44.66071], [21.61468, 44.66177], [21.61382, 44.66277], [21.6128, 44.66566], [21.61259, 44.66615], [21.61224, 44.66664], [21.6122, 44.66746], [21.61186, 44.66853], [21.61185, 44.66937], [21.61161, 44.67033], [21.61143, 44.67057], [21.61096, 44.6709], [21.61072, 44.67146], [21.6102, 44.67171], [21.61001, 44.67213], [21.60958, 44.67256], [21.60946, 44.67284], [21.60916, 44.67308], [21.60755, 44.67539], [21.6071, 44.6765], [21.60705, 44.6765], [21.60723, 44.67657], [21.60701, 44.67666], [21.60692, 44.67679], [21.60695, 44.67707], [21.6064, 44.67853], [21.60626, 44.67906], [21.6062, 44.68035], [21.60586, 44.68101], [21.60578, 44.6814], [21.60556, 44.68156], [21.605, 44.68171], [21.60461, 44.68192], [21.6042, 44.68226], [21.60397, 44.68261], [21.60353, 44.6828], [21.60339, 44.68301], [21.60343, 44.68353], [21.60336, 44.68366], [21.60246, 44.68409], [21.60195, 44.68456], [21.60179, 44.68481], [21.60143, 44.68485], [21.60105, 44.68463], [21.60039, 44.68445], [21.60019, 44.68454], [21.59984, 44.6849], [21.59985, 44.68535], [21.60061, 44.68669], [21.60115, 44.68685], [21.60155, 44.68688], [21.60239, 44.68715], [21.60294, 44.68753], [21.60333, 44.6877], [21.60356, 44.68789], [21.60366, 44.68808], [21.60368, 44.68834], [21.6036, 44.68865], [21.60368, 44.68876], [21.60359, 44.68897], [21.60359, 44.68953], [21.60364, 44.69031], [21.60403, 44.69079], [21.60425, 44.6913], [21.60415, 44.69217], [21.60425, 44.69223], [21.60418, 44.69319], [21.60425, 44.69338], [21.60418, 44.6937], [21.60418, 44.6952], [21.60425, 44.69625], [21.60402, 44.69928], [21.60509, 44.70281], [21.60608, 44.70537], [21.60667, 44.70771], [21.60676, 44.70795], [21.60715, 44.70835], [21.60725, 44.7086], [21.60725, 44.70893], [21.60736, 44.7091], [21.60719, 44.70913], [21.60734, 44.70912], [21.60748, 44.70922], [21.60746, 44.70938], [21.60765, 44.70969], [21.60786, 44.71031], [21.60781, 44.71123], [21.60774, 44.71176], [21.60758, 44.71244], [21.60724, 44.71258], [21.6069, 44.71254], [21.60691, 44.71269], [21.60664, 44.71301], [21.60662, 44.71321], [21.60625, 44.71402], [21.60555, 44.71455], [21.60536, 44.71488], [21.60539, 44.71513], [21.60516, 44.71539], [21.60528, 44.71565], [21.60523, 44.7161], [21.60533, 44.71708], [21.60539, 44.71718], [21.60532, 44.71724], [21.60542, 44.71745], [21.60529, 44.71825], [21.60473, 44.71959], [21.60469, 44.71996], [21.60403, 44.7216], [21.60378, 44.72218], [21.60353, 44.72257], [21.60357, 44.72265], [21.60329, 44.7231], [21.60302, 44.72387], [21.60282, 44.72415], [21.60274, 44.72458], [21.60238, 44.72514], [21.60227, 44.72552], [21.60233, 44.72579], [21.60224, 44.72614], [21.60167, 44.72711], [21.60163, 44.72731], [21.60107, 44.72846], [21.60036, 44.73029], [21.6003, 44.73052], [21.60033, 44.73059], [21.60091, 44.72886], [21.60115, 44.72851], [21.60121, 44.72818], [21.6018, 44.72692], [21.60226, 44.72614], [21.6023, 44.72541], [21.60243, 44.725], [21.60273, 44.72447], [21.60271, 44.7243], [21.60284, 44.72401], [21.60293, 44.72397], [21.60312, 44.72366], [21.6031, 44.72355], [21.60345, 44.72274], [21.60357, 44.72268], [21.604, 44.72162], [21.60408, 44.72156], [21.60406, 44.72145], [21.60432, 44.72074], [21.60465, 44.72001], [21.60478, 44.7195], [21.60486, 44.71942], [21.6049, 44.71901], [21.60523, 44.71844], [21.60521, 44.71825], [21.60532, 44.71811], [21.60532, 44.71794], [21.60525, 44.71792], [21.60536, 44.71793], [21.60531, 44.71785], [21.60539, 44.71779], [21.60538, 44.71729], [21.60529, 44.7169], [21.60536, 44.71674], [21.60528, 44.71661], [21.60528, 44.71631], [21.60521, 44.71627], [21.60529, 44.71626], [21.60522, 44.71588], [21.60532, 44.71577], [21.60512, 44.71555], [21.60522, 44.71551], [21.60536, 44.71511], [21.60532, 44.71496], [21.60557, 44.71455], [21.60627, 44.71394], [21.60653, 44.71332], [21.60666, 44.71291], [21.60659, 44.71291], [21.6068, 44.71266], [21.60705, 44.71242], [21.60719, 44.71249], [21.60751, 44.71244], [21.6076, 44.71235], [21.60782, 44.71041], [21.60768, 44.70985], [21.60727, 44.7089], [21.60721, 44.7085], [21.60688, 44.70808], [21.60658, 44.70763], [21.6066, 44.70734], [21.60617, 44.70573], [21.60486, 44.70223], [21.604, 44.69932], [21.60407, 44.69888], [21.60415, 44.69881], [21.60439, 44.69874], [21.60429, 44.69834], [21.60445, 44.69767], [21.60432, 44.69754], [21.60452, 44.69731], [21.60459, 44.69689], [21.6048, 44.69653], [21.60484, 44.69609], [21.60491, 44.69602], [21.60483, 44.6959], [21.60494, 44.69573], [21.60485, 44.69569], [21.60494, 44.69553], [21.605, 44.69498], [21.60491, 44.69485], [21.60498, 44.69477], [21.60498, 44.69451], [21.60491, 44.69382], [21.60497, 44.69308], [21.6049, 44.69299], [21.60498, 44.69282], [21.60489, 44.69261], [21.60486, 44.69183], [21.60476, 44.69174], [21.60481, 44.69181], [21.60476, 44.6911], [21.60478, 44.69066], [21.60467, 44.69041], [21.60468, 44.69021], [21.60458, 44.69013], [21.60459, 44.68964], [21.60447, 44.68907], [21.60455, 44.68895], [21.6044, 44.68859], [21.60424, 44.68846], [21.60434, 44.68821], [21.60429, 44.68773], [21.60417, 44.6874], [21.60422, 44.68736], [21.60407, 44.68707], [21.60414, 44.68678], [21.60408, 44.68651], [21.60444, 44.68624], [21.60415, 44.68613], [21.60413, 44.68589], [21.60379, 44.68598], [21.60368, 44.68578], [21.60345, 44.68574], [21.60342, 44.68592], [21.60328, 44.68593], [21.60276, 44.6857], [21.60253, 44.68569], [21.60226, 44.68561], [21.60221, 44.68555], [21.60194, 44.6855], [21.60184, 44.68521], [21.60186, 44.68464], [21.60256, 44.68397], [21.60297, 44.68386], [21.60338, 44.68361], [21.60347, 44.6835], [21.60336, 44.68331], [21.60338, 44.68306], [21.60351, 44.68278], [21.60396, 44.68262], [21.60406, 44.68248], [21.60422, 44.68251], [21.60419, 44.68223], [21.60443, 44.682], [21.60497, 44.68171], [21.60521, 44.68167], [21.60536, 44.68155], [21.60577, 44.6813], [21.60598, 44.68072], [21.6062, 44.68034], [21.6062, 44.67952], [21.60632, 44.67911], [21.60627, 44.6787], [21.60678, 44.67755], [21.6069, 44.67713], [21.60689, 44.67673], [21.60719, 44.67636], [21.60718, 44.67613], [21.60732, 44.67591], [21.60743, 44.67548], [21.60772, 44.67508], [21.60795, 44.67483], [21.60803, 44.6746], [21.60818, 44.67446], [21.60845, 44.67392], [21.60881, 44.67356], [21.6091, 44.67303], [21.60923, 44.67289], [21.60943, 44.67282], [21.60945, 44.67268], [21.60998, 44.67216], [21.61008, 44.67186], [21.61031, 44.67159], [21.61075, 44.67139], [21.61082, 44.67125], [21.61079, 44.67105], [21.61092, 44.67086], [21.61156, 44.67041], [21.61181, 44.66946], [21.6118, 44.66855], [21.61198, 44.66783], [21.61215, 44.66748], [21.61226, 44.66695], [21.61232, 44.66643], [21.61264, 44.66599], [21.61295, 44.66495], [21.61369, 44.663], [21.61414, 44.66227], [21.61503, 44.66137], [21.61536, 44.6611], [21.61544, 44.66093], [21.61561, 44.66085], [21.61583, 44.66064], [21.61592, 44.66034], [21.61606, 44.66021], [21.61643, 44.6596], [21.61645, 44.65929], [21.61698, 44.65867], [21.61712, 44.65841], [21.61743, 44.65812], [21.61774, 44.65801], [21.61784, 44.65777], [21.61808, 44.65753], [21.61846, 44.65734], [21.6188, 44.65706], [21.61892, 44.65687], [21.6192, 44.65677], [21.61932, 44.65662], [21.62004, 44.65615], [21.62017, 44.65601], [21.62063, 44.65581], [21.62128, 44.65534], [21.62244, 44.65479], [21.62337, 44.65446], [21.62388, 44.65453], [21.6244, 44.6545], [21.62556, 44.65455], [21.62754, 44.6545]]}, "properties": {"id": 19860630149, "name": "Anti-antiklimati\u010dna nedelja", "sport": "Run", "date": "2026-08-23", "distance_km": 21.01, "moving_time_s": 7807, "elev_gain_m": 52, "avg_speed_kmh": 9.7, "avg_hr": null}}, {"type": "Feature", "geometry": {"type": "LineString", "coordinates": [[20.35453, 44.7939], [20.35489, 44.79409], [20.35508, 44.79417], [20.35525, 44.79427], [20.35539, 44.79433], [20.35552, 44.79441], [20.3556, 44.79443], [20.35568, 44.79451], [20.35607, 44.79469], [20.35635, 44.79484], [20.35642, 44.79485], [20.3565, 44.79492], [20.35687, 44.79507], [20.35695, 44.79514], [20.35701, 44.79514], [20.35733, 44.79529], [20.35776, 44.79551], [20.3579, 44.7956], [20.35809, 44.79567], [20.35836, 44.79583], [20.35907, 44.7962], [20.35939, 44.79641], [20.35981, 44.79673], [20.35988, 44.79678], [20.35993, 44.79684], [20.36021, 44.79709], [20.36027, 44.79717], [20.36041, 44.7973], [20.36053, 44.79743], [20.36069, 44.79766], [20.36072, 44.79772], [20.36078, 44.79777], [20.36082, 44.79787], [20.36086, 44.79792], [20.36105, 44.79825], [20.36107, 44.79839], [20.36119, 44.79858], [20.36119, 44.79865], [20.36126, 44.79878], [20.3613, 44.79899], [20.36135, 44.7991], [20.36142, 44.79935], [20.36143, 44.79964], [20.36147, 44.79973], [20.36147, 44.79985], [20.36151, 44.79998], [20.36153, 44.80015], [20.36163, 44.8005], [20.36176, 44.80077], [20.36214, 44.8014], [20.36248, 44.80182], [20.36277, 44.80205], [20.36305, 44.80218], [20.36323, 44.80227], [20.36334, 44.80235], [20.3636, 44.80248], [20.36374, 44.8026], [20.36387, 44.80266], [20.3649, 44.80303], [20.36536, 44.80321], [20.36575, 44.8034], [20.36617, 44.80341], [20.36631, 44.80349], [20.36655, 44.80357], [20.36668, 44.80374], [20.3668, 44.80385], [20.36691, 44.80391], [20.36708, 44.80394], [20.36709, 44.80396], [20.36708, 44.804], [20.3671, 44.804], [20.36713, 44.80395], [20.36713, 44.80399], [20.36803, 44.80432], [20.36985, 44.80506], [20.37042, 44.8053], [20.37133, 44.80576]]}, "properties": {"id": 19842033836, "name": "Walk", "sport": "Walk", "date": "2026-08-21", "distance_km": 2.58, "moving_time_s": 1377, "elev_gain_m": 9, "avg_speed_kmh": 6.7, "avg_hr": null}}, {"type": "Feature", "geometry": {"type": "LineString", "coordinates": [[20.39767, 44.84174], [20.39772, 44.8417], [20.39771, 44.84164], [20.39756, 44.84147], [20.39748, 44.84144], [20.39752, 44.84146], [20.3975, 44.84143], [20.39756, 44.84136], [20.39772, 44.84131], [20.39853, 44.84126], [20.3988, 44.84122], [20.3997, 44.84121], [20.40046, 44.84125], [20.40136, 44.84133], [20.40183, 44.84141], [20.40214, 44.84143], [20.4029, 44.84136], [20.4032, 44.84137], [20.4041, 44.84148], [20.40415, 44.84147], [20.40418, 44.84143], [20.40412, 44.84136], [20.40435, 44.8414], [20.40472, 44.84173], [20.40525, 44.84211], [20.40539, 44.8421], [20.40556, 44.84198], [20.40578, 44.84161], [20.40623, 44.84129], [20.40644, 44.84102], [20.40671, 44.84079], [20.40671, 44.84073], [20.40681, 44.84068], [20.40697, 44.84047], [20.40743, 44.84008], [20.40818, 44.83927], [20.40834, 44.83918], [20.40844, 44.83916], [20.40856, 44.83916], [20.40955, 44.8395], [20.40975, 44.83955], [20.40997, 44.83954], [20.41035, 44.83936], [20.41079, 44.83906], [20.41117, 44.83889], [20.41142, 44.83882], [20.41151, 44.83873], [20.41161, 44.83869], [20.41181, 44.83865], [20.41237, 44.83862], [20.41262, 44.83854], [20.41275, 44.83846], [20.41324, 44.83837], [20.4135, 44.83828], [20.41375, 44.83827], [20.41464, 44.83815], [20.41498, 44.83801], [20.41532, 44.83791], [20.4156, 44.83786], [20.41596, 44.83786], [20.41614, 44.83779], [20.4166, 44.83753], [20.41679, 44.83748], [20.41694, 44.83739], [20.4172, 44.8373], [20.41734, 44.83714], [20.41793, 44.83613], [20.41798, 44.83572], [20.41792, 44.83562], [20.418, 44.83549], [20.41815, 44.83445], [20.41823, 44.83425], [20.41846, 44.83297], [20.41861, 44.83243], [20.41866, 44.83198], [20.4189, 44.83108], [20.41901, 44.83043], [20.41916, 44.82997], [20.41918, 44.8296], [20.41931, 44.82893], [20.4196, 44.82828], [20.41981, 44.82818], [20.41989, 44.82808], [20.41991, 44.8276], [20.42021, 44.82631], [20.42043, 44.82584], [20.42058, 44.82564], [20.4208, 44.82541], [20.42093, 44.8253], [20.42156, 44.82494], [20.42254, 44.82449], [20.42268, 44.8244], [20.42319, 44.82416], [20.42381, 44.82392], [20.42445, 44.82359], [20.42534, 44.82324], [20.42665, 44.8226], [20.42694, 44.82251], [20.42734, 44.82229], [20.42778, 44.82213], [20.42887, 44.82161], [20.43011, 44.82109], [20.43054, 44.82083], [20.43073, 44.82079], [20.4308, 44.82071], [20.43076, 44.82072], [20.43082, 44.82075], [20.43077, 44.82073], [20.43082, 44.82075], [20.43084, 44.8207], [20.43075, 44.82066], [20.43047, 44.82058], [20.43038, 44.82052], [20.43017, 44.82028], [20.42977, 44.81988], [20.4296, 44.81949], [20.42951, 44.81898], [20.42953, 44.81865], [20.42973, 44.81812], [20.43017, 44.81736], [20.43036, 44.81708], [20.43057, 44.81666], [20.43069, 44.81652], [20.43121, 44.81633], [20.43162, 44.81611], [20.43185, 44.81604], [20.43218, 44.81587], [20.43298, 44.81556], [20.43312, 44.81547], [20.43362, 44.81529], [20.43401, 44.81519], [20.43426, 44.81509], [20.43503, 44.81486], [20.43541, 44.81483], [20.43597, 44.81469], [20.43735, 44.81454], [20.43775, 44.81455], [20.43847, 44.81449], [20.43875, 44.81452], [20.43888, 44.81458], [20.43901, 44.81483], [20.43906, 44.81487], [20.43915, 44.81491], [20.4393, 44.81492], [20.43934, 44.81513], [20.43945, 44.81521], [20.43966, 44.8153], [20.4396, 44.81531], [20.4396, 44.81525], [20.43959, 44.81528], [20.43963, 44.81527], [20.43746, 44.81419], [20.43682, 44.81421], [20.43653, 44.81428], [20.436, 44.81437], [20.43586, 44.81436], [20.43582, 44.81431], [20.43571, 44.81431], [20.43489, 44.81449], [20.4347, 44.81459], [20.43445, 44.81468], [20.43435, 44.81467], [20.43424, 44.81462], [20.43417, 44.81455], [20.43401, 44.81424], [20.4337, 44.81405], [20.43334, 44.81356], [20.43257, 44.81272], [20.43234, 44.81242], [20.43217, 44.81227], [20.43205, 44.81211], [20.43185, 44.81195], [20.43051, 44.81043], [20.43004, 44.80994], [20.42968, 44.80949], [20.42933, 44.8091], [20.42912, 44.80891], [20.4289, 44.80863], [20.42875, 44.80851], [20.42793, 44.8076], [20.42782, 44.80742], [20.42738, 44.80701], [20.42695, 44.80649], [20.4267, 44.80627], [20.42617, 44.80567], [20.42606, 44.80559], [20.42594, 44.80557], [20.42521, 44.80593], [20.42451, 44.80626], [20.42392, 44.80648], [20.42345, 44.80676], [20.42301, 44.80694], [20.42264, 44.80713], [20.42213, 44.80733], [20.42016, 44.80825], [20.41955, 44.80847], [20.41929, 44.80869], [20.41904, 44.80876], [20.41863, 44.80894], [20.41726, 44.80961], [20.41698, 44.80971], [20.41624, 44.81009], [20.41593, 44.8102], [20.41571, 44.81023], [20.41546, 44.81015], [20.41515, 44.80993], [20.41458, 44.80925], [20.41432, 44.80901], [20.41412, 44.80874], [20.41381, 44.80848], [20.41373, 44.80834], [20.41311, 44.80783], [20.41228, 44.80731], [20.41178, 44.80709], [20.41142, 44.80697], [20.41072, 44.80679], [20.40958, 44.80668], [20.40897, 44.80671], [20.40821, 44.80683], [20.40756, 44.80698], [20.40694, 44.80718], [20.40595, 44.80762], [20.40551, 44.80778], [20.40493, 44.80804], [20.40487, 44.80809], [20.40261, 44.80909], [20.40208, 44.80932], [20.4019, 44.80937], [20.4016, 44.80954], [20.40121, 44.80969], [20.40065, 44.80999], [20.40065, 44.81003], [20.40088, 44.81033], [20.40112, 44.81054], [20.40137, 44.81087], [20.40157, 44.81105], [20.4019, 44.81144], [20.40202, 44.81154], [20.40242, 44.81203], [20.40276, 44.81239], [20.40305, 44.81254], [20.40308, 44.81252], [20.40303, 44.81264], [20.40281, 44.81269], [20.40282, 44.8127], [20.40271, 44.81275], [20.4025, 44.81278], [20.40211, 44.813], [20.40176, 44.8131], [20.40141, 44.81332], [20.40082, 44.81361], [20.40024, 44.81387], [20.39968, 44.81403], [20.39904, 44.81441], [20.39837, 44.81471], [20.39814, 44.81484], [20.39778, 44.81494], [20.39761, 44.81508], [20.39744, 44.81518], [20.39691, 44.81536], [20.39614, 44.81572], [20.39571, 44.81582], [20.39503, 44.81589], [20.3949, 44.81598], [20.39495, 44.81595], [20.39492, 44.81593], [20.39494, 44.81597], [20.39496, 44.81594], [20.39496, 44.81599], [20.39497, 44.81596], [20.39482, 44.81597], [20.39461, 44.8159], [20.39443, 44.81576], [20.39416, 44.81536], [20.39377, 44.81483], [20.39339, 44.81449], [20.39262, 44.81388], [20.39129, 44.81305], [20.39089, 44.81291], [20.39072, 44.81288], [20.39018, 44.81263], [20.3891, 44.81227], [20.3882, 44.81208], [20.38722, 44.81194], [20.38635, 44.81185], [20.38498, 44.81156], [20.38441, 44.81138], [20.38401, 44.81119], [20.38381, 44.81107], [20.38341, 44.81097], [20.38307, 44.81078], [20.38251, 44.81054], [20.38217, 44.81035], [20.38119, 44.80995], [20.38101, 44.8099], [20.38034, 44.80958], [20.37926, 44.80917], [20.37818, 44.80874], [20.37792, 44.80861], [20.37772, 44.80855], [20.37553, 44.80764], [20.37518, 44.80752], [20.37505, 44.80743], [20.3748, 44.80732], [20.37364, 44.80689], [20.37341, 44.80677], [20.3729, 44.80659], [20.37236, 44.80633], [20.37211, 44.80626], [20.37169, 44.80605], [20.37147, 44.80602], [20.37133, 44.80593], [20.37102, 44.80582], [20.36861, 44.8048], [20.36789, 44.80453], [20.36684, 44.80405], [20.36652, 44.80393], [20.36626, 44.80391], [20.36602, 44.80383], [20.36593, 44.80362], [20.36605, 44.80343], [20.36603, 44.80336], [20.36573, 44.80337], [20.36495, 44.80301], [20.36457, 44.80288], [20.36365, 44.80249], [20.36321, 44.80223], [20.36291, 44.80211], [20.3625, 44.80175], [20.36224, 44.80146], [20.36188, 44.80098], [20.36163, 44.80042], [20.36128, 44.79886], [20.36098, 44.79813], [20.36063, 44.79757], [20.36033, 44.7972], [20.35962, 44.79657], [20.35914, 44.79624], [20.35834, 44.7958], [20.35704, 44.79518], [20.35514, 44.7942], [20.35427, 44.79378], [20.35391, 44.79357], [20.35317, 44.79324], [20.35236, 44.79283]]}, "properties": {"id": 19841768291, "name": "Almost expo", "sport": "Ride", "date": "2026-08-21", "distance_km": 15.58, "moving_time_s": 2441, "elev_gain_m": 14, "avg_speed_kmh": 23.0, "avg_hr": null}}, {"type": "Feature", "geometry": {"type": "LineString", "coordinates": [[20.50419, 44.69238], [20.50424, 44.69234], [20.50434, 44.69232], [20.5045, 44.6922], [20.50479, 44.69209], [20.50483, 44.69207], [20.50483, 44.69204], [20.50486, 44.69202], [20.50491, 44.69202], [20.50495, 44.69198], [20.50494, 44.69189], [20.50498, 44.6918], [20.50498, 44.69175], [20.50493, 44.69166], [20.50484, 44.69158], [20.5048, 44.69149], [20.50478, 44.69131], [20.50472, 44.69113], [20.50479, 44.691], [20.5048, 44.69095], [20.50488, 44.6908], [20.50497, 44.69073], [20.50496, 44.69069], [20.505, 44.69062], [20.50508, 44.69052], [20.50511, 44.69042], [20.50521, 44.69032], [20.50523, 44.69026], [20.5053, 44.69018], [20.50531, 44.6901], [20.50539, 44.68995], [20.50556, 44.68982], [20.5057, 44.68977], [20.50576, 44.6897], [20.50593, 44.6896], [20.50625, 44.68947], [20.50634, 44.68945], [20.50644, 44.68939], [20.50658, 44.68935], [20.50664, 44.68922], [20.50663, 44.68919], [20.50664, 44.68917], [20.50663, 44.6891], [20.50657, 44.68902], [20.50652, 44.68886], [20.50653, 44.68879], [20.50655, 44.68874], [20.50654, 44.68865], [20.50656, 44.68859], [20.50667, 44.68846], [20.50669, 44.68841], [20.50675, 44.68833], [20.50684, 44.68827], [20.50687, 44.68823], [20.5069, 44.68811], [20.50707, 44.688], [20.50713, 44.68792], [20.50725, 44.68781], [20.50743, 44.68771], [20.50757, 44.68761], [20.50789, 44.68752], [20.50801, 44.68741], [20.50826, 44.68731], [20.5083, 44.68727], [20.50848, 44.68719], [20.50857, 44.68713], [20.50867, 44.68708], [20.50891, 44.68701], [20.50911, 44.68697], [20.50936, 44.68695], [20.50957, 44.68697], [20.50977, 44.68706], [20.50993, 44.68707], [20.51012, 44.68712], [20.51022, 44.68717], [20.51034, 44.68718], [20.51042, 44.68723], [20.51058, 44.68728], [20.51079, 44.68729], [20.51086, 44.68732], [20.51097, 44.68732], [20.51104, 44.68735], [20.51117, 44.68733], [20.51126, 44.68728], [20.5114, 44.68714], [20.51139, 44.68713], [20.51146, 44.68701], [20.51148, 44.68692], [20.51147, 44.68668], [20.51151, 44.68662], [20.5115, 44.68657], [20.51152, 44.68652], [20.51151, 44.68644], [20.51161, 44.68628], [20.51166, 44.68623], [20.51171, 44.6861], [20.51183, 44.68602], [20.51205, 44.68592], [20.51238, 44.6859], [20.51265, 44.68587], [20.51292, 44.68594], [20.51313, 44.68603], [20.51331, 44.68607], [20.51347, 44.68604], [20.51367, 44.68605], [20.51373, 44.68607], [20.51378, 44.68605], [20.51385, 44.68605], [20.5142, 44.68598], [20.51444, 44.68588], [20.51468, 44.68584], [20.51484, 44.68579], [20.51498, 44.68573], [20.51504, 44.68572], [20.51511, 44.68569], [20.51515, 44.68563], [20.5152, 44.68562], [20.51526, 44.68557], [20.51535, 44.68555], [20.51566, 44.68537], [20.5158, 44.68534], [20.5159, 44.68528], [20.51608, 44.68524], [20.51618, 44.6852], [20.51651, 44.68518], [20.5166, 44.68519], [20.51666, 44.68517], [20.51685, 44.68519], [20.517, 44.68519], [20.51719, 44.68525], [20.51731, 44.68531], [20.5174, 44.68537], [20.51744, 44.68542], [20.51752, 44.68546], [20.51767, 44.68562], [20.51776, 44.68568], [20.5178, 44.68573], [20.5178, 44.68578], [20.51789, 44.68585], [20.51792, 44.68592], [20.51796, 44.68596], [20.51796, 44.68603], [20.51804, 44.6861], [20.51812, 44.68613], [20.51821, 44.6862], [20.51846, 44.68629], [20.51858, 44.68643], [20.51867, 44.68648], [20.51878, 44.68658], [20.51878, 44.68663], [20.51896, 44.68679], [20.5191, 44.68687], [20.51927, 44.68689], [20.51945, 44.68687], [20.51951, 44.68684], [20.51955, 44.68684], [20.51969, 44.68679], [20.51985, 44.68677], [20.52016, 44.68667], [20.52045, 44.68666], [20.52063, 44.68669], [20.52092, 44.68678], [20.52104, 44.68688], [20.52114, 44.68693], [20.52129, 44.68708], [20.52133, 44.68716], [20.52138, 44.68721], [20.52142, 44.68735], [20.52141, 44.68741], [20.52143, 44.68746], [20.52142, 44.68755], [20.52137, 44.68759], [20.52137, 44.68762], [20.52141, 44.68771], [20.52142, 44.68777], [20.5214, 44.68782], [20.52136, 44.68788], [20.52134, 44.68804], [20.52129, 44.68816], [20.52133, 44.68823], [20.52133, 44.68826], [20.52128, 44.68833], [20.52126, 44.68844], [20.52119, 44.68847], [20.52112, 44.68855], [20.52101, 44.6888], [20.52097, 44.68884], [20.52085, 44.68894], [20.52079, 44.68904], [20.52077, 44.68904], [20.52076, 44.68918], [20.52063, 44.68956], [20.52065, 44.68962], [20.52062, 44.68969], [20.52062, 44.68974], [20.52066, 44.6898], [20.52066, 44.68987], [20.52074, 44.68999], [20.52077, 44.69015], [20.52076, 44.69019], [20.5207, 44.69024], [20.52052, 44.6903], [20.52044, 44.69031], [20.52037, 44.69028], [20.52034, 44.69018], [20.52039, 44.69002], [20.52047, 44.68992], [20.52049, 44.68982], [20.52049, 44.68977], [20.52042, 44.68958], [20.52042, 44.68945], [20.52039, 44.68928], [20.52039, 44.68915], [20.52043, 44.68915], [20.52042, 44.68913], [20.52045, 44.689], [20.52049, 44.68892], [20.52049, 44.68881], [20.52055, 44.68867], [20.52058, 44.68846], [20.52061, 44.68844], [20.52064, 44.68829], [20.5206, 44.68817], [20.52064, 44.68806], [20.52063, 44.68802], [20.52052, 44.68788], [20.52049, 44.68778], [20.52045, 44.68774], [20.52025, 44.68762], [20.52014, 44.68761], [20.51985, 44.68766], [20.51965, 44.68766], [20.51952, 44.68767], [20.51948, 44.68768], [20.51946, 44.68769], [20.51936, 44.68769], [20.51925, 44.68772], [20.51893, 44.68777], [20.51881, 44.68774], [20.51863, 44.68772], [20.51857, 44.68769], [20.51848, 44.68771], [20.51831, 44.68763], [20.51809, 44.68755], [20.51804, 44.68752], [20.51789, 44.68737], [20.51772, 44.6873], [20.51761, 44.68722], [20.51746, 44.68719], [20.51737, 44.68716], [20.51708, 44.68715], [20.51681, 44.68718], [20.51648, 44.68728], [20.51635, 44.68735], [20.51606, 44.68746], [20.51594, 44.68749], [20.51584, 44.68756], [20.51549, 44.68767], [20.51539, 44.68773], [20.5148, 44.68798], [20.51465, 44.68807], [20.51449, 44.68829], [20.51448, 44.68834], [20.51449, 44.68844], [20.51447, 44.68863], [20.51449, 44.68869], [20.51443, 44.68883], [20.51433, 44.68895], [20.51432, 44.68899], [20.51419, 44.68911], [20.51409, 44.68913], [20.51397, 44.68921], [20.51373, 44.68931], [20.5135, 44.68937], [20.5133, 44.68944], [20.51323, 44.68944], [20.51282, 44.68961], [20.51272, 44.68962], [20.51248, 44.68972], [20.51237, 44.6898], [20.51231, 44.68982], [20.51227, 44.68991], [20.51216, 44.68999], [20.51213, 44.69009], [20.51206, 44.69015], [20.51203, 44.69027], [20.51201, 44.69031], [20.51203, 44.6905], [20.512, 44.69055], [20.51205, 44.69064], [20.51208, 44.69075], [20.51214, 44.69081], [20.51223, 44.69085], [20.51232, 44.69097], [20.51241, 44.69105], [20.51251, 44.69116], [20.51261, 44.69121], [20.51273, 44.69135], [20.51288, 44.69143], [20.51302, 44.69156], [20.51311, 44.6916], [20.5132, 44.69161], [20.51343, 44.69173], [20.5136, 44.69177], [20.51378, 44.69186], [20.51384, 44.6919], [20.51388, 44.69195], [20.51389, 44.69201], [20.51387, 44.69209], [20.51382, 44.69216], [20.51374, 44.69221], [20.51363, 44.69224], [20.5134, 44.69224], [20.5129, 44.6921], [20.51257, 44.69197], [20.5125, 44.69191], [20.51238, 44.69176], [20.51233, 44.69166], [20.51226, 44.69164], [20.51223, 44.69166], [20.51227, 44.69181], [20.51244, 44.6921], [20.51252, 44.69233], [20.51258, 44.69261], [20.51292, 44.69339], [20.51297, 44.69352], [20.513, 44.69365], [20.513, 44.69405], [20.51292, 44.69447], [20.51291, 44.69474], [20.51292, 44.69487], [20.51306, 44.69513], [20.51318, 44.69524], [20.51335, 44.69531], [20.51429, 44.69552], [20.51454, 44.69559], [20.51466, 44.69564], [20.51533, 44.69601], [20.51578, 44.69633], [20.51598, 44.69653], [20.51605, 44.69663], [20.51611, 44.69675], [20.51612, 44.69686], [20.51607, 44.69698], [20.51598, 44.69707], [20.51587, 44.69714], [20.51584, 44.69722], [20.51584, 44.69729], [20.51591, 44.69735], [20.51601, 44.69734], [20.51617, 44.69725], [20.5164, 44.6971], [20.51682, 44.69675], [20.51692, 44.69665], [20.51699, 44.69654], [20.51695, 44.69629], [20.51689, 44.69617], [20.51664, 44.69599], [20.51656, 44.69595], [20.5165, 44.69589], [20.51651, 44.69586], [20.51655, 44.69584], [20.51668, 44.69586], [20.51698, 44.69601], [20.51756, 44.69626], [20.51793, 44.69638], [20.51815, 44.69652], [20.51837, 44.6967], [20.51867, 44.697], [20.51882, 44.69722], [20.51885, 44.69734], [20.51886, 44.69747], [20.51884, 44.69759], [20.51878, 44.69769], [20.51866, 44.69779], [20.5185, 44.69785], [20.51821, 44.69792], [20.51812, 44.69796], [20.51809, 44.69804], [20.5181, 44.6981], [20.51815, 44.69815], [20.51834, 44.69826], [20.51846, 44.69825], [20.51965, 44.69806], [20.51998, 44.69798], [20.52033, 44.69786], [20.52061, 44.69773], [20.52072, 44.69764], [20.52078, 44.69754], [20.5208, 44.69731], [20.52083, 44.69723], [20.52089, 44.69715], [20.52099, 44.69712], [20.52114, 44.69718], [20.52115, 44.69721], [20.52113, 44.69726], [20.52118, 44.69744], [20.52118, 44.69755], [20.52106, 44.69781], [20.521, 44.69787], [20.5209, 44.69795], [20.52059, 44.69807], [20.51984, 44.69854], [20.51919, 44.69884], [20.51874, 44.69901], [20.51858, 44.69905], [20.51697, 44.69916], [20.51672, 44.69922], [20.51636, 44.69933], [20.5157, 44.69945], [20.5152, 44.69948], [20.51464, 44.69945], [20.51426, 44.69934], [20.51382, 44.69934], [20.51344, 44.69927], [20.51316, 44.69916], [20.51292, 44.69903], [20.51264, 44.69879], [20.51247, 44.69853], [20.51241, 44.69849], [20.51231, 44.69846], [20.51221, 44.69847], [20.51213, 44.69851], [20.51162, 44.6988], [20.51121, 44.69896], [20.51108, 44.69899], [20.51096, 44.699], [20.5106, 44.69893], [20.51037, 44.69884], [20.51027, 44.69876], [20.51005, 44.69864], [20.50994, 44.69865], [20.50993, 44.69871], [20.51004, 44.6988], [20.51013, 44.69884], [20.5104, 44.6989], [20.51064, 44.69902], [20.51091, 44.69911], [20.51097, 44.69915], [20.51097, 44.69919], [20.51094, 44.69923], [20.51086, 44.69927], [20.51071, 44.69931], [20.51058, 44.69934], [20.51027, 44.69935], [20.51023, 44.69934], [20.51023, 44.69931], [20.51027, 44.69928], [20.51027, 44.69926], [20.51018, 44.69926], [20.50988, 44.69923], [20.50972, 44.69919], [20.50965, 44.69915]]}, "properties": {"id": 19822025468, "name": "Brza Avala", "sport": "Ride", "date": "2026-08-20", "distance_km": 7.58, "moving_time_s": 1604, "elev_gain_m": 210, "avg_speed_kmh": 17.0, "avg_hr": null}}, {"type": "Feature", "geometry": {"type": "LineString", "coordinates": [[20.39681, 44.84268], [20.39717, 44.84338], [20.39751, 44.84376], [20.39777, 44.8438], [20.39895, 44.84359], [20.39927, 44.84347], [20.39945, 44.84355], [20.39999, 44.84419], [20.40107, 44.84576], [20.40121, 44.84583], [20.40163, 44.84643], [20.40367, 44.84881], [20.40514, 44.84827], [20.40777, 44.84671], [20.40933, 44.84619], [20.41128, 44.84448], [20.41248, 44.84302], [20.41266, 44.84323], [20.41308, 44.84348], [20.41403, 44.84381], [20.41359, 44.84428], [20.41591, 44.84551], [20.41635, 44.84488], [20.41686, 44.84404], [20.41771, 44.84222], [20.41821, 44.84039], [20.41818, 44.84034], [20.41796, 44.84033], [20.41884, 44.83713], [20.41899, 44.8369], [20.41984, 44.83325], [20.42056, 44.83103], [20.42132, 44.82933], [20.42204, 44.82803], [20.42223, 44.82732], [20.42231, 44.8265], [20.42251, 44.82609], [20.42341, 44.82526], [20.42475, 44.8243], [20.42528, 44.82412], [20.42729, 44.82287], [20.42923, 44.82199], [20.43124, 44.82169], [20.4339, 44.82155], [20.43481, 44.82157], [20.43508, 44.82148], [20.43535, 44.82118], [20.43557, 44.8211], [20.43576, 44.8211], [20.43634, 44.82129], [20.43743, 44.82139], [20.43865, 44.82168], [20.43925, 44.82166], [20.43968, 44.82152], [20.43969, 44.82142], [20.43838, 44.81908], [20.43726, 44.8179], [20.43754, 44.81769], [20.43753, 44.81764], [20.43731, 44.81752], [20.437, 44.81757], [20.43682, 44.81752], [20.43611, 44.81658], [20.43464, 44.81499], [20.43499, 44.81486], [20.43678, 44.81459], [20.43845, 44.8145], [20.43854, 44.81437], [20.43842, 44.81419], [20.43823, 44.81417], [20.43677, 44.81423], [20.43607, 44.81438], [20.43561, 44.81432], [20.4348, 44.81455], [20.43476, 44.8146], [20.43475, 44.81456], [20.43474, 44.81462], [20.43476, 44.81457], [20.43425, 44.81471], [20.43324, 44.81344], [20.43127, 44.81133], [20.4297, 44.80952], [20.42782, 44.80752], [20.42612, 44.80564], [20.42596, 44.80556], [20.42226, 44.80733], [20.42017, 44.80824], [20.4199, 44.8083], [20.41947, 44.80857], [20.41594, 44.81019], [20.41544, 44.81017], [20.4153, 44.8101], [20.41411, 44.80875], [20.41387, 44.80861], [20.41338, 44.80804], [20.4125, 44.80743], [20.41167, 44.80705], [20.41094, 44.80682], [20.40942, 44.80667], [20.40819, 44.80682], [20.40734, 44.80703], [20.40632, 44.80747], [20.40533, 44.8078], [20.40376, 44.80855], [20.40107, 44.80965], [20.40059, 44.80989], [20.4004, 44.80992], [20.40006, 44.80987], [20.3999, 44.80977], [20.39919, 44.80847], [20.39901, 44.80783], [20.39894, 44.80711], [20.39925, 44.80484], [20.39914, 44.80419], [20.39939, 44.80292], [20.40003, 44.79754], [20.40009, 44.79724], [20.40021, 44.79714], [20.4002, 44.79684], [20.39741, 44.79648], [20.39013, 44.79607], [20.38796, 44.7958], [20.38633, 44.7955], [20.3834, 44.79474], [20.38235, 44.79442], [20.37986, 44.79345], [20.37545, 44.7914], [20.37564, 44.79153], [20.37821, 44.79271], [20.38045, 44.79369], [20.38154, 44.79411], [20.38361, 44.7948], [20.3865, 44.79553], [20.3885, 44.79588], [20.39006, 44.79606], [20.39712, 44.79648], [20.39863, 44.79661], [20.40011, 44.7968], [20.40005, 44.79684], [20.40013, 44.79677], [20.40063, 44.79685], [20.40056, 44.79724], [20.40059, 44.79746], [20.40043, 44.79786], [20.3997, 44.80428], [20.39958, 44.80438], [20.39921, 44.80433], [20.39919, 44.80473], [20.39904, 44.80483], [20.39889, 44.80698], [20.39904, 44.80815], [20.39941, 44.80906], [20.39986, 44.80984], [20.40029, 44.81033], [20.40072, 44.8107], [20.4025, 44.81277], [20.40271, 44.81278], [20.40294, 44.81267], [20.40294, 44.8126], [20.40302, 44.81267], [20.40334, 44.81296], [20.40379, 44.81358], [20.40457, 44.81441], [20.4049, 44.81467], [20.40495, 44.81483], [20.40526, 44.8151], [20.40537, 44.81509], [20.40557, 44.81494], [20.40876, 44.81349], [20.40919, 44.81321], [20.40958, 44.81314], [20.41481, 44.8107], [20.41548, 44.81033], [20.41606, 44.81017], [20.41988, 44.80833], [20.42458, 44.80625], [20.42596, 44.80558], [20.42613, 44.80563], [20.42631, 44.80577], [20.42779, 44.8074], [20.42954, 44.80937], [20.4299, 44.80969], [20.43385, 44.81413], [20.4334, 44.81366], [20.43329, 44.81364], [20.4334, 44.81366], [20.43433, 44.81468], [20.43442, 44.8147], [20.43501, 44.81447], [20.43573, 44.81431], [20.43606, 44.81438], [20.43693, 44.81421], [20.43839, 44.81419], [20.43851, 44.81423], [20.43859, 44.81458], [20.43892, 44.81475], [20.43902, 44.81487], [20.43933, 44.81497], [20.43922, 44.8158], [20.43874, 44.8167], [20.438, 44.81743], [20.43709, 44.81792], [20.43727, 44.8179], [20.43741, 44.818], [20.43733, 44.81801], [20.43805, 44.81873], [20.43856, 44.81939], [20.43965, 44.82152], [20.43948, 44.82166], [20.43946, 44.82161], [20.43905, 44.82166], [20.43946, 44.82162], [20.43948, 44.82171], [20.43948, 44.82161], [20.4395, 44.82168], [20.43925, 44.82163], [20.43887, 44.82169], [20.43849, 44.82167], [20.43738, 44.82138], [20.43626, 44.8213], [20.43536, 44.82111], [20.43511, 44.82122], [20.43494, 44.82152], [20.43464, 44.82161], [20.4337, 44.82157], [20.43094, 44.82171], [20.42907, 44.82204], [20.42799, 44.82261], [20.4271, 44.82295], [20.4251, 44.82421], [20.42457, 44.82437], [20.42327, 44.82536], [20.42252, 44.82611], [20.42226, 44.82658], [20.4222, 44.82738], [20.42202, 44.82808], [20.4213, 44.82934], [20.4204, 44.83145], [20.41982, 44.83333], [20.41897, 44.83675], [20.41864, 44.83665], [20.41857, 44.83661], [20.4187, 44.83655], [20.41868, 44.83663], [20.41865, 44.83663], [20.41866, 44.83655], [20.41857, 44.83655], [20.41867, 44.8366], [20.4187, 44.83655], [20.41859, 44.83658], [20.41864, 44.83655], [20.41874, 44.83663], [20.41879, 44.8366], [20.41867, 44.8366], [20.41896, 44.83688], [20.41912, 44.83727], [20.41769, 44.84226], [20.41698, 44.84376], [20.41631, 44.84495], [20.41536, 44.84616], [20.41521, 44.84619], [20.41481, 44.84607], [20.41276, 44.84518], [20.41131, 44.84466], [20.41125, 44.84469], [20.41123, 44.84456], [20.41157, 44.84396], [20.41187, 44.8437], [20.41147, 44.84357], [20.41105, 44.8432], [20.41044, 44.84284], [20.41083, 44.84233], [20.40925, 44.84181], [20.40904, 44.84179], [20.40845, 44.84191], [20.40813, 44.84186], [20.40682, 44.84124], [20.40656, 44.84105], [20.40638, 44.84113], [20.40427, 44.8432], [20.40262, 44.84528], [20.40116, 44.84588], [20.40104, 44.84582], [20.401, 44.84576], [20.40218, 44.84536], [20.40281, 44.84506], [20.4033, 44.84428], [20.40399, 44.8434], [20.40507, 44.84233], [20.40507, 44.84243], [20.40424, 44.8432], [20.40377, 44.84374], [20.40274, 44.84515], [20.40245, 44.84534], [20.40124, 44.8458], [20.40114, 44.84589], [20.40111, 44.84579], [20.40122, 44.84571], [20.40246, 44.84525], [20.40276, 44.84508], [20.40346, 44.84404], [20.40505, 44.84234], [20.40506, 44.84241], [20.40457, 44.84294], [20.40394, 44.84352], [20.4027, 44.8452], [20.40239, 44.84538], [20.40115, 44.84586], [20.40064, 44.84599], [20.40056, 44.84596], [20.40061, 44.8459], [20.40068, 44.84591], [20.4006, 44.84587], [20.40068, 44.84588], [20.40067, 44.84593], [20.40141, 44.84561], [20.40222, 44.84535], [20.40272, 44.84505], [20.40317, 44.84439], [20.40409, 44.84331], [20.40513, 44.84224], [20.40512, 44.84238], [20.40459, 44.84283], [20.40459, 44.84292], [20.40404, 44.84345], [20.40271, 44.84516], [20.40234, 44.84536], [20.40093, 44.84589], [20.40096, 44.84593], [20.40081, 44.84594], [20.39676, 44.84739], [20.39657, 44.84738], [20.3964, 44.84727], [20.39606, 44.84651], [20.39487, 44.84448], [20.39354, 44.84251], [20.39314, 44.84122], [20.39301, 44.8411], [20.39238, 44.84107], [20.39171, 44.84113], [20.38514, 44.84205], [20.38046, 44.84262], [20.37977, 44.84277], [20.37854, 44.84339], [20.37695, 44.8373], [20.37665, 44.83651], [20.37671, 44.83633], [20.37691, 44.83627], [20.37954, 44.83602], [20.38237, 44.83558], [20.3828, 44.83558], [20.38295, 44.8357], [20.38308, 44.83597], [20.38357, 44.8374], [20.38359, 44.83844], [20.38376, 44.83897]]}, "properties": {"id": 19785562252, "name": "U\u017eivanje, lepinja i pola Avale", "sport": "Ride", "date": "2026-08-17", "distance_km": 37.81, "moving_time_s": 7971, "elev_gain_m": 133, "avg_speed_kmh": 17.1, "avg_hr": null}}, {"type": "Feature", "geometry": {"type": "LineString", "coordinates": [[20.39761, 44.84373], [20.3977, 44.84373], [20.39867, 44.8436], [20.39906, 44.84352], [20.39919, 44.84346], [20.39936, 44.8435], [20.39956, 44.84367], [20.39966, 44.84381], [20.3999, 44.84409], [20.40021, 44.84456], [20.40095, 44.84555], [20.40104, 44.84575], [20.40229, 44.84718], [20.40349, 44.84864], [20.40357, 44.84883], [20.40354, 44.84892], [20.40346, 44.84895], [20.40339, 44.84903], [20.40361, 44.84942], [20.40368, 44.84948], [20.4038, 44.8495], [20.40462, 44.8495], [20.405, 44.84953], [20.40603, 44.84957], [20.40673, 44.84952], [20.40731, 44.84942], [20.40981, 44.84933], [20.41012, 44.84929], [20.41052, 44.84906], [20.41079, 44.84885], [20.41107, 44.8486], [20.41141, 44.84835], [20.41155, 44.84829], [20.41154, 44.84834], [20.41152, 44.84833], [20.41154, 44.84832], [20.41155, 44.84834], [20.41158, 44.84832], [20.41158, 44.84836], [20.41156, 44.84836], [20.41156, 44.84834], [20.41164, 44.84827], [20.41196, 44.84811], [20.41218, 44.84791], [20.41226, 44.84781], [20.41284, 44.84675], [20.41292, 44.84673], [20.41313, 44.84677], [20.41317, 44.8468], [20.41311, 44.84681], [20.41294, 44.84681], [20.41289, 44.84681], [20.41286, 44.84677], [20.41303, 44.84656], [20.41325, 44.84614], [20.41345, 44.84591], [20.41346, 44.84573], [20.41319, 44.84528], [20.41297, 44.84519], [20.41294, 44.84516], [20.41312, 44.8449], [20.41324, 44.84464], [20.41348, 44.8443], [20.41358, 44.84422], [20.41357, 44.84426], [20.4135, 44.84432], [20.41356, 44.84425], [20.41357, 44.8442], [20.41356, 44.84426], [20.4136, 44.84425], [20.4136, 44.84427], [20.41365, 44.84428], [20.41354, 44.84425], [20.41356, 44.84429], [20.41356, 44.84426], [20.4136, 44.84426], [20.41355, 44.84432], [20.41359, 44.84426], [20.41357, 44.84425], [20.41361, 44.84426], [20.41356, 44.84415], [20.41358, 44.84414], [20.41365, 44.84411], [20.41374, 44.84417], [20.41397, 44.844], [20.41409, 44.84393], [20.41416, 44.84394], [20.41446, 44.84406], [20.41494, 44.84432], [20.41558, 44.84476], [20.41585, 44.84485], [20.41584, 44.84483], [20.41603, 44.84478], [20.4162, 44.84487], [20.41628, 44.84488], [20.41633, 44.84487], [20.41639, 44.84482], [20.41683, 44.84411], [20.41748, 44.8427], [20.41756, 44.84244], [20.41769, 44.84227], [20.41801, 44.84128], [20.41813, 44.84074], [20.41823, 44.8405], [20.41845, 44.83973], [20.41846, 44.83953], [20.41854, 44.83935], [20.41866, 44.83896], [20.41889, 44.83801], [20.41907, 44.83745], [20.41911, 44.83715], [20.41898, 44.83691], [20.41897, 44.83683], [20.41901, 44.83659], [20.41903, 44.83661], [20.41908, 44.8366], [20.41899, 44.83658], [20.41906, 44.8366], [20.41907, 44.83662], [20.41901, 44.83662], [20.41904, 44.83662], [20.4191, 44.83642], [20.41912, 44.83644], [20.41914, 44.8364], [20.41912, 44.83639], [20.41909, 44.83643], [20.41918, 44.83614], [20.41959, 44.83445], [20.41968, 44.83392], [20.41989, 44.83313], [20.4203, 44.83188], [20.42059, 44.83107], [20.42089, 44.83039], [20.42093, 44.83021], [20.42108, 44.82987], [20.4215, 44.82903], [20.42193, 44.82829], [20.42202, 44.82806], [20.42218, 44.8275], [20.42225, 44.82689], [20.42236, 44.82643], [20.42254, 44.82611], [20.42316, 44.82547], [20.42357, 44.82513], [20.42398, 44.82486], [20.42415, 44.82473], [20.42454, 44.8245], [20.42471, 44.82434], [20.42482, 44.82429], [20.42505, 44.82427], [20.42518, 44.82423], [20.42539, 44.82405], [20.42608, 44.82364], [20.42658, 44.82331], [20.42698, 44.82309], [20.42721, 44.82293], [20.42746, 44.82283], [20.42775, 44.82276], [20.42787, 44.82269], [20.42829, 44.82251], [20.42879, 44.8222], [20.42909, 44.82206], [20.42925, 44.82201], [20.42983, 44.82192], [20.43048, 44.82179], [20.43118, 44.82171], [20.4314, 44.82167], [20.43151, 44.82166], [20.43155, 44.82168], [20.43178, 44.82169], [20.43211, 44.82163], [20.43237, 44.82165], [20.4327, 44.8216], [20.4329, 44.82161], [20.43323, 44.8216], [20.43402, 44.82155], [20.43464, 44.82161], [20.43484, 44.82157], [20.43503, 44.82146], [20.43516, 44.82126], [20.43522, 44.82121], [20.43544, 44.82113], [20.43553, 44.82112], [20.43567, 44.82113], [20.4359, 44.82123], [20.43612, 44.82128], [20.43638, 44.8213], [20.43664, 44.82135], [20.43696, 44.82135], [20.43732, 44.8214], [20.4384, 44.82166], [20.43878, 44.82169], [20.43926, 44.82167], [20.43944, 44.82165], [20.4394, 44.82163], [20.43945, 44.82162], [20.43945, 44.82165], [20.43944, 44.82163], [20.43944, 44.82165], [20.43942, 44.82164], [20.43939, 44.82167], [20.43943, 44.82163], [20.43941, 44.82162], [20.43941, 44.82164], [20.43946, 44.82163], [20.43941, 44.82163], [20.43941, 44.82161], [20.43943, 44.82162], [20.4394, 44.82165], [20.43923, 44.82163], [20.43884, 44.82168], [20.43845, 44.82166], [20.43809, 44.82158], [20.43748, 44.82141], [20.43722, 44.82136], [20.43696, 44.82134], [20.43658, 44.82133], [20.43608, 44.82127], [20.43587, 44.82123], [20.43563, 44.82115], [20.43549, 44.82113], [20.4354, 44.82114], [20.4352, 44.82121], [20.43512, 44.82128], [20.43498, 44.82149], [20.43482, 44.82157], [20.43468, 44.8216], [20.43385, 44.82155], [20.43126, 44.82171], [20.43061, 44.82177], [20.42915, 44.82204], [20.42905, 44.82207], [20.42871, 44.82224], [20.42814, 44.82256], [20.42762, 44.82279], [20.42711, 44.82297], [20.42686, 44.82318], [20.42646, 44.82338], [20.42579, 44.82382], [20.42546, 44.82399], [20.42517, 44.82421], [20.425, 44.82428], [20.42464, 44.82437], [20.4244, 44.82458], [20.42412, 44.82474], [20.4239, 44.8249], [20.42318, 44.82545], [20.42282, 44.82579], [20.42251, 44.82617], [20.42232, 44.82648], [20.42225, 44.82676], [20.42221, 44.82739], [20.42203, 44.82809], [20.42189, 44.82838], [20.4214, 44.82918], [20.421, 44.83007], [20.42092, 44.83021], [20.42088, 44.83039], [20.42059, 44.83102], [20.4203, 44.83185], [20.42026, 44.83202], [20.4201, 44.83237], [20.41997, 44.8329], [20.41985, 44.83307], [20.41977, 44.83365], [20.41968, 44.8339], [20.41956, 44.83445], [20.41939, 44.83486], [20.4194, 44.83501], [20.41935, 44.83514], [20.41922, 44.83584], [20.41916, 44.83602], [20.4191, 44.83639], [20.41902, 44.83663], [20.41899, 44.83697], [20.41912, 44.83724], [20.4191, 44.83741], [20.41901, 44.83776], [20.41882, 44.83828], [20.41865, 44.83898], [20.41851, 44.83932], [20.41817, 44.84067], [20.41777, 44.84201], [20.41767, 44.84229], [20.41756, 44.84244], [20.41741, 44.84271], [20.41719, 44.84325], [20.417, 44.84356], [20.41678, 44.84403], [20.41635, 44.84476], [20.41622, 44.84501], [20.41608, 44.84519], [20.41581, 44.84561], [20.41569, 44.84584], [20.4156, 44.84591], [20.4154, 44.84616], [20.41533, 44.8462], [20.41524, 44.84621], [20.41511, 44.84612], [20.41504, 44.8461], [20.41484, 44.84608], [20.41464, 44.8459], [20.41447, 44.84586], [20.41425, 44.84576], [20.41378, 44.84552], [20.41346, 44.84548], [20.41329, 44.84541], [20.41309, 44.8453], [20.41308, 44.84527], [20.41306, 44.84529], [20.41309, 44.84534], [20.41345, 44.84434], [20.41327, 44.84475], [20.41304, 44.84511], [20.41296, 44.84518], [20.41292, 44.8452], [20.41286, 44.84519], [20.41271, 44.84511], [20.41243, 44.84501], [20.41219, 44.84498], [20.41128, 44.84462], [20.41121, 44.84463], [20.41114, 44.84468], [20.41079, 44.84501], [20.41011, 44.84555], [20.40995, 44.84561], [20.40977, 44.84561], [20.40956, 44.84541], [20.40934, 44.84523], [20.40766, 44.84401], [20.40633, 44.84298], [20.40572, 44.84248], [20.40543, 44.84232], [20.40526, 44.84227], [20.40514, 44.84229], [20.40509, 44.84233], [20.40434, 44.84313], [20.40373, 44.84385], [20.40336, 44.84435], [20.40304, 44.84471], [20.40285, 44.84499], [20.40267, 44.84522], [20.40254, 44.84531], [20.40228, 44.84543], [20.40155, 44.84564], [20.40115, 44.84577], [20.40102, 44.84579], [20.40095, 44.84579], [20.4009, 44.84575], [20.40085, 44.84562], [20.40062, 44.84525], [20.39992, 44.8442], [20.39964, 44.84385], [20.39928, 44.84348], [20.39913, 44.84339], [20.39903, 44.84336], [20.39883, 44.84337], [20.398, 44.84363], [20.39769, 44.84374], [20.39758, 44.84377], [20.39737, 44.84377], [20.39729, 44.84374], [20.39723, 44.84369], [20.39714, 44.84353], [20.39675, 44.84265]]}, "properties": {"id": 19777893333, "name": "Woohoo", "sport": "Ride", "date": "2026-08-17", "distance_km": 12.63, "moving_time_s": 3171, "elev_gain_m": 39, "avg_speed_kmh": 14.3, "avg_hr": null}}, {"type": "Feature", "geometry": {"type": "LineString", "coordinates": [[20.3968, 44.84262], [20.39717, 44.84335], [20.39735, 44.84359], [20.39752, 44.8437], [20.39771, 44.84373], [20.39865, 44.84362], [20.3992, 44.84348], [20.39934, 44.84348], [20.39942, 44.84352], [20.39999, 44.84416], [20.4007, 44.84521], [20.40146, 44.84622], [20.40215, 44.84699], [20.40357, 44.8487], [20.40367, 44.84876], [20.40453, 44.84852], [20.40495, 44.84836], [20.40548, 44.84809], [20.40771, 44.84676], [20.40816, 44.84655], [20.40926, 44.84622], [20.40957, 44.84591], [20.41123, 44.84451], [20.41179, 44.84387], [20.4124, 44.84325], [20.41252, 44.84319], [20.41276, 44.84322], [20.41378, 44.84365], [20.41394, 44.84375], [20.41404, 44.84391], [20.41442, 44.84404], [20.41508, 44.84439], [20.4153, 44.84457], [20.4157, 44.84479], [20.4158, 44.84482], [20.41603, 44.84481], [20.41622, 44.84487], [20.41629, 44.84487], [20.41639, 44.84479], [20.41649, 44.84455], [20.41675, 44.84423], [20.41698, 44.84369], [20.41709, 44.84357], [20.41718, 44.84327], [20.41729, 44.84315], [20.41732, 44.84299], [20.41758, 44.84248], [20.41771, 44.84216], [20.4179, 44.84141], [20.41819, 44.84057], [20.41819, 44.84042], [20.41835, 44.84015], [20.41834, 44.83998], [20.41846, 44.83965], [20.41847, 44.83944], [20.41861, 44.83915], [20.41883, 44.83816], [20.41901, 44.83752], [20.41912, 44.83727], [20.41913, 44.83712], [20.41897, 44.8369], [20.41903, 44.83675], [20.419, 44.83668], [20.41911, 44.83642], [20.41944, 44.83489], [20.41955, 44.83461], [20.41954, 44.83445], [20.41986, 44.83315], [20.42004, 44.8327], [20.4201, 44.83242], [20.4202, 44.83226], [20.42046, 44.83133], [20.4207, 44.83071], [20.42085, 44.83047], [20.42104, 44.8299], [20.42205, 44.82801], [20.4222, 44.8274], [20.42232, 44.82648], [20.42242, 44.82627], [20.42288, 44.82574], [20.42325, 44.82539], [20.42468, 44.82432], [20.42519, 44.82419], [20.42622, 44.82352], [20.42686, 44.82317], [20.42724, 44.8229], [20.42768, 44.82277], [20.42918, 44.82202], [20.43045, 44.82178], [20.43112, 44.82171], [20.43386, 44.82155], [20.43473, 44.82159], [20.43487, 44.82155], [20.43502, 44.82146], [20.43521, 44.82119], [20.43536, 44.82113], [20.43555, 44.82111], [20.43611, 44.82126], [20.43705, 44.82134], [20.43738, 44.82139], [20.43792, 44.82154], [20.43862, 44.82168], [20.4391, 44.82167], [20.43963, 44.82153], [20.43966, 44.82147], [20.43843, 44.81917], [20.43796, 44.81861], [20.43725, 44.81789], [20.43739, 44.81776], [20.43781, 44.81755], [20.43812, 44.81732], [20.43844, 44.81703], [20.4388, 44.81663], [20.43908, 44.81616], [20.4392, 44.81584], [20.43933, 44.81512], [20.43965, 44.81532], [20.43965, 44.81529], [20.43965, 44.81531], [20.43934, 44.81512], [20.4393, 44.81491], [20.43919, 44.81486], [20.439, 44.81484], [20.43881, 44.81457], [20.43856, 44.81451], [20.43799, 44.8145], [20.4358, 44.81473], [20.43486, 44.81489], [20.43353, 44.81533], [20.43252, 44.81574], [20.42903, 44.81731], [20.42859, 44.81753], [20.42317, 44.81995], [20.42228, 44.82038], [20.42188, 44.82053], [20.42045, 44.82118], [20.42008, 44.8212], [20.41552, 44.82327], [20.41454, 44.82378], [20.41378, 44.82436], [20.41353, 44.8245], [20.41333, 44.82454], [20.41292, 44.82452], [20.41271, 44.82455], [20.41158, 44.82496], [20.40913, 44.82598], [20.4087, 44.82621], [20.40803, 44.82645], [20.40456, 44.8279], [20.40418, 44.82811], [20.40373, 44.82824], [20.40178, 44.82908], [20.39948, 44.83], [20.3993, 44.82993], [20.39926, 44.82987], [20.39806, 44.82672], [20.39793, 44.82663], [20.39785, 44.82662], [20.39751, 44.8267], [20.39751, 44.82665], [20.39755, 44.82659], [20.39783, 44.82648], [20.39793, 44.82631], [20.39774, 44.82565], [20.39735, 44.82447], [20.39703, 44.82358], [20.39675, 44.823], [20.39628, 44.82139], [20.39611, 44.82102], [20.39588, 44.82011], [20.39573, 44.81971], [20.39562, 44.81963], [20.39521, 44.81802], [20.39508, 44.8173], [20.39506, 44.81704], [20.39467, 44.81627], [20.39453, 44.81617], [20.39443, 44.81615], [20.39418, 44.81619], [20.39347, 44.8161], [20.39316, 44.81611], [20.39227, 44.81601], [20.39159, 44.81598], [20.39096, 44.81607], [20.39068, 44.81617], [20.39025, 44.81634], [20.38967, 44.81666], [20.38967, 44.81672], [20.38961, 44.81674], [20.38945, 44.81678], [20.38933, 44.81667], [20.38935, 44.81657], [20.38945, 44.81649], [20.3903, 44.81606], [20.39081, 44.81588], [20.3913, 44.81578], [20.3917, 44.81575], [20.39213, 44.81576], [20.39412, 44.81596], [20.39442, 44.81596], [20.39451, 44.816], [20.39453, 44.81611], [20.39446, 44.81623], [20.39348, 44.81612], [20.39306, 44.81611], [20.39211, 44.81602], [20.39151, 44.81601], [20.39102, 44.81608], [20.39033, 44.81632], [20.3899, 44.81655], [20.38976, 44.81667], [20.38954, 44.81674], [20.38924, 44.81664], [20.38914, 44.81665], [20.3876, 44.81742], [20.38663, 44.81786], [20.3861, 44.81803], [20.38577, 44.81819], [20.38562, 44.8184], [20.38562, 44.81852], [20.38585, 44.81901], [20.38694, 44.82053], [20.38815, 44.82205], [20.39087, 44.82505], [20.39116, 44.82529], [20.3916, 44.82584], [20.39173, 44.82589], [20.39182, 44.82589], [20.39212, 44.82575], [20.39212, 44.8257], [20.39239, 44.82566], [20.39257, 44.82569], [20.39274, 44.82578], [20.39292, 44.8262], [20.39318, 44.8267], [20.3935, 44.827], [20.39346, 44.82709], [20.39299, 44.82721], [20.39066, 44.82741], [20.38986, 44.82752], [20.38983, 44.82745], [20.38989, 44.82739], [20.38995, 44.82738], [20.39003, 44.82744], [20.38993, 44.82755], [20.38985, 44.82754], [20.38981, 44.82744], [20.38995, 44.82739], [20.39001, 44.82741], [20.39002, 44.82745], [20.38992, 44.82755], [20.38979, 44.82755], [20.38974, 44.82752], [20.38858, 44.82766], [20.38829, 44.82766], [20.38666, 44.82799], [20.38309, 44.82914], [20.38028, 44.82988], [20.38006, 44.83], [20.37996, 44.83013], [20.37994, 44.83028], [20.38, 44.8305], [20.37996, 44.8306], [20.37915, 44.83081], [20.37711, 44.83145], [20.37669, 44.83163], [20.37641, 44.83187], [20.37628, 44.83193], [20.37583, 44.83187], [20.37563, 44.83163], [20.37548, 44.83155], [20.3744, 44.83177], [20.37291, 44.83197], [20.37271, 44.83204], [20.37218, 44.83206], [20.37209, 44.83213], [20.37209, 44.83226], [20.37237, 44.83309], [20.37237, 44.83324], [20.37248, 44.8334], [20.37253, 44.83341], [20.37254, 44.83339], [20.37241, 44.83336], [20.37237, 44.83331], [20.37203, 44.83204], [20.37193, 44.83193], [20.3718, 44.8319], [20.37173, 44.83191], [20.37087, 44.83207], [20.37039, 44.83218], [20.37027, 44.83228], [20.37028, 44.83255], [20.37017, 44.83262], [20.3699, 44.83269], [20.36982, 44.83277], [20.36987, 44.83302], [20.37001, 44.83324], [20.37015, 44.83381], [20.37022, 44.83419], [20.3702, 44.83442], [20.37004, 44.83459], [20.36973, 44.83479], [20.36937, 44.83494], [20.36921, 44.83506], [20.36843, 44.83606], [20.36841, 44.8362], [20.36853, 44.83634], [20.36847, 44.83643], [20.36827, 44.83651], [20.36774, 44.8366], [20.36546, 44.83678], [20.36527, 44.83684], [20.3652, 44.83689], [20.36514, 44.83708], [20.36568, 44.83822], [20.36647, 44.83956], [20.3677, 44.84139], [20.36787, 44.84157], [20.36808, 44.84167], [20.36822, 44.84167], [20.36859, 44.84149], [20.36871, 44.84148], [20.36876, 44.84151], [20.36888, 44.84167], [20.36896, 44.84188], [20.36926, 44.84242], [20.3694, 44.8425], [20.36954, 44.8425], [20.37025, 44.84228], [20.37064, 44.84211], [20.37236, 44.84103], [20.37249, 44.84099], [20.37265, 44.84101], [20.37393, 44.84215], [20.37441, 44.84251], [20.37508, 44.84244], [20.37623, 44.84227], [20.37642, 44.84225], [20.37651, 44.84227], [20.37663, 44.84244], [20.37674, 44.84296], [20.37688, 44.84308], [20.37844, 44.84285], [20.37928, 44.84277], [20.38527, 44.84197], [20.38976, 44.84135], [20.39048, 44.84129], [20.39063, 44.84122], [20.39081, 44.84122], [20.39192, 44.84105], [20.39281, 44.84104]]}, "properties": {"id": 19744036300, "name": "Recovery", "sport": "Ride", "date": "2026-08-14", "distance_km": 21.98, "moving_time_s": 4113, "elev_gain_m": 103, "avg_speed_kmh": 19.2, "avg_hr": null}}, {"type": "Feature", "geometry": {"type": "LineString", "coordinates": [[20.39789, 44.84136], [20.39878, 44.84126], [20.39954, 44.84125], [20.4005, 44.84129], [20.40175, 44.84144], [20.40284, 44.84143], [20.40407, 44.84151], [20.40422, 44.84142], [20.40368, 44.84008], [20.40267, 44.83791], [20.40078, 44.83357], [20.40026, 44.83215], [20.39958, 44.83067], [20.39857, 44.82821], [20.39807, 44.82657], [20.39739, 44.82458], [20.39673, 44.82291], [20.39557, 44.81914], [20.39526, 44.81782], [20.3952, 44.8172], [20.39485, 44.81631], [20.39485, 44.81636], [20.39481, 44.81613], [20.3949, 44.81603], [20.3951, 44.81595], [20.39585, 44.81587], [20.39645, 44.81568], [20.39944, 44.8143], [20.40068, 44.8137], [20.4018, 44.81323], [20.40249, 44.81287], [20.4026, 44.81278], [20.40256, 44.81254], [20.40201, 44.81202], [20.40178, 44.81164], [20.4019, 44.81152], [20.4019, 44.81145], [20.40122, 44.81073], [20.40081, 44.81024], [20.40072, 44.81006], [20.40045, 44.80979], [20.40057, 44.80961], [20.40066, 44.80956], [20.40147, 44.8093], [20.40661, 44.80703], [20.4077, 44.80664], [20.40865, 44.80647], [20.4097, 44.80642], [20.41023, 44.80645], [20.4113, 44.80664], [20.41231, 44.80701], [20.41253, 44.807], [20.41267, 44.80612], [20.41289, 44.80462], [20.41286, 44.80432], [20.41296, 44.80421], [20.41304, 44.8042], [20.41304, 44.80424], [20.41297, 44.80421], [20.41301, 44.80424], [20.41303, 44.80403], [20.4131, 44.80393], [20.41318, 44.8039], [20.41667, 44.80374], [20.41698, 44.80368], [20.4175, 44.80366], [20.41781, 44.80356], [20.41815, 44.80359], [20.41905, 44.80353], [20.41945, 44.80355], [20.42129, 44.80344], [20.42184, 44.80335], [20.42262, 44.8031], [20.42338, 44.80276], [20.42382, 44.8025], [20.42412, 44.80226], [20.42436, 44.80199], [20.42454, 44.80172], [20.42467, 44.80131], [20.42634, 44.79353], [20.42642, 44.793], [20.42639, 44.79279], [20.42626, 44.79258], [20.42612, 44.79246], [20.42531, 44.79196], [20.42419, 44.7914], [20.42381, 44.79114], [20.4231, 44.79054], [20.42245, 44.79018], [20.42153, 44.78956], [20.42058, 44.78908], [20.41991, 44.78884], [20.4197, 44.78879], [20.41897, 44.78882], [20.41789, 44.78841], [20.41756, 44.7884], [20.41659, 44.78872], [20.41643, 44.78881], [20.41633, 44.78906], [20.4163, 44.78951], [20.41618, 44.78969], [20.4157, 44.78959], [20.41519, 44.7896], [20.41466, 44.78972], [20.41414, 44.78969], [20.41398, 44.78976], [20.41379, 44.78995], [20.41321, 44.7903], [20.41312, 44.79034], [20.4127, 44.79037], [20.41267, 44.79047], [20.41245, 44.79051], [20.41194, 44.79041], [20.41128, 44.79036], [20.41075, 44.7904], [20.41028, 44.79027], [20.40973, 44.79023], [20.40935, 44.79012], [20.40907, 44.79014], [20.40845, 44.7901], [20.40717, 44.78978], [20.40664, 44.78972], [20.40589, 44.78958], [20.40339, 44.78803], [20.40333, 44.78814], [20.40345, 44.78841], [20.40341, 44.78852], [20.40366, 44.78854], [20.40379, 44.78865], [20.40382, 44.78857], [20.40393, 44.78868], [20.40356, 44.78897], [20.40325, 44.78902], [20.40276, 44.7889], [20.40205, 44.78859], [20.40169, 44.7886], [20.40113, 44.78851], [20.40074, 44.78848], [20.39933, 44.78843], [20.39821, 44.78844], [20.39742, 44.78832], [20.39694, 44.78834], [20.39654, 44.78827], [20.39581, 44.78825], [20.39505, 44.7881], [20.39464, 44.78807], [20.39353, 44.78789], [20.39219, 44.78759], [20.39073, 44.78721], [20.38843, 44.78632], [20.38727, 44.78578], [20.38641, 44.78529], [20.38527, 44.78457], [20.38439, 44.78412], [20.3837, 44.7837], [20.38242, 44.78308], [20.38107, 44.78249], [20.37996, 44.78208], [20.37912, 44.78185], [20.3772, 44.7815], [20.3769, 44.78141], [20.37615, 44.78115], [20.37505, 44.78056], [20.37431, 44.77995], [20.37366, 44.77923], [20.37328, 44.77893], [20.37289, 44.77872], [20.37225, 44.77809], [20.37235, 44.77795], [20.37313, 44.77732], [20.37416, 44.77637], [20.37437, 44.77622], [20.37462, 44.77615], [20.37504, 44.77624], [20.37561, 44.77651], [20.37623, 44.77652], [20.37712, 44.77704], [20.37772, 44.77756], [20.37939, 44.77839], [20.3804, 44.77878], [20.38153, 44.77929], [20.382, 44.77954], [20.38227, 44.77959], [20.38284, 44.77956], [20.38317, 44.77963], [20.38345, 44.77975], [20.38385, 44.78011], [20.38441, 44.78048], [20.3856, 44.7808], [20.38713, 44.7815], [20.38786, 44.78178], [20.38924, 44.78208], [20.38987, 44.78217], [20.39049, 44.78238], [20.39077, 44.78243], [20.3913, 44.78262], [20.39315, 44.78314], [20.39449, 44.78335], [20.39527, 44.78358], [20.39564, 44.78362], [20.39657, 44.78401], [20.39805, 44.78441], [20.39864, 44.78451], [20.3997, 44.78482], [20.40106, 44.785], [20.40187, 44.78501], [20.40387, 44.78516], [20.4043, 44.78521], [20.40525, 44.78548], [20.40573, 44.78557], [20.40621, 44.78582], [20.40672, 44.78585], [20.40702, 44.78595], [20.4074, 44.7863], [20.40767, 44.78645], [20.4081, 44.7865], [20.40911, 44.78669], [20.41031, 44.78672], [20.41101, 44.78668], [20.41122, 44.78674], [20.41122, 44.78688], [20.41136, 44.78693], [20.41384, 44.7872], [20.41486, 44.78748], [20.41543, 44.78774], [20.41549, 44.78784], [20.41558, 44.78851], [20.41548, 44.78871], [20.4152, 44.78897], [20.41502, 44.78906], [20.41452, 44.7892], [20.4144, 44.78928], [20.41439, 44.78958], [20.41421, 44.78972], [20.41451, 44.78973], [20.4154, 44.7896], [20.41622, 44.78968], [20.41632, 44.78943], [20.41637, 44.78894], [20.4165, 44.78876], [20.41666, 44.78868], [20.41784, 44.7884], [20.418, 44.78842], [20.41829, 44.78855], [20.41925, 44.78884], [20.41969, 44.7888], [20.41994, 44.78882], [20.42071, 44.78914], [20.42189, 44.78975], [20.42337, 44.79076], [20.42403, 44.79128], [20.42523, 44.79192], [20.42587, 44.7923], [20.42622, 44.79254], [20.42641, 44.79277], [20.42642, 44.7931], [20.42472, 44.80115], [20.4245, 44.8018], [20.4242, 44.8022], [20.42396, 44.80241], [20.42342, 44.80275], [20.42263, 44.8031], [20.42184, 44.80334], [20.42127, 44.80344], [20.42025, 44.80351], [20.41876, 44.80353], [20.41797, 44.80361], [20.41764, 44.80357], [20.41717, 44.80363], [20.41688, 44.8036], [20.41645, 44.80367], [20.4129, 44.80382], [20.4129, 44.80388], [20.41474, 44.80471], [20.41451, 44.80453], [20.41442, 44.80453], [20.41433, 44.80495], [20.41318, 44.8055], [20.4129, 44.80652], [20.41284, 44.80716], [20.41268, 44.80741], [20.41256, 44.80746], [20.41227, 44.80744], [20.41185, 44.80717], [20.41149, 44.807], [20.41078, 44.80681], [20.41012, 44.80672], [20.40958, 44.80669], [20.40913, 44.80671], [20.40787, 44.80689], [20.40712, 44.80711], [20.40578, 44.8077], [20.4052, 44.80792], [20.40335, 44.80878], [20.4023, 44.80919], [20.40079, 44.80989], [20.4006, 44.81004], [20.40059, 44.81025], [20.40097, 44.81057], [20.40186, 44.81149], [20.40206, 44.81187], [20.40274, 44.81265], [20.40274, 44.81263], [20.40289, 44.81282], [20.40292, 44.81293], [20.40286, 44.81304], [20.40192, 44.81341], [20.40145, 44.81367], [20.39658, 44.81589], [20.39583, 44.81613], [20.39518, 44.81622], [20.39498, 44.81634], [20.39525, 44.8168], [20.39535, 44.81704], [20.39568, 44.8185], [20.39625, 44.82052], [20.39731, 44.8239], [20.39866, 44.82805], [20.39934, 44.82977], [20.39943, 44.82987], [20.39957, 44.8304], [20.40151, 44.83514], [20.40176, 44.8356], [20.40324, 44.83907], [20.40362, 44.83977], [20.4042, 44.84112], [20.40455, 44.84167], [20.40518, 44.8421], [20.40514, 44.84205], [20.40526, 44.84218], [20.40524, 44.84227], [20.40434, 44.84309], [20.40402, 44.8435], [20.40382, 44.84367], [20.40374, 44.84384], [20.403, 44.84471], [20.40271, 44.84516], [20.40251, 44.8453], [20.40222, 44.84543], [20.40109, 44.84579], [20.40092, 44.84578], [20.40089, 44.84575], [20.40054, 44.84506], [20.3999, 44.84413], [20.39926, 44.84339], [20.39912, 44.84332], [20.39885, 44.8433], [20.3977, 44.84371], [20.39743, 44.84373], [20.39729, 44.84367], [20.39717, 44.84356], [20.39706, 44.84317], [20.39679, 44.84271]]}, "properties": {"id": 19742733027, "name": "Ada lepa", "sport": "Ride", "date": "2026-08-14", "distance_km": 27.4, "moving_time_s": 3791, "elev_gain_m": 76, "avg_speed_kmh": 26.0, "avg_hr": null}}, {"type": "Feature", "geometry": {"type": "LineString", "coordinates": [[20.42315, 44.82545], [20.42378, 44.82496], [20.42446, 44.82451], [20.42462, 44.82436], [20.42502, 44.82425], [20.42516, 44.82419], [20.42534, 44.82406], [20.4256, 44.82391], [20.42641, 44.82339], [20.42681, 44.82318], [20.42715, 44.82294], [20.4273, 44.82288], [20.4276, 44.8228], [20.42775, 44.82273], [20.42838, 44.82242], [20.42878, 44.82219], [20.42914, 44.82203], [20.4303, 44.82181], [20.43099, 44.82172], [20.4328, 44.82159], [20.43368, 44.82155], [20.43409, 44.82154], [20.4346, 44.82158], [20.43479, 44.82157], [20.43487, 44.82154], [20.435, 44.82145], [20.43508, 44.82137], [20.43513, 44.82125], [20.43523, 44.82116], [20.43554, 44.82111], [20.43562, 44.82111], [20.4359, 44.82122], [20.43614, 44.82127], [20.43668, 44.82134], [20.43708, 44.82136], [20.43748, 44.82141], [20.438, 44.82158], [20.43837, 44.82166], [20.4387, 44.8217], [20.43894, 44.82169], [20.4391, 44.82167], [20.43943, 44.82161], [20.43961, 44.82154], [20.43965, 44.8215], [20.43964, 44.82146], [20.43948, 44.82121], [20.43919, 44.82062], [20.43907, 44.82041], [20.43887, 44.81993], [20.43872, 44.81972], [20.43839, 44.81913], [20.43807, 44.81872], [20.43777, 44.81841], [20.43761, 44.81822], [20.43747, 44.81808], [20.43733, 44.81799], [20.43724, 44.81788], [20.43725, 44.81786], [20.4373, 44.8178], [20.43764, 44.81765], [20.43782, 44.81755], [20.438, 44.8174], [20.43846, 44.81701], [20.43871, 44.81672], [20.43884, 44.81653], [20.43895, 44.81633], [20.43907, 44.81608]]}, "properties": {"id": 19716468853, "name": "Chill", "sport": "Ride", "date": "2026-08-12", "distance_km": 2.62, "moving_time_s": 480, "elev_gain_m": 0, "avg_speed_kmh": 19.7, "avg_hr": null}}, {"type": "Feature", "geometry": {"type": "LineString", "coordinates": [[20.39764, 44.84172], [20.39768, 44.84164], [20.39761, 44.84144], [20.39773, 44.84131], [20.39869, 44.84123], [20.40017, 44.84123], [20.40186, 44.84142], [20.40271, 44.84136], [20.40402, 44.84147], [20.4042, 44.84141], [20.40426, 44.84128], [20.40379, 44.84036], [20.40126, 44.83472], [20.4008, 44.83357], [20.40078, 44.83361], [20.39999, 44.83149], [20.3994, 44.83024], [20.39871, 44.82854], [20.39796, 44.82639], [20.39734, 44.82441], [20.39702, 44.82353], [20.39674, 44.82289], [20.39573, 44.81968], [20.39522, 44.81761], [20.39487, 44.81656], [20.39457, 44.8161], [20.39447, 44.81581], [20.3937, 44.8148], [20.39283, 44.81404], [20.39185, 44.81337], [20.39123, 44.81305], [20.39032, 44.81269], [20.38968, 44.81246], [20.38875, 44.81219], [20.38786, 44.81203], [20.38649, 44.81191], [20.38469, 44.8115], [20.38341, 44.81097], [20.38291, 44.81069], [20.38134, 44.81002], [20.37668, 44.80813], [20.37299, 44.80656], [20.37134, 44.80596], [20.37034, 44.80551], [20.36716, 44.80421], [20.36614, 44.80386], [20.36605, 44.80377], [20.36605, 44.80369], [20.36608, 44.80361], [20.36632, 44.80343], [20.36626, 44.80339], [20.36617, 44.80335], [20.36576, 44.80341], [20.3652, 44.80313], [20.36352, 44.80244], [20.36305, 44.80218], [20.36266, 44.80187], [20.36215, 44.80138], [20.36187, 44.80101], [20.36164, 44.80051], [20.36127, 44.79892], [20.36097, 44.79811], [20.36051, 44.79742], [20.35974, 44.79667], [20.35918, 44.79628], [20.35856, 44.79591], [20.35553, 44.7944], [20.35245, 44.79289], [20.35077, 44.79221], [20.34976, 44.79194], [20.34883, 44.79178], [20.34832, 44.79171], [20.3472, 44.79164], [20.34577, 44.79168], [20.34331, 44.79197], [20.34183, 44.7921], [20.34049, 44.79208], [20.33959, 44.792], [20.33873, 44.79185], [20.33783, 44.79163], [20.33408, 44.79049], [20.33133, 44.78971], [20.33001, 44.78944], [20.32851, 44.78927], [20.31684, 44.78872], [20.30369, 44.78815], [20.30201, 44.78797], [20.30065, 44.7877], [20.29954, 44.78739], [20.29665, 44.78643], [20.28957, 44.784], [20.2884, 44.78352], [20.28722, 44.78285], [20.28645, 44.78226], [20.28585, 44.78167], [20.28546, 44.78121], [20.28536, 44.78081], [20.28515, 44.78055], [20.28517, 44.78014], [20.2853, 44.77985], [20.28562, 44.77947], [20.28569, 44.77903], [20.2856, 44.77875], [20.28494, 44.77765], [20.28488, 44.7777], [20.28495, 44.77788], [20.28476, 44.77793], [20.28455, 44.77788], [20.28336, 44.77876], [20.2835, 44.77878], [20.28363, 44.77856], [20.28457, 44.77789], [20.28467, 44.77788], [20.28478, 44.77793], [20.28494, 44.77789], [20.28501, 44.77792], [20.28488, 44.77776], [20.28489, 44.77766], [20.28498, 44.77767], [20.28563, 44.77883], [20.28569, 44.77901], [20.28563, 44.77943], [20.28522, 44.77999], [20.28511, 44.78043], [20.28521, 44.78067], [20.28544, 44.781], [20.28547, 44.78125], [20.28579, 44.78163], [20.28635, 44.78217], [20.28686, 44.78259], [20.28764, 44.78311], [20.28894, 44.78375], [20.29063, 44.78437], [20.29867, 44.78711], [20.29982, 44.78748], [20.3012, 44.78783], [20.30228, 44.78801], [20.30368, 44.78814], [20.31361, 44.78862], [20.32867, 44.7893], [20.33008, 44.78947], [20.33138, 44.78974], [20.33222, 44.78995], [20.33791, 44.79167], [20.33904, 44.79192], [20.33963, 44.79202], [20.34106, 44.79213], [20.34209, 44.79211], [20.34328, 44.792], [20.34564, 44.79171], [20.34656, 44.79166], [20.34725, 44.79167], [20.34832, 44.79173], [20.3491, 44.79184], [20.35013, 44.79206], [20.35113, 44.79237], [20.35188, 44.79266], [20.35482, 44.79406], [20.35837, 44.79584], [20.35893, 44.79614], [20.35959, 44.79657], [20.36028, 44.79719], [20.36092, 44.79807], [20.36117, 44.79863], [20.36151, 44.8001], [20.36185, 44.80099], [20.36217, 44.80143], [20.3627, 44.80191], [20.3635, 44.80242], [20.36572, 44.80337], [20.36598, 44.80342], [20.36625, 44.80337], [20.36629, 44.80344], [20.36654, 44.80354], [20.36666, 44.80379], [20.36685, 44.8039], [20.36787, 44.80428], [20.36873, 44.80467], [20.37247, 44.80615], [20.38163, 44.80992], [20.38266, 44.81035], [20.3845, 44.81124], [20.38514, 44.81144], [20.386, 44.81164], [20.38807, 44.8119], [20.3894, 44.8122], [20.38976, 44.81224], [20.39037, 44.81242], [20.39037, 44.81245], [20.39091, 44.81268], [20.39119, 44.81276], [20.39252, 44.8135], [20.39313, 44.81395], [20.394, 44.81474], [20.39493, 44.81593], [20.39496, 44.81616], [20.39538, 44.81718], [20.39606, 44.81997], [20.39689, 44.8225], [20.39747, 44.82452], [20.3981, 44.82629], [20.39854, 44.82776], [20.39908, 44.82921], [20.39941, 44.82984], [20.39955, 44.83036], [20.40074, 44.83335], [20.40238, 44.83707], [20.40256, 44.83761], [20.40277, 44.83799], [20.40311, 44.83891], [20.40346, 44.83968], [20.40366, 44.83999], [20.40401, 44.84086], [20.40461, 44.84172], [20.40517, 44.84205], [20.40513, 44.84204], [20.40522, 44.84217], [20.40515, 44.84234], [20.40486, 44.84255], [20.40452, 44.84297], [20.40452, 44.84296], [20.40441, 44.84303], [20.40389, 44.84358], [20.40302, 44.84467], [20.4027, 44.84517], [20.4024, 44.84535], [20.40115, 44.84583], [20.40122, 44.84583], [20.40125, 44.84572], [20.4014, 44.84562], [20.40215, 44.84537], [20.40261, 44.84514], [20.40312, 44.84445], [20.40391, 44.84351], [20.40509, 44.84232], [20.40509, 44.84238], [20.40427, 44.84315], [20.40384, 44.84365], [20.40357, 44.84404], [20.40309, 44.84459], [20.40278, 44.84508], [20.40247, 44.84529], [20.40148, 44.84568], [20.40146, 44.84564], [20.40154, 44.8456], [20.40199, 44.84545], [20.40256, 44.84521], [20.40305, 44.84454], [20.40392, 44.8435], [20.40503, 44.84236], [20.40506, 44.84225], [20.40507, 44.8424], [20.40451, 44.84295], [20.40433, 44.84306], [20.40374, 44.84383], [20.40303, 44.84463], [20.40275, 44.84509], [20.40262, 44.84523], [20.40234, 44.84539], [20.40115, 44.84583], [20.40121, 44.84582], [20.40124, 44.8457], [20.40237, 44.8453], [20.40264, 44.84514], [20.40334, 44.84418], [20.40462, 44.84277], [20.40505, 44.84234], [20.40513, 44.84233], [20.40511, 44.84224], [20.40501, 44.84243], [20.40388, 44.8436], [20.40319, 44.84442], [20.4026, 44.84519], [20.40233, 44.84534], [20.4013, 44.84576], [20.40122, 44.84582], [20.40119, 44.84578], [20.40126, 44.84571], [20.40233, 44.8453], [20.40259, 44.84514], [20.4039, 44.84352], [20.40465, 44.84272], [20.40506, 44.84233], [20.40514, 44.84231], [20.40513, 44.84236], [20.40388, 44.84361], [20.40319, 44.84444], [20.40269, 44.84514], [20.40242, 44.84531], [20.4013, 44.84573], [20.40119, 44.84582], [20.40137, 44.84616], [20.40215, 44.84703], [20.40354, 44.84875], [20.40355, 44.84885], [20.40335, 44.84901], [20.40368, 44.84956], [20.40385, 44.8495], [20.40617, 44.84957], [20.40803, 44.84939], [20.40947, 44.84935], [20.40994, 44.8493], [20.41015, 44.84923], [20.41056, 44.84899], [20.41132, 44.84841], [20.41217, 44.84794], [20.41219, 44.84792], [20.41206, 44.84803], [20.41162, 44.84823], [20.41135, 44.84838], [20.41054, 44.84902], [20.41029, 44.84913], [20.41024, 44.84907], [20.41006, 44.84901], [20.41023, 44.84903], [20.41031, 44.84909], [20.41056, 44.84901], [20.4115, 44.84832], [20.4122, 44.8479], [20.41236, 44.84771], [20.41246, 44.84741], [20.41277, 44.84677], [20.41292, 44.84675], [20.41374, 44.84686], [20.41422, 44.84686], [20.41442, 44.84683], [20.41459, 44.84669], [20.41498, 44.84593], [20.41501, 44.8459], [20.41501, 44.84595], [20.41512, 44.84584], [20.41641, 44.84398], [20.41681, 44.8433], [20.41762, 44.84155], [20.41806, 44.84009], [20.4186, 44.83817], [20.41885, 44.83702], [20.41898, 44.83695], [20.41894, 44.83688], [20.41905, 44.83666], [20.41906, 44.83633], [20.41923, 44.83581], [20.41933, 44.83509], [20.41959, 44.83443], [20.41992, 44.83291], [20.42024, 44.83208], [20.42048, 44.83121], [20.42105, 44.82987], [20.422, 44.82811], [20.42213, 44.82768], [20.42224, 44.82694]]}, "properties": {"id": 19715602320, "name": "Expolosion i par uspon\u010di\u0107a \u010disto malo", "sport": "Ride", "date": "2026-08-12", "distance_km": 37.02, "moving_time_s": 5927, "elev_gain_m": 199, "avg_speed_kmh": 22.5, "avg_hr": null}}, {"type": "Feature", "geometry": {"type": "LineString", "coordinates": [[20.39678, 44.84262], [20.39724, 44.84345], [20.39744, 44.84364], [20.3976, 44.8437], [20.39777, 44.84373], [20.39827, 44.84364], [20.39873, 44.8436], [20.39898, 44.84354], [20.39924, 44.84344], [20.39931, 44.84344], [20.3994, 44.84345], [20.39951, 44.84351], [20.39984, 44.84392], [20.39993, 44.84404], [20.40003, 44.84422], [20.40035, 44.84464], [20.40088, 44.84541], [20.40102, 44.84562], [20.40112, 44.84581], [20.40148, 44.84626], [20.40174, 44.84653], [20.40191, 44.84674], [20.40214, 44.84698], [20.4022, 44.84701], [20.40226, 44.84703], [20.40234, 44.84702], [20.40287, 44.84679], [20.40316, 44.84671], [20.40349, 44.84667], [20.40458, 44.84661], [20.40499, 44.84656], [20.40555, 44.84645], [20.40584, 44.84641], [20.40614, 44.8464], [20.40644, 44.84642], [20.40673, 44.84647], [20.40702, 44.8465], [20.40799, 44.84655], [20.40812, 44.84654], [20.4084, 44.84649], [20.40892, 44.84634], [20.40917, 44.84624], [20.40928, 44.84617], [20.40979, 44.84577], [20.41027, 44.84533], [20.41116, 44.8446], [20.41198, 44.84371], [20.41465, 44.84036], [20.41612, 44.83858], [20.41645, 44.83813], [20.41695, 44.83754], [20.41747, 44.83682], [20.4177, 44.83641], [20.41785, 44.83589], [20.41863, 44.8321], [20.41875, 44.83156], [20.4188, 44.83145], [20.41883, 44.83142], [20.41898, 44.8314], [20.41913, 44.83136], [20.41916, 44.83134], [20.41918, 44.83128], [20.41925, 44.83083], [20.41935, 44.8304], [20.41951, 44.82956], [20.41971, 44.82875], [20.41976, 44.82845], [20.41979, 44.82818], [20.41989, 44.82779], [20.41993, 44.82753], [20.42019, 44.82637], [20.42023, 44.82623], [20.42032, 44.82602], [20.4205, 44.8257], [20.42061, 44.82558], [20.42086, 44.82535], [20.42121, 44.8251], [20.42231, 44.82456], [20.42444, 44.82362], [20.42713, 44.82238], [20.42812, 44.82197], [20.42896, 44.82157], [20.43025, 44.82102], [20.43057, 44.82085], [20.43474, 44.81896], [20.43717, 44.81788], [20.43724, 44.81786], [20.43723, 44.81787], [20.43724, 44.81788], [20.43727, 44.81787], [20.43748, 44.81773], [20.4378, 44.81756], [20.43806, 44.81738], [20.43852, 44.81697], [20.43872, 44.81674], [20.43893, 44.81642], [20.43911, 44.81609], [20.43919, 44.81589], [20.4393, 44.81548], [20.43934, 44.81509], [20.43933, 44.81491], [20.43935, 44.81486], [20.43939, 44.81483], [20.43944, 44.81482], [20.43959, 44.81481], [20.43967, 44.81482], [20.43967, 44.81485], [20.43969, 44.81486], [20.43964, 44.81491], [20.43948, 44.81487], [20.43936, 44.81488], [20.43929, 44.81491], [20.43929, 44.81507], [20.43933, 44.81526], [20.4393, 44.81553], [20.43925, 44.81575], [20.43914, 44.81609], [20.43884, 44.81658], [20.43856, 44.81693], [20.43828, 44.81722], [20.43806, 44.8174], [20.43767, 44.81764], [20.43704, 44.81796], [20.4366, 44.81813], [20.4347, 44.819], [20.43405, 44.81927], [20.43073, 44.8208], [20.4274, 44.82228], [20.42564, 44.82309], [20.42474, 44.82347], [20.42422, 44.82373], [20.42333, 44.82413], [20.42335, 44.82412], [20.42334, 44.82411], [20.42335, 44.82412], [20.42334, 44.82411], [20.42335, 44.82412], [20.4234, 44.82414], [20.42335, 44.8241], [20.4234, 44.82406], [20.42351, 44.82404], [20.42385, 44.82389], [20.4247, 44.82348], [20.42504, 44.82334], [20.42661, 44.82262], [20.42969, 44.82124], [20.43021, 44.82102], [20.43089, 44.82071], [20.43119, 44.82055], [20.43173, 44.82034], [20.43306, 44.81972], [20.43476, 44.81896], [20.43509, 44.8188], [20.43545, 44.81866], [20.43765, 44.81765], [20.43782, 44.81755], [20.43803, 44.8174], [20.43842, 44.81708], [20.43864, 44.81684], [20.43889, 44.81653], [20.439, 44.81633], [20.43907, 44.81613], [20.43918, 44.81594], [20.43923, 44.81581], [20.43929, 44.81551], [20.43933, 44.81492], [20.43935, 44.81489], [20.43945, 44.81485], [20.44005, 44.81491], [20.44009, 44.81489], [20.44011, 44.81481], [20.44013, 44.81477], [20.44017, 44.81475], [20.44061, 44.81479], [20.44088, 44.81479], [20.44094, 44.8148], [20.44094, 44.81481], [20.44093, 44.81479], [20.44096, 44.81479], [20.44096, 44.8148], [20.44093, 44.8148], [20.44096, 44.81479], [20.43335, 44.81361], [20.43336, 44.81358], [20.43338, 44.81359], [20.43327, 44.81344], [20.43315, 44.81333], [20.43274, 44.81288], [20.43252, 44.81263], [20.43246, 44.81254], [20.43223, 44.81231], [20.43158, 44.81158], [20.43145, 44.81146], [20.43106, 44.811], [20.43031, 44.8102], [20.42978, 44.80958], [20.4294, 44.8092], [20.42889, 44.80862], [20.42873, 44.80847], [20.42854, 44.80824], [20.42798, 44.80763], [20.42773, 44.80733], [20.42751, 44.80715], [20.42735, 44.80699], [20.42663, 44.80613], [20.42629, 44.80577], [20.42622, 44.80566], [20.42615, 44.80558], [20.42604, 44.80553], [20.42598, 44.80552], [20.42588, 44.80555], [20.42559, 44.80571], [20.42481, 44.80608], [20.42446, 44.80626], [20.42389, 44.80651], [20.42361, 44.80666], [20.423, 44.80693], [20.42204, 44.80738], [20.42176, 44.80749], [20.42134, 44.80767], [20.42021, 44.80822], [20.41979, 44.80834], [20.41962, 44.80841], [20.41934, 44.80864], [20.41856, 44.80897], [20.41653, 44.80992], [20.41589, 44.81019], [20.41563, 44.81027], [20.41546, 44.8103], [20.41541, 44.81029], [20.41531, 44.81025], [20.41513, 44.81001], [20.41496, 44.80993], [20.41497, 44.80989], [20.41495, 44.8098], [20.41452, 44.8093], [20.41433, 44.80915], [20.41423, 44.80902], [20.41416, 44.80885], [20.41412, 44.80883], [20.4139, 44.80877], [20.41385, 44.80861], [20.41336, 44.80811], [20.41326, 44.80797], [20.41281, 44.80767], [20.41251, 44.80749], [20.41229, 44.80737], [20.41227, 44.80735], [20.41228, 44.80731], [20.41254, 44.80706], [20.41255, 44.80704], [20.41249, 44.80692], [20.41254, 44.80685], [20.41257, 44.80673], [20.41267, 44.80613], [20.41267, 44.80602]]}, "properties": {"id": 19701854506, "name": "Rip tire", "sport": "Ride", "date": "2026-08-11", "distance_km": 12.32, "moving_time_s": 1895, "elev_gain_m": 14, "avg_speed_kmh": 23.4, "avg_hr": null}}, {"type": "Feature", "geometry": {"type": "LineString", "coordinates": [[20.39682, 44.84272], [20.39687, 44.84283], [20.39722, 44.8435], [20.39739, 44.84361], [20.3976, 44.84369], [20.39777, 44.84372], [20.39795, 44.84368], [20.39881, 44.84356], [20.39927, 44.84343], [20.39937, 44.84342], [20.39941, 44.84344], [20.40022, 44.84448], [20.40062, 44.84506], [20.40141, 44.84613], [20.40212, 44.84695], [20.40224, 44.84703], [20.4023, 44.84705], [20.40236, 44.84705], [20.40244, 44.84702], [20.40326, 44.84667], [20.4044, 44.84662], [20.40529, 44.8465], [20.40593, 44.84639], [20.40634, 44.84639], [20.40701, 44.84649], [20.40778, 44.84651], [20.40822, 44.84654], [20.40847, 44.84652], [20.40861, 44.84648], [20.40878, 44.84637], [20.40924, 44.84623], [20.4094, 44.84614], [20.40964, 44.84597], [20.40996, 44.84567], [20.41049, 44.84526], [20.41118, 44.84465], [20.41178, 44.84391], [20.41222, 44.84339], [20.41248, 44.84316], [20.4126, 44.8431], [20.41277, 44.84309], [20.41293, 44.84313], [20.41305, 44.8432], [20.41332, 44.84342], [20.41376, 44.84371], [20.41393, 44.84378], [20.41396, 44.84381], [20.41401, 44.84387], [20.41435, 44.84401], [20.41442, 44.844], [20.41499, 44.84434], [20.41526, 44.84448], [20.41566, 44.84477], [20.41586, 44.84483], [20.41605, 44.84477], [20.4161, 44.84482], [20.41621, 44.84485], [20.41626, 44.84484], [20.41633, 44.84479], [20.41646, 44.84463], [20.41693, 44.84383], [20.41711, 44.84346], [20.41736, 44.84288], [20.41751, 44.84249], [20.41764, 44.84229], [20.41773, 44.84211], [20.41782, 44.84178], [20.41788, 44.84158], [20.41791, 44.84139], [20.41798, 44.84118], [20.41807, 44.84084], [20.41814, 44.84066], [20.41832, 44.83999], [20.41842, 44.83967], [20.41845, 44.83952], [20.41868, 44.83888], [20.41886, 44.83812], [20.41903, 44.83766], [20.41911, 44.83712], [20.4191, 44.83704], [20.41899, 44.83681], [20.41902, 44.83655], [20.41918, 44.83606], [20.41931, 44.83544], [20.41941, 44.83513], [20.41952, 44.83452], [20.41978, 44.83351], [20.41989, 44.83319], [20.42, 44.83281], [20.42015, 44.83238], [20.42019, 44.83221], [20.42032, 44.83189], [20.4204, 44.83153], [20.42075, 44.83061], [20.42088, 44.83035], [20.42105, 44.82991], [20.42129, 44.82941], [20.42156, 44.82893], [20.42168, 44.82865], [20.42189, 44.82836], [20.42203, 44.82807], [20.42213, 44.82778], [20.42218, 44.82754], [20.42222, 44.82727], [20.42225, 44.82678], [20.4223, 44.8265], [20.42238, 44.82629], [20.42262, 44.82597], [20.42301, 44.82559], [20.42334, 44.82529], [20.42376, 44.82497], [20.42408, 44.82474], [20.42451, 44.82449], [20.42467, 44.82434], [20.42475, 44.8243], [20.42491, 44.82422], [20.42529, 44.82413], [20.42566, 44.82385], [20.42593, 44.8237], [20.42633, 44.82343], [20.42696, 44.82308], [20.42722, 44.82288], [20.42737, 44.82282], [20.42771, 44.82275], [20.42816, 44.82251], [20.42846, 44.82238], [20.42879, 44.82217], [20.429, 44.82208], [20.42915, 44.822], [20.42962, 44.82191], [20.42983, 44.8219], [20.43042, 44.82176], [20.43101, 44.82169], [20.43163, 44.82169], [20.43248, 44.82161], [20.4328, 44.82159], [20.43297, 44.8216], [20.43343, 44.82156], [20.43387, 44.82155], [20.43404, 44.82154], [20.43454, 44.82159], [20.43474, 44.82159], [20.4349, 44.82155], [20.43512, 44.82138], [20.43518, 44.82125], [20.43527, 44.82114], [20.43542, 44.82109], [20.43552, 44.82109], [20.43572, 44.82113], [20.43606, 44.82125], [20.43622, 44.82128], [20.43676, 44.82132], [20.4372, 44.82132], [20.4375, 44.8214], [20.43804, 44.82157], [20.43859, 44.82167], [20.43884, 44.82168], [20.43914, 44.82166], [20.43934, 44.82162], [20.43927, 44.82162], [20.43916, 44.82169], [20.43909, 44.8217], [20.43851, 44.82166], [20.4377, 44.82148], [20.4374, 44.82138], [20.43728, 44.82135], [20.43705, 44.82132], [20.4364, 44.8213], [20.43552, 44.82111], [20.43541, 44.8211], [20.43518, 44.82115], [20.43509, 44.8212], [20.43502, 44.82126], [20.4349, 44.82153], [20.43472, 44.82161], [20.4346, 44.82162], [20.43422, 44.82157], [20.43378, 44.82153], [20.43334, 44.82157], [20.43288, 44.82157], [20.43206, 44.82166], [20.43115, 44.82169], [20.43061, 44.82176], [20.42921, 44.82201], [20.42892, 44.8221], [20.42849, 44.82233], [20.42807, 44.82258], [20.4279, 44.82267], [20.42752, 44.82282], [20.42723, 44.82289], [20.42704, 44.82297], [20.42689, 44.82307], [20.4267, 44.82325], [20.42644, 44.82339], [20.42596, 44.8237], [20.42539, 44.82403], [20.42507, 44.82425], [20.42488, 44.82432], [20.42465, 44.82434], [20.42456, 44.82438], [20.42448, 44.82443], [20.42435, 44.82456], [20.4242, 44.82468], [20.42382, 44.82492], [20.42363, 44.8251], [20.42352, 44.82523], [20.42336, 44.82533], [20.42302, 44.8256], [20.42278, 44.82584], [20.4225, 44.82614], [20.42233, 44.82641], [20.4223, 44.82648], [20.42224, 44.82691], [20.42222, 44.82736], [20.42213, 44.82777], [20.42204, 44.82804], [20.42195, 44.82826], [20.4218, 44.82853], [20.42161, 44.8288], [20.4213, 44.82938], [20.42108, 44.82987], [20.42096, 44.83005], [20.4209, 44.83018], [20.42087, 44.83025], [20.42082, 44.83051], [20.42063, 44.83093], [20.42033, 44.83182], [20.42016, 44.83223], [20.42011, 44.83251], [20.41989, 44.83316], [20.41975, 44.83364], [20.41968, 44.83399], [20.41957, 44.83433], [20.41951, 44.83466], [20.41933, 44.83536], [20.41929, 44.83564], [20.41918, 44.83608], [20.41913, 44.83637], [20.41903, 44.83675], [20.41895, 44.83696], [20.41895, 44.83699], [20.41909, 44.83717], [20.41914, 44.83732], [20.41915, 44.83737], [20.41912, 44.83755], [20.41906, 44.83769], [20.41885, 44.83831], [20.41882, 44.83851], [20.41877, 44.83863], [20.4185, 44.83929], [20.4184, 44.83977], [20.41835, 44.83992], [20.41827, 44.84036], [20.41823, 44.84051], [20.41808, 44.84079], [20.41805, 44.84101], [20.41805, 44.84117], [20.41803, 44.84125], [20.41793, 44.84146], [20.4177, 44.84219], [20.41756, 44.84244], [20.41739, 44.84289], [20.41721, 44.84321], [20.4171, 44.84351], [20.41695, 44.84382], [20.41676, 44.84416], [20.41663, 44.84433], [20.41644, 44.84475], [20.41637, 44.84485], [20.41632, 44.84488], [20.41621, 44.8449], [20.4161, 44.84488], [20.41599, 44.84482], [20.41593, 44.8448], [20.4159, 44.84481], [20.41586, 44.84492], [20.41583, 44.84493], [20.41578, 44.84492], [20.41573, 44.84488], [20.41554, 44.84479], [20.41552, 44.84476], [20.41554, 44.84469], [20.41547, 44.84462], [20.4151, 44.8444], [20.41487, 44.8443]]}, "properties": {"id": 19637009057, "name": "Antiperfekcionisti\u010dka distanca", "sport": "Ride", "date": "2026-08-07", "distance_km": 9.99, "moving_time_s": 1389, "elev_gain_m": 11, "avg_speed_kmh": 25.9, "avg_hr": null}}, {"type": "Feature", "geometry": {"type": "LineString", "coordinates": [[20.39769, 44.8417], [20.39748, 44.84143], [20.39762, 44.84136], [20.39993, 44.84121], [20.40439, 44.84151], [20.40537, 44.84214], [20.40834, 44.8392], [20.40992, 44.8395], [20.41176, 44.83864], [20.41604, 44.8378], [20.41701, 44.8374], [20.41794, 44.83583], [20.4197, 44.82696], [20.42032, 44.82537], [20.42087, 44.82497], [20.42656, 44.82237], [20.43711, 44.8177], [20.43797, 44.81714], [20.43855, 44.81654], [20.43909, 44.81489], [20.44001, 44.81491], [20.44017, 44.81475], [20.44134, 44.81464], [20.45197, 44.81525], [20.45305, 44.81525], [20.45341, 44.81496], [20.45838, 44.81407], [20.46019, 44.81339], [20.46076, 44.81339], [20.46558, 44.80443], [20.46605, 44.80384], [20.46628, 44.80307], [20.46576, 44.80247], [20.46621, 44.80199], [20.46551, 44.79869], [20.46532, 44.79863], [20.46545, 44.7983], [20.4651, 44.79663], [20.46518, 44.79523], [20.46608, 44.79307], [20.46624, 44.79151], [20.46656, 44.79127], [20.46561, 44.78813], [20.46525, 44.78759], [20.4656, 44.78718], [20.46557, 44.78619], [20.46604, 44.78444], [20.46833, 44.7797], [20.46944, 44.77862], [20.47182, 44.77721], [20.47264, 44.77637], [20.47353, 44.77379], [20.4761, 44.77022], [20.47878, 44.76322], [20.48001, 44.7613], [20.48, 44.76099], [20.48103, 44.75998], [20.48336, 44.75632], [20.48327, 44.75596], [20.48204, 44.7551], [20.48173, 44.7546], [20.48204, 44.75346], [20.4823, 44.75173], [20.48158, 44.75039], [20.48089, 44.75003], [20.47938, 44.75017], [20.47851, 44.74992], [20.47706, 44.74993], [20.47668, 44.74958], [20.47657, 44.74854], [20.47716, 44.74634], [20.47751, 44.74577], [20.48207, 44.7429], [20.48408, 44.74218], [20.48668, 44.73973], [20.48657, 44.73934], [20.48591, 44.73899], [20.48565, 44.73864], [20.48568, 44.7374], [20.48373, 44.73501], [20.48281, 44.73204], [20.48293, 44.73102], [20.48336, 44.73037], [20.4868, 44.72683], [20.48742, 44.72648], [20.48826, 44.7264], [20.48984, 44.72662], [20.49149, 44.72603], [20.49248, 44.72592], [20.49586, 44.72674], [20.49807, 44.72599], [20.49819, 44.72561], [20.49768, 44.72469], [20.49724, 44.72419], [20.49605, 44.72362], [20.49579, 44.72323], [20.49592, 44.72269], [20.49674, 44.72213], [20.50034, 44.721], [20.50099, 44.72118], [20.50183, 44.72204], [20.50247, 44.72208], [20.50296, 44.72179], [20.50407, 44.71927], [20.5039, 44.7172], [20.50404, 44.7154], [20.50531, 44.71348], [20.50612, 44.71077], [20.50742, 44.70935], [20.50788, 44.70809], [20.50861, 44.70721], [20.50871, 44.70662], [20.50847, 44.70563], [20.50742, 44.7048], [20.50357, 44.70029], [20.50292, 44.6986], [20.50225, 44.69777], [20.50193, 44.69598], [20.50254, 44.69525], [20.50346, 44.6947], [20.50324, 44.69405], [20.50355, 44.69304], [20.50502, 44.69196], [20.50476, 44.69126], [20.50486, 44.69094], [20.50558, 44.6899], [20.50663, 44.68932], [20.50658, 44.68868], [20.50741, 44.68773], [20.50913, 44.68697], [20.51113, 44.68735], [20.51147, 44.68704], [20.51166, 44.68621], [20.51209, 44.68592], [20.51369, 44.68609], [20.5147, 44.68585], [20.51612, 44.68522], [20.51706, 44.68523], [20.51746, 44.68542], [20.51799, 44.68606], [20.51897, 44.68681], [20.51936, 44.6869], [20.52047, 44.68667], [20.52132, 44.68711], [20.52129, 44.68813], [20.52064, 44.68958], [20.52076, 44.69019], [20.52044, 44.69028], [20.52026, 44.6901], [20.52036, 44.68933], [20.52065, 44.6881], [20.52028, 44.68769], [20.51874, 44.68779], [20.51762, 44.68727], [20.51691, 44.68716], [20.51482, 44.68793], [20.51452, 44.68823], [20.51426, 44.68905], [20.51245, 44.68971], [20.512, 44.69021], [20.51225, 44.69096], [20.51295, 44.69154], [20.51384, 44.69197], [20.51366, 44.69223], [20.51333, 44.69219], [20.51278, 44.69199], [20.51246, 44.69157], [20.51208, 44.69156], [20.51293, 44.69354], [20.51294, 44.69488], [20.51321, 44.69523], [20.51443, 44.69555], [20.51445, 44.69546], [20.51565, 44.69625], [20.51604, 44.6968], [20.51585, 44.69731], [20.51666, 44.69692], [20.51704, 44.6965], [20.51696, 44.69623], [20.5166, 44.69588], [20.51696, 44.69586], [20.51785, 44.69633], [20.51852, 44.69685], [20.51878, 44.69733], [20.51879, 44.69773], [20.5185, 44.69794], [20.51827, 44.698], [20.51898, 44.69811], [20.52027, 44.69793], [20.52099, 44.69754], [20.52107, 44.69722], [20.5211, 44.6978], [20.52277, 44.69812], [20.52363, 44.69793], [20.5252, 44.69811], [20.52504, 44.69857], [20.52465, 44.69884], [20.52202, 44.69987], [20.52222, 44.69981], [20.5223, 44.70002], [20.52195, 44.70276], [20.52179, 44.70289], [20.52091, 44.7025], [20.52047, 44.70275], [20.51992, 44.70351], [20.51915, 44.70338], [20.5191, 44.7055], [20.5178, 44.70525], [20.51619, 44.70434], [20.51476, 44.70431], [20.51379, 44.70366], [20.51354, 44.70369], [20.51275, 44.70426], [20.5114, 44.70436], [20.51109, 44.70543], [20.51017, 44.70576], [20.50882, 44.70678], [20.50869, 44.70727], [20.50792, 44.70813], [20.50744, 44.70941], [20.50614, 44.71085], [20.50581, 44.71192], [20.50597, 44.71348], [20.50481, 44.71487], [20.50433, 44.71574], [20.50401, 44.71718], [20.50411, 44.71939], [20.50291, 44.72192], [20.50237, 44.72214], [20.50181, 44.72207], [20.50093, 44.7212], [20.50036, 44.72103], [20.49674, 44.72215], [20.4959, 44.72273], [20.49582, 44.72324], [20.4962, 44.7237], [20.49716, 44.72411], [20.4976, 44.72452], [20.49822, 44.72554], [20.49816, 44.72601], [20.49587, 44.72677], [20.49236, 44.72597], [20.49154, 44.72607], [20.48993, 44.72664], [20.48811, 44.72644], [20.48737, 44.72655], [20.48669, 44.72699], [20.48381, 44.72997], [20.48297, 44.73106], [20.48285, 44.73192], [20.48363, 44.73467], [20.48412, 44.73558], [20.4858, 44.73748], [20.48571, 44.73867], [20.48604, 44.73904], [20.48656, 44.73931], [20.48677, 44.73973], [20.484, 44.7423], [20.48201, 44.74298], [20.47761, 44.74573], [20.47713, 44.74655], [20.47665, 44.74868], [20.47675, 44.74958], [20.47704, 44.74987], [20.47761, 44.74999], [20.47863, 44.74992], [20.47948, 44.75014], [20.48089, 44.74998], [20.48174, 44.75039], [20.48234, 44.75188], [20.482, 44.75277], [20.4821, 44.75349], [20.48179, 44.75461], [20.48205, 44.75506], [20.48325, 44.75587], [20.48342, 44.75632], [20.48062, 44.76066], [20.47901, 44.76331], [20.47623, 44.77049], [20.47371, 44.77394], [20.47284, 44.77648], [20.47202, 44.77732], [20.4695, 44.77882], [20.46859, 44.77975], [20.46794, 44.78076], [20.46628, 44.78452], [20.4659, 44.78621], [20.46595, 44.78719], [20.46551, 44.78727], [20.46525, 44.78762], [20.46563, 44.78819], [20.4666, 44.7917], [20.46504, 44.79571], [20.46606, 44.80168], [20.46631, 44.80176], [20.46668, 44.80249], [20.4604, 44.81449], [20.46039, 44.81507], [20.46077, 44.81573], [20.4612, 44.81583], [20.46222, 44.81565], [20.46255, 44.81457], [20.46067, 44.81399], [20.45773, 44.81423], [20.45652, 44.81458], [20.45305, 44.81521], [20.43954, 44.81455], [20.43922, 44.81486], [20.43914, 44.81578], [20.43877, 44.81653], [20.43818, 44.8172], [20.43709, 44.81793], [20.42252, 44.82447], [20.4207, 44.82549], [20.42011, 44.82666], [20.41802, 44.83634], [20.41716, 44.83737], [20.41616, 44.83779], [20.41135, 44.83881], [20.40977, 44.83951], [20.40826, 44.83927], [20.40536, 44.84221], [20.40455, 44.84285], [20.40267, 44.84515], [20.40118, 44.84575], [20.39935, 44.8435], [20.39907, 44.84345], [20.39745, 44.84375], [20.39678, 44.84262]]}, "properties": {"id": 19609116065, "name": "Hottie", "sport": "Ride", "date": "2026-08-05", "distance_km": 55.36, "moving_time_s": 9616, "elev_gain_m": 617, "avg_speed_kmh": 20.7, "avg_hr": null}}, {"type": "Feature", "geometry": {"type": "LineString", "coordinates": [[20.3976, 44.84174], [20.39772, 44.84168], [20.39748, 44.84143], [20.39748, 44.84136], [20.39868, 44.84123], [20.40015, 44.84122], [20.40178, 44.8414], [20.4029, 44.84135], [20.40438, 44.84147], [20.40523, 44.84208], [20.40539, 44.84212], [20.40549, 44.84209], [20.40577, 44.84172], [20.40623, 44.84129], [20.40666, 44.84079], [20.40732, 44.8402], [20.40814, 44.83932], [20.40837, 44.83917], [20.40858, 44.83919], [20.40888, 44.83933], [20.40951, 44.8395], [20.40983, 44.8395], [20.41157, 44.83871], [20.41275, 44.8385], [20.41406, 44.8382], [20.4155, 44.83793], [20.41618, 44.83776], [20.41701, 44.8374], [20.41754, 44.83675], [20.41779, 44.83616], [20.41962, 44.82736], [20.41998, 44.82607], [20.42022, 44.82563], [20.42047, 44.82548], [20.42081, 44.82549], [20.42111, 44.82518], [20.42153, 44.82494], [20.42243, 44.82451], [20.43032, 44.82098], [20.43761, 44.81766], [20.43825, 44.81722], [20.43889, 44.81651], [20.43921, 44.81583], [20.43933, 44.81495], [20.43944, 44.81473], [20.4396, 44.81471], [20.4408, 44.81481], [20.4409, 44.81477], [20.44088, 44.81466], [20.44128, 44.81464], [20.45159, 44.81518], [20.45194, 44.81525], [20.45215, 44.81519], [20.45242, 44.81523], [20.45294, 44.81518], [20.45326, 44.81526], [20.45381, 44.81521], [20.45403, 44.81503], [20.45423, 44.81496], [20.45483, 44.81486], [20.45522, 44.81487], [20.45574, 44.81473], [20.45619, 44.81467], [20.45622, 44.81456], [20.45648, 44.81443], [20.45828, 44.81408], [20.46012, 44.81338], [20.46061, 44.81343], [20.46073, 44.8134], [20.46106, 44.81275], [20.46176, 44.81155], [20.46202, 44.81095], [20.46372, 44.8079], [20.4643, 44.8069], [20.46446, 44.80637], [20.46494, 44.80557], [20.46522, 44.80495], [20.46544, 44.80463], [20.46568, 44.80442], [20.46593, 44.80409], [20.46603, 44.8037], [20.46631, 44.80305], [20.46621, 44.8029], [20.46589, 44.80268], [20.46579, 44.80251], [20.46582, 44.80237], [20.46616, 44.80201], [20.46618, 44.80191], [20.46585, 44.80075], [20.46574, 44.80004], [20.46558, 44.79989], [20.46549, 44.79939], [20.46554, 44.79883], [20.46518, 44.79703], [20.46509, 44.79565], [20.4653, 44.79497], [20.46568, 44.79422], [20.46589, 44.79353], [20.4661, 44.79311], [20.46609, 44.79274], [20.46619, 44.79255], [20.46639, 44.7924], [20.46651, 44.7921], [20.46661, 44.79154], [20.46644, 44.79084], [20.46593, 44.7893], [20.46545, 44.7874], [20.46559, 44.78725], [20.46574, 44.78721], [20.46578, 44.78725], [20.46607, 44.78729], [20.46644, 44.78696], [20.46663, 44.78688], [20.46683, 44.7867], [20.467, 44.78664], [20.4677, 44.78671], [20.46806, 44.7867], [20.46854, 44.78667], [20.4693, 44.78654], [20.47063, 44.78643], [20.47187, 44.78621], [20.47247, 44.78606], [20.47347, 44.78568], [20.47419, 44.78532], [20.47465, 44.78502], [20.47581, 44.7841], [20.47595, 44.78404], [20.47726, 44.78267], [20.47819, 44.78183], [20.47867, 44.78129], [20.4791, 44.77992], [20.48011, 44.77841], [20.48148, 44.77537], [20.4822, 44.77285], [20.48224, 44.77209], [20.48279, 44.77179], [20.48416, 44.77117], [20.48433, 44.77104], [20.48463, 44.76863], [20.4848, 44.76809], [20.48512, 44.76747], [20.48575, 44.7667], [20.48976, 44.76299], [20.48989, 44.763], [20.49066, 44.76345], [20.49105, 44.76358], [20.49163, 44.76397], [20.49187, 44.76431], [20.49194, 44.7645], [20.49193, 44.76501], [20.49198, 44.76508], [20.49214, 44.76512], [20.49232, 44.76507], [20.49243, 44.7649], [20.49406, 44.7638], [20.4953, 44.76315], [20.49617, 44.7628], [20.49667, 44.76255], [20.49685, 44.76259], [20.49699, 44.76271], [20.49769, 44.76308], [20.49872, 44.76371], [20.49918, 44.76406], [20.49968, 44.76459], [20.49995, 44.76459], [20.50012, 44.76448], [20.50015, 44.76398], [20.50005, 44.76452], [20.49987, 44.76458], [20.49961, 44.76451], [20.49937, 44.7644], [20.49851, 44.7637], [20.49707, 44.76283], [20.49687, 44.76273], [20.49661, 44.76267], [20.49552, 44.76309], [20.49461, 44.76354], [20.49404, 44.76385], [20.49314, 44.76441], [20.4919, 44.7654], [20.49118, 44.76621], [20.48739, 44.77211], [20.487, 44.77296], [20.48694, 44.77299], [20.48675, 44.77296], [20.48631, 44.77273], [20.48478, 44.77148], [20.48449, 44.77131], [20.48422, 44.77129], [20.48392, 44.77136], [20.48234, 44.77207], [20.48228, 44.77218], [20.48227, 44.77269], [20.48215, 44.77325], [20.48146, 44.77552], [20.48009, 44.77854], [20.47917, 44.77991], [20.47875, 44.7813], [20.47853, 44.78157], [20.4772, 44.78277], [20.47687, 44.78314], [20.47599, 44.78398], [20.47433, 44.78528], [20.47359, 44.7857], [20.47317, 44.78588], [20.47253, 44.7861], [20.47146, 44.78636], [20.47068, 44.7867], [20.4702, 44.78686], [20.46887, 44.78712], [20.4676, 44.78724], [20.46711, 44.78733], [20.46651, 44.7875], [20.46599, 44.78784], [20.46572, 44.78788], [20.46548, 44.78783], [20.46536, 44.78785], [20.46565, 44.78842], [20.46653, 44.79118], [20.4666, 44.79165], [20.46652, 44.79204], [20.46635, 44.79247], [20.46632, 44.79253], [20.46609, 44.79264], [20.46604, 44.79287], [20.46608, 44.79314], [20.4658, 44.79368], [20.46567, 44.79423], [20.46524, 44.79508], [20.46507, 44.79567], [20.46508, 44.79641], [20.46555, 44.799], [20.46548, 44.79939], [20.46567, 44.80041], [20.46573, 44.80054], [20.46588, 44.80065], [20.46584, 44.80081], [20.46597, 44.80115], [20.46603, 44.80163], [20.46626, 44.8017], [20.46636, 44.80204], [20.46665, 44.8024], [20.46666, 44.80256], [20.46623, 44.80351], [20.46534, 44.80517], [20.46405, 44.80746], [20.46361, 44.80838], [20.46229, 44.81071], [20.46095, 44.81336], [20.46039, 44.81458], [20.46038, 44.81486], [20.4605, 44.8153], [20.46064, 44.81555], [20.46083, 44.81571], [20.46098, 44.81578], [20.46118, 44.81581], [20.46221, 44.81569], [20.46256, 44.81476], [20.46253, 44.81456], [20.46243, 44.81447], [20.46115, 44.81432], [20.461, 44.81425], [20.46193, 44.81439], [20.4581, 44.81412], [20.45643, 44.81452], [20.45357, 44.81507], [20.45307, 44.81521], [20.45288, 44.81515], [20.45234, 44.81519], [20.45202, 44.81517], [20.45181, 44.81521], [20.45138, 44.81515], [20.44122, 44.81464], [20.44085, 44.81468], [20.44084, 44.81478], [20.44078, 44.81482], [20.44077, 44.81479], [20.44038, 44.81481], [20.44008, 44.81477], [20.43998, 44.81493], [20.43938, 44.81488], [20.4393, 44.81493], [20.43916, 44.81594], [20.43874, 44.81667], [20.43816, 44.81726], [20.43739, 44.81778], [20.42689, 44.8225], [20.42687, 44.82255], [20.42713, 44.82283], [20.42724, 44.82288], [20.42697, 44.82262], [20.4266, 44.82261], [20.42646, 44.82266], [20.42564, 44.82309], [20.42288, 44.82432], [20.42134, 44.82507], [20.4209, 44.82534], [20.42054, 44.82567], [20.4202, 44.82637], [20.41918, 44.83133], [20.41904, 44.83186], [20.41898, 44.83185], [20.41894, 44.83191], [20.41811, 44.83592], [20.41771, 44.83679], [20.41747, 44.83712], [20.41714, 44.83741], [20.41619, 44.8378], [20.41495, 44.83799], [20.41301, 44.83838], [20.41275, 44.8385], [20.41224, 44.83865], [20.41142, 44.8388], [20.40979, 44.83954], [20.40959, 44.83956], [20.40938, 44.83953], [20.4085, 44.83926], [20.40836, 44.83925], [20.40823, 44.83929], [20.40656, 44.84097], [20.40561, 44.84196], [20.40492, 44.84254], [20.40391, 44.84356], [20.40271, 44.84513], [20.40242, 44.84532], [20.40112, 44.84574], [20.40095, 44.84562], [20.39981, 44.84402], [20.39921, 44.84344], [20.39772, 44.84168], [20.39724, 44.84118], [20.39709, 44.84111], [20.39246, 44.84108], [20.39182, 44.8411], [20.39047, 44.84133], [20.38554, 44.84198], [20.38046, 44.84262], [20.37999, 44.8427], [20.37989, 44.84276], [20.37986, 44.84276], [20.37997, 44.84268], [20.38027, 44.8426], [20.38067, 44.84257], [20.39199, 44.84107], [20.3928, 44.84104]]}, "properties": {"id": 19589118687, "name": "Nightie", "sport": "Ride", "date": "2026-08-03", "distance_km": 33.55, "moving_time_s": 5614, "elev_gain_m": 261, "avg_speed_kmh": 21.5, "avg_hr": null}}, {"type": "Feature", "geometry": {"type": "LineString", "coordinates": [[20.39015, 44.84296], [20.39149, 44.84279], [20.39253, 44.84263], [20.39319, 44.84257], [20.39339, 44.84253], [20.39341, 44.84253], [20.39342, 44.84256], [20.39342, 44.84254], [20.39344, 44.84254], [20.39353, 44.84255], [20.39357, 44.84257], [20.39388, 44.8429], [20.39393, 44.84298], [20.39408, 44.84322], [20.39431, 44.84356], [20.39442, 44.84374], [20.39449, 44.8439], [20.3946, 44.84402], [20.3952, 44.84496], [20.39542, 44.84533], [20.39546, 44.84537], [20.39557, 44.84542], [20.39559, 44.84545], [20.3957, 44.84581], [20.39631, 44.8469], [20.3965, 44.84715], [20.39662, 44.84734], [20.39668, 44.84738], [20.39684, 44.84742], [20.39706, 44.84729], [20.39727, 44.84719], [20.40004, 44.84617], [20.40025, 44.84611], [20.40074, 44.84593], [20.40102, 44.84585], [20.40103, 44.84582], [20.40106, 44.84581], [20.40109, 44.84581], [20.40115, 44.84587], [20.4014, 44.84618], [20.40152, 44.8463], [20.40166, 44.84652], [20.40196, 44.84685], [20.40207, 44.84698], [20.40213, 44.84702], [20.40225, 44.84703], [20.40247, 44.84697], [20.40283, 44.84677], [20.40303, 44.84669], [20.40313, 44.84667], [20.40458, 44.8466], [20.40562, 44.84644], [20.40615, 44.84638], [20.40629, 44.84639], [20.40703, 44.84653], [20.40782, 44.84655], [20.40811, 44.84654], [20.40854, 44.84648], [20.40881, 44.84641], [20.40918, 44.84638], [20.40984, 44.8465], [20.41057, 44.84649], [20.41123, 44.84659], [20.41248, 44.84671], [20.41295, 44.8468], [20.41343, 44.84685], [20.41416, 44.84688], [20.41427, 44.84687], [20.41447, 44.84681], [20.41456, 44.84675], [20.41462, 44.84668], [20.41484, 44.84639], [20.41518, 44.84581], [20.41539, 44.84554], [20.41601, 44.84461], [20.41652, 44.84392], [20.41664, 44.84366], [20.41676, 44.8435], [20.41702, 44.84292], [20.4174, 44.84218], [20.41747, 44.8419], [20.41774, 44.84137], [20.41779, 44.84122], [20.41781, 44.84102], [20.41793, 44.84051], [20.41818, 44.83969], [20.41828, 44.83925], [20.41845, 44.83882], [20.41855, 44.83837], [20.4188, 44.83761], [20.41891, 44.83708], [20.41896, 44.83702], [20.41907, 44.83697], [20.41898, 44.83689], [20.41896, 44.83678], [20.41904, 44.83661], [20.41911, 44.83622], [20.41924, 44.8359], [20.41929, 44.83557], [20.41944, 44.83508], [20.41956, 44.83446], [20.4196, 44.83413], [20.41964, 44.83399], [20.41981, 44.83358], [20.41982, 44.83329], [20.41991, 44.833], [20.42009, 44.83257], [20.42025, 44.83198], [20.42041, 44.8316], [20.42051, 44.83118], [20.42076, 44.83062], [20.4209, 44.83035], [20.42106, 44.82985], [20.42134, 44.82934], [20.42151, 44.82898], [20.42203, 44.82807], [20.42221, 44.82739], [20.42224, 44.82676], [20.42235, 44.82635], [20.4225, 44.82613], [20.42288, 44.82573], [20.42335, 44.82531], [20.42394, 44.82486], [20.4245, 44.82451], [20.42469, 44.82433], [20.42478, 44.8243], [20.425, 44.82427], [20.4252, 44.8242], [20.42542, 44.82402], [20.42582, 44.82379], [20.42653, 44.82334], [20.42701, 44.82308], [20.42714, 44.82297], [20.42721, 44.82292], [20.42741, 44.82284], [20.42762, 44.8228], [20.42782, 44.82272], [20.42816, 44.82253], [20.42844, 44.82241], [20.42877, 44.8222], [20.42913, 44.82203], [20.42966, 44.82196], [20.43048, 44.82179], [20.43092, 44.82174], [20.43378, 44.82156], [20.43409, 44.82156], [20.43463, 44.82161], [20.43473, 44.8216], [20.43484, 44.82158], [20.43502, 44.82148], [20.43509, 44.82141], [20.43515, 44.82125], [20.43521, 44.82119], [20.4353, 44.82114], [20.43551, 44.8211], [20.43562, 44.8211], [20.4359, 44.82121], [20.4361, 44.82125], [20.43661, 44.82133], [20.43713, 44.82136], [20.43743, 44.82141], [20.43792, 44.82156], [20.43853, 44.82167], [20.43872, 44.82168], [20.43917, 44.82169], [20.4393, 44.82166], [20.43933, 44.82164], [20.43933, 44.82162], [20.43924, 44.82163], [20.43918, 44.82167], [20.43909, 44.82169], [20.43847, 44.82167], [20.43775, 44.82151], [20.43738, 44.82139], [20.43689, 44.82133], [20.43661, 44.82134], [20.43641, 44.82132], [20.4359, 44.82123], [20.4355, 44.82112], [20.43539, 44.82112], [20.43529, 44.82116], [20.43511, 44.82125], [20.43498, 44.82149], [20.43491, 44.82156], [20.43481, 44.8216], [20.4347, 44.82162], [20.43458, 44.82162], [20.43423, 44.82158], [20.43379, 44.82156], [20.43121, 44.82171], [20.43041, 44.82179], [20.42907, 44.82205], [20.42898, 44.82208], [20.42866, 44.82226], [20.42843, 44.82242], [20.42766, 44.82279], [20.42714, 44.82293], [20.42705, 44.82297], [20.42698, 44.82301], [20.42688, 44.82314], [20.42681, 44.8232], [20.42664, 44.8233], [20.42633, 44.82344], [20.42592, 44.82374], [20.4254, 44.82403], [20.42509, 44.82426], [20.42499, 44.8243], [20.42466, 44.82435], [20.42456, 44.82438], [20.42448, 44.82442], [20.42442, 44.82449], [20.42431, 44.82464], [20.42382, 44.82495], [20.42353, 44.82519], [20.42309, 44.82554], [20.42301, 44.82562], [20.42287, 44.82573], [20.42278, 44.82585], [20.42249, 44.82619], [20.42232, 44.82647], [20.42225, 44.82693], [20.42223, 44.82728], [20.42214, 44.8277], [20.42205, 44.82799], [20.42204, 44.82809], [20.42202, 44.82815], [20.42184, 44.82839], [20.4216, 44.82886], [20.42144, 44.82911], [20.42099, 44.83003], [20.42086, 44.8304], [20.42075, 44.83063], [20.42068, 44.83084], [20.42062, 44.83095], [20.42054, 44.8312], [20.42046, 44.83137], [20.42029, 44.83198], [20.42011, 44.83238], [20.42006, 44.83267], [20.41981, 44.83343], [20.41975, 44.83372], [20.41947, 44.83478], [20.41941, 44.8351], [20.4193, 44.83547], [20.4193, 44.83571], [20.4192, 44.83596], [20.41915, 44.83624], [20.41906, 44.83641], [20.41897, 44.8369], [20.41909, 44.83717], [20.4191, 44.83734], [20.41903, 44.83751], [20.41895, 44.83781], [20.41889, 44.83816], [20.4188, 44.8384], [20.41876, 44.83859], [20.41872, 44.83864], [20.41854, 44.83872], [20.41842, 44.83881], [20.41838, 44.83906], [20.41822, 44.83964], [20.41813, 44.83984], [20.41802, 44.84029], [20.41789, 44.84069], [20.41786, 44.8409], [20.41769, 44.8415], [20.41744, 44.84207], [20.41732, 44.84219], [20.41723, 44.84221], [20.41716, 44.84219], [20.41696, 44.84203], [20.4156, 44.84119], [20.41507, 44.84082], [20.41476, 44.84065], [20.41463, 44.84064], [20.41448, 44.84069], [20.41442, 44.84074], [20.41418, 44.84112], [20.41349, 44.84202], [20.41324, 44.84225], [20.41326, 44.84225], [20.41323, 44.8423], [20.41306, 44.84246], [20.41287, 44.84272], [20.41277, 44.8428], [20.41265, 44.84287], [20.41258, 44.84289], [20.4125, 44.84289], [20.41242, 44.84286], [20.41225, 44.84279], [20.4122, 44.84274], [20.41188, 44.84258], [20.41156, 44.84247], [20.41105, 44.84226], [20.4109, 44.84226], [20.41082, 44.84229], [20.41077, 44.84235], [20.41071, 44.84249], [20.41058, 44.84267], [20.41042, 44.84284], [20.41028, 44.84301], [20.4101, 44.84319], [20.40997, 44.84328], [20.4099, 44.84332], [20.40986, 44.84336], [20.4098, 44.84336], [20.40974, 44.84334], [20.40961, 44.84324], [20.40894, 44.8428], [20.40886, 44.84279], [20.40876, 44.84279], [20.40866, 44.84284], [20.40862, 44.84291], [20.4086, 44.84298], [20.40847, 44.84317], [20.40828, 44.84338], [20.40822, 44.84345], [20.40821, 44.84349], [20.40814, 44.84356], [20.40769, 44.84392], [20.4076, 44.84396], [20.40754, 44.84396], [20.40742, 44.84387], [20.4072, 44.84365], [20.40653, 44.8431], [20.40595, 44.84268], [20.40573, 44.8425], [20.40544, 44.8423], [20.40531, 44.84226], [20.40519, 44.84225], [20.40508, 44.8423], [20.40493, 44.84248], [20.40484, 44.84261], [20.40458, 44.84285], [20.40433, 44.84313], [20.40421, 44.84323], [20.40408, 44.84339], [20.40395, 44.84351], [20.40305, 44.84464], [20.40284, 44.84496], [20.40268, 44.84515], [20.40249, 44.8453], [20.40243, 44.84532], [20.40203, 44.84542], [20.40181, 44.84549], [20.40142, 44.84567], [20.40111, 44.84575], [20.40101, 44.84573], [20.40097, 44.8457], [20.40075, 44.84532], [20.40058, 44.84509], [20.40047, 44.84489], [20.40032, 44.84471], [20.40001, 44.84427], [20.39951, 44.84366], [20.39935, 44.84351], [20.3993, 44.84348], [20.39915, 44.84348], [20.39855, 44.84361], [20.39822, 44.84363], [20.39781, 44.8437], [20.39751, 44.84377], [20.39743, 44.84377], [20.39734, 44.84375], [20.39725, 44.84369], [20.39717, 44.84361], [20.39701, 44.84317], [20.39677, 44.84266]]}, "properties": {"id": 19488190444, "name": "Quickie", "sport": "Ride", "date": "2026-07-27", "distance_km": 12.52, "moving_time_s": 1717, "elev_gain_m": 35, "avg_speed_kmh": 26.3, "avg_hr": null}}, {"type": "Feature", "geometry": {"type": "LineString", "coordinates": [[20.39684, 44.84109], [20.39699, 44.84111], [20.39723, 44.84109], [20.39745, 44.84128], [20.39756, 44.84132], [20.39769, 44.84136], [20.39877, 44.84124], [20.39974, 44.84123], [20.40042, 44.84126], [20.40167, 44.8414], [20.40193, 44.84141], [20.40279, 44.84137], [20.40394, 44.84147], [20.40408, 44.8415], [20.40428, 44.84151], [20.40448, 44.84157], [20.40484, 44.84185], [20.40512, 44.84204], [20.40524, 44.84209], [20.40531, 44.84209], [20.40544, 44.84202], [20.40566, 44.84176], [20.40641, 44.84107], [20.40647, 44.84106], [20.40659, 44.84109], [20.4066, 44.84106], [20.40664, 44.84103], [20.40675, 44.84106], [20.40682, 44.84104], [20.40723, 44.8406], [20.40731, 44.84054], [20.40738, 44.84053], [20.40752, 44.84054], [20.40777, 44.84067], [20.40838, 44.84092], [20.40974, 44.84142], [20.41001, 44.8415], [20.41033, 44.84163], [20.41039, 44.84167], [20.41045, 44.84176], [20.41054, 44.84204], [20.41061, 44.84212], [20.41094, 44.84222], [20.41154, 44.84249], [20.4123, 44.84275], [20.41252, 44.84286], [20.41265, 44.84286], [20.41275, 44.84278], [20.41296, 44.84255], [20.41307, 44.84248], [20.41327, 44.8424], [20.4134, 44.84242], [20.41366, 44.84251], [20.41408, 44.84262], [20.41444, 44.84264], [20.4147, 44.84237], [20.41525, 44.84196], [20.41561, 44.84167], [20.41581, 44.84146], [20.41593, 44.8414], [20.41608, 44.84143], [20.41619, 44.84148], [20.41697, 44.84198], [20.41729, 44.84215], [20.41738, 44.84214], [20.41745, 44.84203], [20.41745, 44.84191], [20.41769, 44.84139], [20.41785, 44.84088], [20.41821, 44.83951], [20.4185, 44.83867], [20.41855, 44.83839], [20.41866, 44.83797], [20.41883, 44.83745], [20.41887, 44.83714], [20.4189, 44.83708], [20.41904, 44.83695], [20.41898, 44.83682], [20.41898, 44.83673], [20.4191, 44.83648], [20.41913, 44.83622], [20.41927, 44.83576], [20.4193, 44.83549], [20.41947, 44.83482], [20.4195, 44.83458], [20.41958, 44.83424], [20.42002, 44.8327], [20.42053, 44.8312], [20.42088, 44.83036], [20.42092, 44.83018], [20.42145, 44.8291], [20.42202, 44.8281], [20.42224, 44.82732], [20.42225, 44.82694], [20.42233, 44.82644], [20.42237, 44.82634], [20.42262, 44.82603], [20.42299, 44.82564], [20.42358, 44.82513], [20.42389, 44.8249], [20.42453, 44.82449], [20.42475, 44.82431], [20.42506, 44.82427], [20.42521, 44.82421], [20.42547, 44.824], [20.42599, 44.8237], [20.42649, 44.82336], [20.42696, 44.82313], [20.42711, 44.82299], [20.42721, 44.82292], [20.42734, 44.82287], [20.42755, 44.82282], [20.42802, 44.82263], [20.42915, 44.82203], [20.42989, 44.82191], [20.43028, 44.82183], [20.43106, 44.82173], [20.43187, 44.82169], [20.4327, 44.82162], [20.43379, 44.82156], [20.43458, 44.82161], [20.43474, 44.8216], [20.43489, 44.82155], [20.43501, 44.82148], [20.43509, 44.82139], [20.43516, 44.82124], [20.43521, 44.8212], [20.43534, 44.82115], [20.43555, 44.82113], [20.43568, 44.82115], [20.43594, 44.82125], [20.43651, 44.82134], [20.43699, 44.82134], [20.43743, 44.8214], [20.43791, 44.82156], [20.43836, 44.82165], [20.43864, 44.82169], [20.43896, 44.8217], [20.43908, 44.82168], [20.43958, 44.82156], [20.43964, 44.8215], [20.43965, 44.82146], [20.43957, 44.82135], [20.43928, 44.82076], [20.43909, 44.82044], [20.43874, 44.81972], [20.43846, 44.81925], [20.43816, 44.81884], [20.4375, 44.81813], [20.43735, 44.81799], [20.43726, 44.81785], [20.43731, 44.81779], [20.43752, 44.81773], [20.43778, 44.81757], [20.43822, 44.81725], [20.43865, 44.81682], [20.43881, 44.81663], [20.43898, 44.81636], [20.43921, 44.81583], [20.4393, 44.81544], [20.43933, 44.81493], [20.43936, 44.8149], [20.43941, 44.81488], [20.43948, 44.81487], [20.44004, 44.81493], [20.44014, 44.81485], [20.44026, 44.81489], [20.44033, 44.81488], [20.44038, 44.81483], [20.44043, 44.81483], [20.4404, 44.8148], [20.43979, 44.81475], [20.4397, 44.81477], [20.43956, 44.81485], [20.43937, 44.81486], [20.43932, 44.81489], [20.43933, 44.81508], [20.43928, 44.81553], [20.43918, 44.81591], [20.43899, 44.81635], [20.4388, 44.81665], [20.43841, 44.81709], [20.43804, 44.81739], [20.43763, 44.81766], [20.4373, 44.81782], [20.43725, 44.81786], [20.43727, 44.81794], [20.43756, 44.81819], [20.43817, 44.81886], [20.43846, 44.81926], [20.43903, 44.8203], [20.43965, 44.8215], [20.43964, 44.82152], [20.43955, 44.82156], [20.43914, 44.82166], [20.43887, 44.82168], [20.43856, 44.82166], [20.43826, 44.82161], [20.43778, 44.8215], [20.43743, 44.8214], [20.43725, 44.82137], [20.43712, 44.82135], [20.43659, 44.82133], [20.43615, 44.82128], [20.43596, 44.82124], [20.43557, 44.82112], [20.43545, 44.82111], [20.43524, 44.82118], [20.43515, 44.82123], [20.43497, 44.82148], [20.43481, 44.82155], [20.43466, 44.8216], [20.43455, 44.8216], [20.43433, 44.82157], [20.43369, 44.82156], [20.43255, 44.82161], [20.43238, 44.82164], [20.43106, 44.82171], [20.43051, 44.82178], [20.4295, 44.82198], [20.42909, 44.82204], [20.42875, 44.82221], [20.42838, 44.82243], [20.42788, 44.82267], [20.42754, 44.82281], [20.4273, 44.82287], [20.42718, 44.82292], [20.42673, 44.82325], [20.42634, 44.82342], [20.42581, 44.82378], [20.42548, 44.82396], [20.42514, 44.82421], [20.4249, 44.82429], [20.42466, 44.82433], [20.4246, 44.82435], [20.42444, 44.82455], [20.42422, 44.82466], [20.42387, 44.8249], [20.42317, 44.82545], [20.42292, 44.82568], [20.42254, 44.8261], [20.42237, 44.82634], [20.4223, 44.82652], [20.42223, 44.82686], [20.4222, 44.82729], [20.42216, 44.82756], [20.422, 44.82809], [20.42139, 44.82917], [20.42091, 44.83019], [20.42087, 44.8304], [20.42075, 44.83068], [20.42069, 44.83076], [20.42055, 44.83111], [20.41985, 44.83328], [20.41953, 44.83449], [20.41947, 44.83486], [20.41937, 44.83528], [20.41931, 44.83546], [20.41929, 44.83568], [20.41924, 44.83589], [20.41903, 44.83647], [20.41905, 44.83663], [20.41898, 44.83681], [20.41902, 44.83703], [20.41912, 44.83722], [20.41907, 44.83752], [20.41876, 44.83851], [20.41868, 44.83889], [20.41856, 44.83922], [20.41847, 44.83935], [20.41846, 44.83955], [20.41838, 44.83992], [20.41796, 44.84132], [20.41789, 44.84165], [20.41782, 44.84177], [20.41778, 44.84199], [20.4177, 44.84221], [20.41759, 44.84237], [20.41748, 44.84271], [20.41741, 44.84282], [20.41733, 44.84304], [20.41719, 44.84324], [20.417, 44.84366], [20.41688, 44.84385], [20.41681, 44.84408], [20.41646, 44.8446], [20.41629, 44.84494], [20.41615, 44.84506], [20.4161, 44.84518], [20.41587, 44.84549], [20.41573, 44.84573], [20.41558, 44.84589], [20.41553, 44.846], [20.41544, 44.84603], [20.41534, 44.84615], [20.41527, 44.84618], [20.41514, 44.84617], [20.41504, 44.84612], [20.41499, 44.84615], [20.41462, 44.84658], [20.41451, 44.84679], [20.41447, 44.8469], [20.41444, 44.84691], [20.41434, 44.84691], [20.41399, 44.84686], [20.41344, 44.84685], [20.41301, 44.8468], [20.41278, 44.84675], [20.41222, 44.8467], [20.41202, 44.84666], [20.41125, 44.84659], [20.41104, 44.84655], [20.41077, 44.84654], [20.41029, 44.84649], [20.40965, 44.84649], [20.40907, 44.8464], [20.40908, 44.84641], [20.40905, 44.84629], [20.40945, 44.84601], [20.4094, 44.84593], [20.40899, 44.84571], [20.4087, 44.84548], [20.40843, 44.84532], [20.40832, 44.84522], [20.40803, 44.84502], [20.40798, 44.84496], [20.40778, 44.8448], [20.40715, 44.84437], [20.4069, 44.84423], [20.40678, 44.84411], [20.40637, 44.84385], [20.40624, 44.84379], [20.40615, 44.84371], [20.40592, 44.84358], [20.40504, 44.843], [20.40499, 44.84295], [20.40501, 44.84289], [20.40537, 44.84259], [20.40551, 44.8425], [20.40556, 44.84243], [20.40555, 44.84239], [20.40549, 44.84233], [20.4054, 44.84229], [20.4052, 44.84225], [20.4051, 44.84209], [20.40495, 44.84194], [20.40432, 44.84153], [20.40417, 44.84147], [20.40394, 44.84148], [20.40369, 44.84145], [20.40334, 44.84144], [20.40311, 44.84142], [20.40259, 44.8414], [20.40195, 44.84145], [20.40169, 44.84145], [20.40054, 44.8413], [20.4001, 44.84129], [20.40005, 44.84126], [20.39993, 44.84124], [20.39904, 44.84124], [20.39812, 44.84131], [20.39779, 44.84138], [20.39768, 44.84139], [20.39758, 44.84143], [20.39756, 44.84147], [20.39766, 44.84165], [20.39766, 44.84177], [20.39699, 44.84181], [20.39662, 44.84187], [20.39652, 44.84185], [20.39638, 44.8419], [20.39623, 44.84191], [20.39592, 44.84209], [20.39571, 44.84216], [20.39477, 44.84233], [20.39442, 44.84237], [20.39386, 44.84248], [20.39354, 44.84259], [20.39324, 44.84259], [20.39281, 44.84263], [20.39189, 44.84277], [20.39092, 44.8429], [20.39049, 44.84292], [20.39014, 44.84298]]}, "properties": {"id": 19487763630, "name": "Chill", "sport": "Ride", "date": "2026-07-27", "distance_km": 13.9, "moving_time_s": 2979, "elev_gain_m": 31, "avg_speed_kmh": 16.8, "avg_hr": null}}, {"type": "Feature", "geometry": {"type": "LineString", "coordinates": [[20.39763, 44.84175], [20.39768, 44.84171], [20.39768, 44.84156], [20.39753, 44.84145], [20.39754, 44.84141], [20.39868, 44.84127], [20.39919, 44.84124], [20.40035, 44.84126], [20.40177, 44.84143], [20.40215, 44.84145], [20.40284, 44.84139], [20.40313, 44.84138], [20.40416, 44.8415], [20.4044, 44.84149], [20.40513, 44.84209], [20.40521, 44.84214], [20.40531, 44.84215], [20.40544, 44.84211], [20.40642, 44.84103], [20.40733, 44.8402], [20.40827, 44.83921], [20.40834, 44.83901], [20.40829, 44.83893], [20.40794, 44.83869], [20.40772, 44.83849], [20.40688, 44.83757], [20.40679, 44.83744], [20.40681, 44.83735], [20.40684, 44.83732], [20.40767, 44.83708], [20.40864, 44.83668], [20.40964, 44.83636], [20.40982, 44.83627], [20.4099, 44.83617], [20.40989, 44.8361], [20.40935, 44.83559], [20.40926, 44.83543], [20.4091, 44.83536], [20.40909, 44.83524], [20.40913, 44.8351], [20.40929, 44.83487], [20.40948, 44.83426], [20.40966, 44.83382], [20.40972, 44.83368], [20.40987, 44.83352], [20.40991, 44.83341], [20.40995, 44.83326], [20.40984, 44.83316], [20.41039, 44.83162], [20.41058, 44.83086], [20.41067, 44.83061], [20.41087, 44.83053], [20.41089, 44.83048], [20.41093, 44.83033], [20.41094, 44.83004], [20.41107, 44.82967], [20.41121, 44.82946], [20.4112, 44.82931], [20.41135, 44.82876], [20.41185, 44.82739], [20.4126, 44.82511], [20.41267, 44.82474], [20.41233, 44.82436], [20.41266, 44.82415], [20.41268, 44.82406], [20.41264, 44.82397], [20.41273, 44.82391], [20.41307, 44.82379], [20.41333, 44.82385], [20.41367, 44.82377], [20.41537, 44.823], [20.41625, 44.82256], [20.41678, 44.82236], [20.41694, 44.82227], [20.41724, 44.82227], [20.41749, 44.82214], [20.41756, 44.82202], [20.4178, 44.82188], [20.41829, 44.82171], [20.41926, 44.82126], [20.41954, 44.8211], [20.4197, 44.82106], [20.41999, 44.82095], [20.42, 44.82092], [20.41994, 44.82091], [20.41943, 44.82119], [20.41894, 44.82138], [20.4186, 44.82157], [20.41756, 44.82202], [20.41735, 44.82195], [20.41719, 44.82185], [20.41653, 44.82106], [20.41653, 44.8211], [20.41682, 44.82144], [20.41726, 44.82189], [20.41744, 44.82197], [20.41774, 44.82195], [20.41947, 44.82115], [20.42005, 44.82092], [20.42045, 44.82071], [20.42164, 44.82016], [20.42218, 44.81994], [20.42268, 44.81969], [20.42335, 44.8194], [20.42369, 44.81934], [20.42382, 44.81929], [20.42408, 44.81906], [20.42547, 44.81847], [20.4271, 44.81772], [20.42774, 44.81745], [20.42805, 44.81735], [20.42837, 44.81713], [20.42878, 44.81693], [20.42957, 44.81657], [20.43007, 44.81638], [20.43045, 44.81619], [20.43087, 44.81604], [20.43216, 44.81542], [20.43409, 44.81469], [20.43431, 44.81465], [20.43441, 44.81468], [20.43495, 44.81449], [20.43579, 44.81431], [20.43589, 44.8143], [20.4362, 44.81436], [20.43696, 44.81421], [20.43786, 44.81417], [20.43872, 44.81419], [20.43891, 44.81417], [20.43912, 44.81408], [20.43959, 44.81405], [20.43967, 44.81408], [20.43981, 44.81426], [20.43997, 44.81431], [20.44072, 44.81434], [20.44118, 44.81441], [20.44548, 44.81463], [20.44743, 44.81475], [20.45003, 44.81488], [20.4509, 44.8149], [20.45127, 44.81494], [20.45146, 44.81494], [20.45182, 44.81485], [20.45193, 44.81496], [20.45271, 44.815], [20.45326, 44.81499], [20.45326, 44.81536], [20.4531, 44.8158], [20.45303, 44.8162], [20.45306, 44.81634], [20.45299, 44.81636], [20.45307, 44.81653], [20.45318, 44.81659], [20.45381, 44.81666], [20.45428, 44.81666], [20.4545, 44.81673], [20.45493, 44.81709], [20.4554, 44.81727], [20.45564, 44.81745], [20.45614, 44.81772], [20.45644, 44.81797], [20.45641, 44.81811], [20.45646, 44.81814], [20.45672, 44.81818], [20.45679, 44.81823], [20.45715, 44.81864], [20.45732, 44.81878], [20.45744, 44.81883], [20.45773, 44.81866], [20.4584, 44.81813], [20.45857, 44.81803], [20.45911, 44.81757], [20.45928, 44.81748], [20.45938, 44.81736], [20.45961, 44.8172], [20.45979, 44.81713], [20.46017, 44.81685], [20.46024, 44.81676], [20.46031, 44.81654], [20.46046, 44.81635], [20.46049, 44.81607], [20.46068, 44.81597], [20.46072, 44.81592], [20.46069, 44.81587], [20.46064, 44.81583], [20.45056, 44.8147], [20.45102, 44.81472], [20.45136, 44.81469], [20.45239, 44.81436], [20.45269, 44.81428], [20.45289, 44.81427], [20.45314, 44.81428], [20.45324, 44.81432], [20.45328, 44.8144], [20.45317, 44.81471], [20.45286, 44.81525], [20.45257, 44.81536], [20.45241, 44.81538], [20.45214, 44.81535], [20.4519, 44.81524], [20.45156, 44.81517], [20.45161, 44.81517], [20.44691, 44.81494], [20.44648, 44.8149], [20.44521, 44.81486], [20.44185, 44.81466], [20.44125, 44.81464], [20.44091, 44.81467], [20.44083, 44.81472], [20.44084, 44.81477], [20.44089, 44.81484], [20.44117, 44.81494], [20.44154, 44.81492], [20.44214, 44.81499], [20.44469, 44.81513], [20.44474, 44.81512], [20.44455, 44.81507], [20.444, 44.81508], [20.44384, 44.81504], [20.44377, 44.81498], [20.44365, 44.81495], [20.44303, 44.81494], [20.44236, 44.81489], [20.44123, 44.81485], [20.44056, 44.81478], [20.44004, 44.81477], [20.43997, 44.81492], [20.43949, 44.81487], [20.43938, 44.81488], [20.43933, 44.8149], [20.43929, 44.815], [20.43927, 44.81554], [20.4392, 44.81588], [20.43905, 44.81622], [20.43875, 44.81666], [20.43836, 44.81713], [20.43777, 44.81757], [20.43727, 44.81782], [20.43726, 44.81788], [20.4381, 44.81877], [20.43852, 44.81933], [20.43964, 44.82147], [20.43964, 44.82153], [20.43944, 44.8216], [20.43944, 44.82166], [20.43937, 44.8216], [20.439, 44.82168], [20.43848, 44.82166], [20.43737, 44.82137], [20.43649, 44.82132], [20.43592, 44.82121], [20.43562, 44.82113], [20.43536, 44.82113], [20.43514, 44.82124], [20.43502, 44.82145], [20.43485, 44.82155], [20.43445, 44.82162], [20.43428, 44.8217], [20.43393, 44.82168], [20.42397, 44.82482], [20.42336, 44.82531], [20.4233, 44.82534], [20.42288, 44.82573], [20.42252, 44.82614], [20.42233, 44.82645], [20.42223, 44.82692], [20.42219, 44.82746], [20.42201, 44.82805], [20.4209, 44.83019], [20.42088, 44.8304], [20.42052, 44.8312], [20.4199, 44.83309], [20.41957, 44.83438], [20.41946, 44.83467], [20.41945, 44.83492], [20.41922, 44.836], [20.41914, 44.83618], [20.41913, 44.83616], [20.41906, 44.83649], [20.41903, 44.8365], [20.41905, 44.83659], [20.41895, 44.83687], [20.41911, 44.83718], [20.41912, 44.8373], [20.41902, 44.83747], [20.41885, 44.83817], [20.41877, 44.83832], [20.41871, 44.83874], [20.41859, 44.83916], [20.4185, 44.8393], [20.41831, 44.84016], [20.41818, 44.84057], [20.41793, 44.84119], [20.4179, 44.84121], [20.41787, 44.84163], [20.41779, 44.8418], [20.41765, 44.84234], [20.41744, 44.84266], [20.41718, 44.84336], [20.41705, 44.84356], [20.41697, 44.84378], [20.41638, 44.84479], [20.41563, 44.84586], [20.41533, 44.84618], [20.4152, 44.84619], [20.41486, 44.84608], [20.41458, 44.84592], [20.41413, 44.84575], [20.41385, 44.8456], [20.41331, 44.84541], [20.41299, 44.84522], [20.41272, 44.84513], [20.41229, 44.84503], [20.41169, 44.84477], [20.41119, 44.84462], [20.41115, 44.84465], [20.41114, 44.84463], [20.41098, 44.84473], [20.41062, 44.84505], [20.41037, 44.84533], [20.40933, 44.84624], [20.40914, 44.84636], [20.40893, 44.84645], [20.40831, 44.84661], [20.40778, 44.84681], [20.40741, 44.84702], [20.40685, 44.84739], [20.40588, 44.84791], [20.40509, 44.84841], [20.40463, 44.84858], [20.40404, 44.84874], [20.40285, 44.84918], [20.40221, 44.84935], [20.40206, 44.84936], [20.40195, 44.84929], [20.40151, 44.84868], [20.40117, 44.84833], [20.40077, 44.84786], [20.39971, 44.84643], [20.39964, 44.8464], [20.39948, 44.84641], [20.39901, 44.84661], [20.39682, 44.84737], [20.39676, 44.84738], [20.39664, 44.84736], [20.39616, 44.84677], [20.39585, 44.84611], [20.39566, 44.84583], [20.39541, 44.84557], [20.3952, 44.84505], [20.39478, 44.84444], [20.3945, 44.84396], [20.39388, 44.84304], [20.39351, 44.84262]]}, "properties": {"id": 19464241907, "name": "Relax", "sport": "Ride", "date": "2026-07-25", "distance_km": 17.18, "moving_time_s": 3247, "elev_gain_m": 87, "avg_speed_kmh": 19.0, "avg_hr": null}}, {"type": "Feature", "geometry": {"type": "LineString", "coordinates": [[19.91913, 45.1449], [19.91984, 45.14624], [19.92081, 45.14677], [19.92553, 45.14608], [19.92584, 45.14714], [19.92649, 45.14714], [19.92756, 45.14655], [19.9297, 45.14797], [19.93145, 45.14863], [19.93225, 45.14914], [19.92777, 45.15042], [19.92484, 45.15191], [19.92231, 45.15292], [19.91838, 45.15349], [19.91791, 45.1532], [19.91767, 45.1523], [19.91588, 45.15156], [19.91498, 45.15167], [19.91366, 45.15245], [19.91279, 45.15256], [19.91222, 45.15246], [19.91091, 45.1517], [19.9089, 45.1514], [19.90777, 45.15027], [19.90765, 45.14835], [19.90728, 45.1472], [19.9064, 45.14651], [19.90605, 45.14571], [19.90515, 45.14564], [19.90435, 45.14581], [19.90388, 45.14612], [19.90314, 45.14765], [19.9021, 45.14833], [19.90109, 45.14939], [19.89699, 45.1513], [19.89588, 45.15291], [19.89495, 45.1535], [19.89413, 45.15381], [19.89257, 45.15391], [19.89126, 45.15485], [19.89051, 45.15576], [19.88882, 45.15575], [19.88609, 45.15533], [19.88264, 45.1557], [19.87683, 45.15763], [19.87504, 45.15894], [19.87244, 45.158], [19.8719, 45.15819], [19.8714, 45.15881], [19.87073, 45.15879], [19.86977, 45.15848], [19.86936, 45.15771], [19.86906, 45.15757], [19.86773, 45.15838], [19.86642, 45.15847], [19.86401, 45.15799], [19.86319, 45.15732], [19.86267, 45.1572], [19.86168, 45.15743], [19.86007, 45.15874], [19.85965, 45.15881], [19.85926, 45.15861], [19.85884, 45.15754], [19.85836, 45.15714], [19.85558, 45.15692], [19.85502, 45.15542], [19.85335, 45.15456], [19.85209, 45.15438], [19.85113, 45.1547], [19.84928, 45.1546], [19.84862, 45.15435], [19.84776, 45.15355], [19.8469, 45.15393], [19.84502, 45.15415], [19.84324, 45.15514], [19.84129, 45.15503], [19.84084, 45.15476], [19.84049, 45.15422], [19.84092, 45.15224], [19.84055, 45.15198], [19.83947, 45.15178], [19.83922, 45.15063], [19.83763, 45.15111], [19.83562, 45.15095], [19.83297, 45.15189], [19.83228, 45.15168], [19.832, 45.15052], [19.83128, 45.15005], [19.82918, 45.14984], [19.82894, 45.15024], [19.82902, 45.14986], [19.82454, 45.14975], [19.82404, 45.14988], [19.82344, 45.15055], [19.82298, 45.15232], [19.82202, 45.15359], [19.82164, 45.15359], [19.81891, 45.15259], [19.81813, 45.1526], [19.81601, 45.1532], [19.81377, 45.15487], [19.81103, 45.15476], [19.80974, 45.15579], [19.80859, 45.1562], [19.80505, 45.15631], [19.80307, 45.15677], [19.80097, 45.15667], [19.79952, 45.15736], [19.79818, 45.15703], [19.79693, 45.15719], [19.79577, 45.15686], [19.79437, 45.15718], [19.79281, 45.15703], [19.79144, 45.15748], [19.78752, 45.15801], [19.78657, 45.15833], [19.78507, 45.15925], [19.7835, 45.15949], [19.78255, 45.15907], [19.78279, 45.15891], [19.78265, 45.15813], [19.78189, 45.15731], [19.78148, 45.15711], [19.78036, 45.15733], [19.78012, 45.15732], [19.78018, 45.15717], [19.78005, 45.15734], [19.77867, 45.15768], [19.7757, 45.15777], [19.7736, 45.15864], [19.77118, 45.15928], [19.77021, 45.15986], [19.76925, 45.16074], [19.76875, 45.16093], [19.76778, 45.16081], [19.76688, 45.15975], [19.76591, 45.15938], [19.76386, 45.16043], [19.76186, 45.16044], [19.75958, 45.16138], [19.75864, 45.16105], [19.75705, 45.16084], [19.7565, 45.15927], [19.75535, 45.15816], [19.75285, 45.15747], [19.75122, 45.15659], [19.74939, 45.15656], [19.74937, 45.15667], [19.74935, 45.15655], [19.74627, 45.15623], [19.74368, 45.15642], [19.74308, 45.15661], [19.74175, 45.15792], [19.74034, 45.15809], [19.73937, 45.15767], [19.7384, 45.15657], [19.73781, 45.15645], [19.73438, 45.1564], [19.73126, 45.15446], [19.72813, 45.15317], [19.72647, 45.15337], [19.72497, 45.15452], [19.72419, 45.15487], [19.7223, 45.15517], [19.72043, 45.1558], [19.71969, 45.15581], [19.71843, 45.15516], [19.71742, 45.15424], [19.71614, 45.15352], [19.71523, 45.15249], [19.71434, 45.15206], [19.71312, 45.15178], [19.71254, 45.15125], [19.7133, 45.15185], [19.71508, 45.15239], [19.71642, 45.15374], [19.71743, 45.15421], [19.71826, 45.15503], [19.71998, 45.1559], [19.72258, 45.15509], [19.72449, 45.15479], [19.72626, 45.15344], [19.72704, 45.15318], [19.72788, 45.15312], [19.72887, 45.15337], [19.73148, 45.15456], [19.73234, 45.15525], [19.73463, 45.15646], [19.73656, 45.15657], [19.73803, 45.15646], [19.7385, 45.15659], [19.73943, 45.15779], [19.74018, 45.15813], [19.74101, 45.15816], [19.74184, 45.15789], [19.743, 45.15669], [19.74365, 45.15639], [19.74664, 45.15622], [19.75152, 45.15661], [19.75309, 45.15772], [19.75479, 45.15806], [19.7557, 45.15849], [19.75657, 45.1594], [19.75724, 45.16094], [19.75854, 45.16104], [19.75965, 45.16137], [19.76176, 45.16053], [19.76452, 45.16045], [19.76634, 45.15965], [19.76698, 45.15984], [19.76776, 45.16078], [19.76878, 45.16092], [19.76935, 45.16063], [19.77029, 45.15975], [19.77124, 45.15925], [19.77343, 45.15867], [19.77614, 45.15764], [19.77856, 45.15767], [19.77963, 45.15734], [19.78164, 45.15717], [19.78256, 45.15791], [19.78298, 45.15912], [19.78355, 45.15948], [19.78521, 45.15918], [19.78734, 45.15802], [19.79151, 45.15743], [19.79299, 45.15699], [19.79444, 45.15716], [19.796, 45.15688], [19.79707, 45.15718], [19.79826, 45.15705], [19.79976, 45.15733], [19.80111, 45.15668], [19.8032, 45.15677], [19.80505, 45.15629], [19.80866, 45.15616], [19.8099, 45.15563], [19.81086, 45.15474], [19.81252, 45.15485], [19.81398, 45.15482], [19.81605, 45.15317], [19.81844, 45.15258], [19.81899, 45.15261], [19.82101, 45.15321], [19.82177, 45.15355], [19.82211, 45.1535], [19.82288, 45.15247], [19.82333, 45.15064], [19.82403, 45.1498], [19.8245, 45.14965], [19.82767, 45.14989], [19.83025, 45.14991], [19.8307, 45.14975], [19.83025, 45.14987], [19.83121, 45.14998], [19.83189, 45.15029], [19.83252, 45.15153], [19.8331, 45.15185], [19.83557, 45.15095], [19.83786, 45.15105], [19.83914, 45.15064], [19.83946, 45.15091], [19.83949, 45.15172], [19.84071, 45.15206], [19.84096, 45.15228], [19.84049, 45.1542], [19.84089, 45.15479], [19.8414, 45.15512], [19.84314, 45.15513], [19.84511, 45.15412], [19.84693, 45.15391], [19.84785, 45.15358], [19.8486, 45.15431], [19.84919, 45.15461], [19.851, 45.1547], [19.85235, 45.15436], [19.854, 45.15477], [19.85482, 45.15525], [19.85541, 45.15665], [19.85583, 45.15702], [19.85754, 45.15708], [19.8587, 45.15745], [19.85954, 45.15874], [19.86015, 45.15866], [19.86188, 45.15733], [19.86275, 45.15717], [19.86319, 45.1573], [19.86405, 45.15801], [19.86651, 45.15847], [19.8677, 45.15836], [19.8691, 45.15752], [19.86978, 45.15841], [19.87017, 45.15864], [19.87138, 45.1588], [19.87201, 45.15813], [19.87255, 45.158], [19.87481, 45.15889], [19.87535, 45.15878], [19.87679, 45.15764], [19.88285, 45.15564], [19.886, 45.15529], [19.8893, 45.15578], [19.89062, 45.15569], [19.89124, 45.15485], [19.89251, 45.15393], [19.89424, 45.15376], [19.89496, 45.15351], [19.89592, 45.15287], [19.89687, 45.15136], [19.90115, 45.14936], [19.90316, 45.14756], [19.90385, 45.1461], [19.90475, 45.14566], [19.90562, 45.14556], [19.90628, 45.14571], [19.90644, 45.14651], [19.90727, 45.14714], [19.90752, 45.14772], [19.90782, 45.15031], [19.90887, 45.15137], [19.91113, 45.15175], [19.91219, 45.15242], [19.91286, 45.15257], [19.91371, 45.15244], [19.91515, 45.1516], [19.91604, 45.15157], [19.91779, 45.15236], [19.91792, 45.15319], [19.91831, 45.1535], [19.92101, 45.1532], [19.92263, 45.15282], [19.92764, 45.15047], [19.93227, 45.14914], [19.93125, 45.14855], [19.93006, 45.14819], [19.92751, 45.14652], [19.92638, 45.14716], [19.92572, 45.1471], [19.92565, 45.14607], [19.92068, 45.14673], [19.9205, 45.14667], [19.91985, 45.1463], [19.91912, 45.14499]]}, "properties": {"id": 19366811139, "name": "Fru\u0161ka\u0107", "sport": "Ride", "date": "2026-07-18", "distance_km": 47.63, "moving_time_s": 9819, "elev_gain_m": 1098, "avg_speed_kmh": 17.5, "avg_hr": null}}, {"type": "Feature", "geometry": {"type": "LineString", "coordinates": [[20.39679, 44.84266], [20.3969, 44.84285], [20.39701, 44.84313], [20.39717, 44.84345], [20.39738, 44.84365], [20.39752, 44.84373], [20.3977, 44.84374], [20.39819, 44.84366], [20.39879, 44.84359], [20.3992, 44.84346], [20.39927, 44.84346], [20.39935, 44.8435], [20.39944, 44.84357], [20.3997, 44.84387], [20.3998, 44.84406], [20.39992, 44.84423], [20.39998, 44.84429], [20.4001, 44.84436], [20.40018, 44.84445], [20.40063, 44.84512], [20.40102, 44.84563], [20.40111, 44.84573], [20.40112, 44.84576], [20.40116, 44.84577], [20.40118, 44.8458], [20.4015, 44.84628], [20.40209, 44.84697], [20.40228, 44.84708], [20.40239, 44.84706], [20.40301, 44.84668], [20.40322, 44.84664], [20.40448, 44.84663], [20.40488, 44.84658], [20.40555, 44.84646], [20.40605, 44.84641], [20.40637, 44.84642], [20.40705, 44.84652], [20.40782, 44.84657], [20.40795, 44.84655], [20.40811, 44.84657], [20.40837, 44.84654], [20.40891, 44.84637], [20.40892, 44.84637], [20.40892, 44.8464], [20.40892, 44.84636], [20.40894, 44.84635], [20.40901, 44.8464], [20.40909, 44.84639], [20.4096, 44.84652], [20.40981, 44.84654], [20.41051, 44.84653], [20.41101, 44.84655], [20.41348, 44.84687], [20.41424, 44.84688], [20.41441, 44.84685], [20.41465, 44.84666], [20.41476, 44.84651], [20.41484, 44.84635], [20.41499, 44.84613], [20.41504, 44.8461], [20.41516, 44.84608], [20.41531, 44.84615], [20.41535, 44.84616], [20.41579, 44.84571], [20.41606, 44.84523], [20.41636, 44.84487], [20.41646, 44.84465], [20.41672, 44.84423], [20.41685, 44.84395], [20.41703, 44.84366], [20.41729, 44.84315], [20.41738, 44.84293], [20.41748, 44.84262], [20.41762, 44.84239], [20.41773, 44.84215], [20.41789, 44.84167], [20.4181, 44.84095], [20.4182, 44.84054], [20.41824, 44.84024], [20.41839, 44.83985], [20.41856, 44.83924], [20.41865, 44.83902], [20.4187, 44.83875], [20.4191, 44.83735], [20.41912, 44.83717], [20.41911, 44.83709], [20.41899, 44.83685], [20.41898, 44.83678], [20.41899, 44.8367], [20.41905, 44.83646], [20.4192, 44.83607], [20.41929, 44.83576], [20.41973, 44.83371], [20.42001, 44.8327], [20.42027, 44.83197], [20.4204, 44.83167], [20.42053, 44.83124], [20.42088, 44.8304], [20.42094, 44.8302], [20.42111, 44.82981], [20.42143, 44.82917], [20.42202, 44.82813], [20.42214, 44.82771], [20.42222, 44.82735], [20.42227, 44.82669], [20.42236, 44.82639], [20.42254, 44.82611], [20.42277, 44.82585], [20.42315, 44.82548], [20.42335, 44.82531], [20.42394, 44.82487], [20.42449, 44.8245], [20.42465, 44.82436], [20.42473, 44.82431], [20.42507, 44.82424], [20.42518, 44.8242], [20.42528, 44.82415], [20.4255, 44.82397], [20.42602, 44.82368], [20.42643, 44.8234], [20.42697, 44.82311], [20.42727, 44.82288], [20.4278, 44.82272], [20.42852, 44.82236], [20.42886, 44.82216], [20.42924, 44.822], [20.42981, 44.82191], [20.43048, 44.82178], [20.43118, 44.8217], [20.43389, 44.82154], [20.43458, 44.82159], [20.43481, 44.82158], [20.43492, 44.82155], [20.43502, 44.82149], [20.43509, 44.82141], [20.43518, 44.82126], [20.43524, 44.8212], [20.43542, 44.82112], [20.43554, 44.82111], [20.43565, 44.82111], [20.43577, 44.82114], [20.43598, 44.82123], [20.4362, 44.82128], [20.43677, 44.82134], [20.43712, 44.82136], [20.43747, 44.82141], [20.43769, 44.82146], [20.43801, 44.82156], [20.43868, 44.82168], [20.43922, 44.82167], [20.43954, 44.82158], [20.43965, 44.82153], [20.43967, 44.8215], [20.43965, 44.82148], [20.43956, 44.82146], [20.4395, 44.82152], [20.43941, 44.82157], [20.439, 44.82168], [20.4389, 44.82169], [20.43859, 44.82168], [20.43809, 44.82159], [20.43732, 44.82138], [20.43701, 44.82134], [20.43653, 44.82133], [20.43615, 44.82128], [20.43588, 44.82122], [20.43561, 44.82113], [20.43541, 44.82112], [20.43522, 44.82117], [20.43514, 44.82123], [20.43502, 44.82145], [20.43496, 44.82151], [20.43489, 44.82155], [20.43466, 44.82161], [20.43445, 44.8216], [20.43423, 44.82157], [20.43382, 44.82156], [20.4329, 44.82162], [20.43238, 44.82163], [20.43132, 44.8217], [20.4305, 44.82178], [20.42909, 44.82205], [20.42894, 44.82212], [20.42834, 44.82246], [20.42786, 44.82269], [20.42761, 44.8228], [20.42726, 44.82289], [20.42709, 44.82297], [20.42679, 44.82323], [20.42632, 44.82347], [20.4259, 44.82375], [20.42543, 44.824], [20.42509, 44.82424], [20.425, 44.82428], [20.42462, 44.82435], [20.42455, 44.82439], [20.4244, 44.82458], [20.4241, 44.82476], [20.42376, 44.82499], [20.42318, 44.82546], [20.42288, 44.82574], [20.42251, 44.82617], [20.42232, 44.82649], [20.42225, 44.82689], [20.42224, 44.82709], [20.4222, 44.82745], [20.42213, 44.82778], [20.42198, 44.82823], [20.42163, 44.82879], [20.4214, 44.8292], [20.42093, 44.83021], [20.42084, 44.83047], [20.42071, 44.83075], [20.4205, 44.83135], [20.42041, 44.83156], [20.42027, 44.83203], [20.41998, 44.83289], [20.41992, 44.83314], [20.41977, 44.83358], [20.41942, 44.83513], [20.41927, 44.8356], [20.41925, 44.83582], [20.41915, 44.83625], [20.41907, 44.83646], [20.41905, 44.83661], [20.41897, 44.83687], [20.41901, 44.83693], [20.41908, 44.837], [20.41914, 44.83716], [20.41914, 44.83722], [20.41904, 44.83748], [20.419, 44.83768], [20.41887, 44.83806], [20.41869, 44.83884], [20.41854, 44.83932], [20.41842, 44.83978], [20.4183, 44.84014], [20.41823, 44.84044], [20.41808, 44.84086], [20.41805, 44.84109], [20.41771, 44.84224], [20.41759, 44.84243], [20.41738, 44.84284], [20.41719, 44.84324], [20.41698, 44.84374], [20.41683, 44.84404], [20.41624, 44.84502], [20.41591, 44.84552], [20.4157, 44.84582], [20.41533, 44.84617], [20.41529, 44.84619], [20.41523, 44.84619], [20.41519, 44.84617], [20.41517, 44.84614], [20.41514, 44.84612], [20.41504, 44.8461], [20.41496, 44.84615], [20.41485, 44.84632], [20.41468, 44.84649], [20.41456, 44.8467], [20.41448, 44.84691], [20.41436, 44.84691], [20.41413, 44.84687], [20.41395, 44.84685], [20.41363, 44.84685], [20.41299, 44.84681], [20.41263, 44.84674], [20.41133, 44.8466], [20.41065, 44.8465], [20.40957, 44.84648], [20.40922, 44.84639], [20.40909, 44.84639], [20.40909, 44.84641], [20.40902, 44.84639], [20.4089, 44.8464], [20.40852, 44.84649], [20.40792, 44.84671], [20.40728, 44.84709], [20.40692, 44.84727], [20.40619, 44.84773], [20.4059, 44.84789], [20.4055, 44.84814], [20.40491, 44.84845], [20.40445, 44.84859], [20.40427, 44.84862], [20.40388, 44.84878], [20.4036, 44.84886], [20.40266, 44.84922], [20.40236, 44.84927], [20.40227, 44.8493], [20.4021, 44.84931], [20.40202, 44.84935], [20.40199, 44.84935], [20.40194, 44.84918], [20.40168, 44.84891], [20.40148, 44.84864], [20.40082, 44.84786], [20.40072, 44.84769], [20.40073, 44.84755], [20.40054, 44.84746], [20.4004, 44.84733], [20.40012, 44.84697], [20.3999, 44.84666], [20.39969, 44.8464], [20.39962, 44.84639], [20.39963, 44.8464], [20.39951, 44.84643], [20.39928, 44.84647], [20.39873, 44.8467], [20.39815, 44.84688], [20.39796, 44.84697], [20.3973, 44.84724], [20.39664, 44.8474], [20.39655, 44.84738], [20.39648, 44.84733], [20.39643, 44.84725], [20.39634, 44.84701], [20.39583, 44.84609], [20.39566, 44.84584], [20.39547, 44.84565], [20.39542, 44.84558], [20.39504, 44.84479], [20.39465, 44.84421], [20.3943, 44.8436], [20.39424, 44.84347], [20.39421, 44.84334], [20.39423, 44.8433], [20.39431, 44.84328], [20.39463, 44.84328], [20.39481, 44.84325], [20.39565, 44.84311], [20.3961, 44.84301], [20.39642, 44.84296], [20.39684, 44.84287], [20.39687, 44.84284], [20.39688, 44.8428], [20.39685, 44.84271]]}, "properties": {"id": 19294066509, "name": "Quick", "sport": "Ride", "date": "2026-07-13", "distance_km": 12.46, "moving_time_s": 1751, "elev_gain_m": 38, "avg_speed_kmh": 25.6, "avg_hr": null}}, {"type": "Feature", "geometry": {"type": "LineString", "coordinates": [[20.39048, 44.78236], [20.39035, 44.78237], [20.39023, 44.78234], [20.38979, 44.78214], [20.38967, 44.78211], [20.38938, 44.78205], [20.38903, 44.78203], [20.38843, 44.78187], [20.38808, 44.78183], [20.38759, 44.78168], [20.38689, 44.7814], [20.38667, 44.78128], [20.38617, 44.78108], [20.38577, 44.78088], [20.38531, 44.78072], [20.38472, 44.78056], [20.38446, 44.78045], [20.38428, 44.7804], [20.38423, 44.78038], [20.38404, 44.7802], [20.3836, 44.77995], [20.38332, 44.77972], [20.38319, 44.77966], [20.38299, 44.77959], [20.38276, 44.77954], [20.38254, 44.77952], [20.38204, 44.77953], [20.38192, 44.77951], [20.38167, 44.7794], [20.3814, 44.77923], [20.38099, 44.77906], [20.38048, 44.77882], [20.38015, 44.77868], [20.37993, 44.77861], [20.37989, 44.77861], [20.37988, 44.77863], [20.3799, 44.77863], [20.37989, 44.77863], [20.37988, 44.77863], [20.37991, 44.77862], [20.37981, 44.77861], [20.3797, 44.77855], [20.37971, 44.77856], [20.37952, 44.77849], [20.37944, 44.77844], [20.37939, 44.77837], [20.37844, 44.77792], [20.37829, 44.77783], [20.37805, 44.77772], [20.37769, 44.77751], [20.37731, 44.77723], [20.37709, 44.77703], [20.37652, 44.7767], [20.37633, 44.77662], [20.37613, 44.77652], [20.37587, 44.77646], [20.37577, 44.77645], [20.3755, 44.7765], [20.37543, 44.77648], [20.37521, 44.77636], [20.37495, 44.77625], [20.37485, 44.77623], [20.37448, 44.77621], [20.37431, 44.77624], [20.37418, 44.77633], [20.37393, 44.77656], [20.37379, 44.77676], [20.37362, 44.77686], [20.3731, 44.77732], [20.37267, 44.77774], [20.37242, 44.77796], [20.37236, 44.77801], [20.37233, 44.77808], [20.37233, 44.77814], [20.37236, 44.7782], [20.37249, 44.77833], [20.3728, 44.77852], [20.37299, 44.77867], [20.37304, 44.77882], [20.37309, 44.77888], [20.37315, 44.77893], [20.37339, 44.77903], [20.37373, 44.77929], [20.37385, 44.7794], [20.37426, 44.77986], [20.37449, 44.78009], [20.37498, 44.78048], [20.37536, 44.78073], [20.37628, 44.78116], [20.37644, 44.78124], [20.37662, 44.78131], [20.37735, 44.78151], [20.37819, 44.78166], [20.37911, 44.78185], [20.37962, 44.78197], [20.38022, 44.78216], [20.38144, 44.78264], [20.3827, 44.7832], [20.38322, 44.78347], [20.38406, 44.78392], [20.38562, 44.78483], [20.38726, 44.78575], [20.38847, 44.78634], [20.38884, 44.78648], [20.38931, 44.78663], [20.38985, 44.78687], [20.39073, 44.78718], [20.39098, 44.7873], [20.39128, 44.78734], [20.3918, 44.78749], [20.3924, 44.78764], [20.39368, 44.78791], [20.39485, 44.7881], [20.39571, 44.7882], [20.39595, 44.78826], [20.39619, 44.78826], [20.39646, 44.7883], [20.39662, 44.78827], [20.39694, 44.78829], [20.39722, 44.78835], [20.39731, 44.78836], [20.39751, 44.78834], [20.39806, 44.78839], [20.39834, 44.78845], [20.3991, 44.78847], [20.39941, 44.78841], [20.39971, 44.78844], [20.40061, 44.78848], [20.40141, 44.78854], [20.40187, 44.78868], [20.40208, 44.78869], [20.40228, 44.78865], [20.40238, 44.78867], [20.40253, 44.78878], [20.40263, 44.78882], [20.40327, 44.78906], [20.40337, 44.78908], [20.40346, 44.78907], [20.40365, 44.78902], [20.40391, 44.78887], [20.40407, 44.78881], [20.40423, 44.78883], [20.40441, 44.78889], [20.40471, 44.78895], [20.405, 44.78904], [20.4053, 44.78907], [20.40539, 44.7891], [20.40548, 44.78915], [20.40553, 44.78922], [20.4056, 44.78937], [20.40566, 44.78944], [20.40574, 44.7895], [20.40594, 44.78958], [20.40732, 44.78981], [20.40828, 44.79005], [20.40859, 44.7901], [20.40921, 44.79014], [20.40941, 44.79013], [20.40951, 44.79014], [20.40991, 44.79024], [20.41019, 44.79025], [20.41097, 44.79042], [20.41107, 44.79042], [20.41135, 44.79036], [20.41265, 44.79048], [20.41274, 44.79046], [20.41279, 44.79041], [20.41277, 44.79032], [20.4128, 44.7903], [20.41317, 44.79033], [20.41331, 44.79023], [20.41369, 44.79003], [20.41387, 44.78991], [20.41416, 44.78969], [20.41443, 44.7895], [20.41448, 44.78944], [20.4145, 44.78938], [20.41446, 44.78927], [20.4145, 44.78924], [20.41474, 44.78913], [20.41494, 44.7891], [20.41509, 44.78903], [20.4152, 44.7889], [20.41533, 44.7888], [20.41544, 44.78869], [20.4155, 44.78856], [20.41553, 44.78843], [20.41553, 44.78825], [20.41539, 44.78792], [20.41543, 44.78785], [20.41549, 44.7878], [20.41548, 44.78777], [20.41507, 44.78757], [20.4147, 44.78742], [20.41401, 44.78723], [20.41373, 44.78718], [20.41296, 44.78709], [20.41237, 44.78701], [20.41217, 44.78699], [20.41199, 44.787], [20.41162, 44.78693], [20.41123, 44.7869], [20.41118, 44.78688], [20.41114, 44.78685], [20.41113, 44.78676], [20.4111, 44.78671], [20.41103, 44.78668], [20.41025, 44.78674], [20.40927, 44.78669], [20.40885, 44.78663], [20.40851, 44.7866], [20.40802, 44.78645], [20.40759, 44.78638], [20.40749, 44.78635], [20.4074, 44.78631], [20.40717, 44.78615], [20.40706, 44.78598], [20.40699, 44.78593], [20.40682, 44.78586], [20.40638, 44.78576], [20.40607, 44.78575], [20.40586, 44.78572], [20.40575, 44.7856], [20.40569, 44.78555], [20.40561, 44.78552], [20.40515, 44.78543], [20.40417, 44.78518], [20.40396, 44.78515], [20.40291, 44.78511], [20.40153, 44.78498], [20.40089, 44.78497], [20.40056, 44.78492], [20.40011, 44.78488], [20.39955, 44.78478], [20.39932, 44.78469], [20.39894, 44.78461], [20.39829, 44.78443], [20.39789, 44.78436], [20.3976, 44.78429], [20.39735, 44.78419], [20.397, 44.78412], [20.39639, 44.78394], [20.39604, 44.78377], [20.39598, 44.78376], [20.39589, 44.78385], [20.39574, 44.78391], [20.39562, 44.78392], [20.39541, 44.78388]]}, "properties": {"id": 19285957395, "name": "Ada ring", "sport": "Ride", "date": "2026-07-12", "distance_km": 8.01, "moving_time_s": 1224, "elev_gain_m": 6, "avg_speed_kmh": 23.6, "avg_hr": null}}, {"type": "Feature", "geometry": {"type": "LineString", "coordinates": [[20.3976, 44.84174], [20.39769, 44.84168], [20.39762, 44.84154], [20.39748, 44.84143], [20.39752, 44.84137], [20.39877, 44.8412], [20.40023, 44.84123], [20.40193, 44.84142], [20.40277, 44.84133], [20.40404, 44.84145], [20.40421, 44.84141], [20.40429, 44.8413], [20.40375, 44.84027], [20.40134, 44.83488], [20.40092, 44.83377], [20.39992, 44.83134], [20.39958, 44.83065], [20.39876, 44.82865], [20.39809, 44.82666], [20.39793, 44.82633], [20.39688, 44.82327], [20.39625, 44.82136], [20.39572, 44.81965], [20.39503, 44.81701], [20.39464, 44.81625], [20.39452, 44.81621], [20.39201, 44.81599], [20.39166, 44.81599], [20.39103, 44.81606], [20.39039, 44.81627], [20.38953, 44.81674], [20.38946, 44.81675], [20.38926, 44.81662], [20.38912, 44.81661], [20.38858, 44.81695], [20.38667, 44.81784], [20.38609, 44.81801], [20.38573, 44.81822], [20.38557, 44.81825], [20.38543, 44.81821], [20.3849, 44.81748], [20.38439, 44.81689], [20.38451, 44.81677], [20.38466, 44.81673], [20.38467, 44.81661], [20.38478, 44.81659], [20.3854, 44.81621], [20.38602, 44.81544], [20.38606, 44.81527], [20.38105, 44.81338], [20.38092, 44.81337], [20.38086, 44.81341], [20.38067, 44.81372], [20.3805, 44.81376], [20.38032, 44.81373], [20.37954, 44.81341], [20.37943, 44.81333], [20.37952, 44.81318], [20.38101, 44.81239], [20.38136, 44.81214], [20.38186, 44.81138], [20.38251, 44.81059], [20.38244, 44.81047], [20.3814, 44.81008], [20.37856, 44.80887], [20.37638, 44.808], [20.37617, 44.80796], [20.37347, 44.80683], [20.37312, 44.80672], [20.37252, 44.80643], [20.37144, 44.80603], [20.37086, 44.80573], [20.37053, 44.80564], [20.36659, 44.80401], [20.36622, 44.80395], [20.36594, 44.80366], [20.36584, 44.80367], [20.36602, 44.80348], [20.36599, 44.80338], [20.36571, 44.80333], [20.36519, 44.80313], [20.36392, 44.8026], [20.36317, 44.80222], [20.36245, 44.80166], [20.36186, 44.80093], [20.36159, 44.8003], [20.36128, 44.79889], [20.36106, 44.79827], [20.36047, 44.79737], [20.35966, 44.7966], [20.35867, 44.79596], [20.35495, 44.7941], [20.35224, 44.79278], [20.351, 44.79228], [20.34994, 44.79198], [20.34911, 44.79181], [20.34798, 44.79168], [20.34719, 44.79163], [20.34641, 44.79163], [20.34525, 44.79169], [20.34309, 44.79197], [20.34195, 44.79207], [20.34088, 44.79207], [20.33954, 44.79196], [20.33877, 44.79183], [20.33768, 44.79157], [20.33246, 44.79], [20.33134, 44.7897], [20.33001, 44.78944], [20.329, 44.78931], [20.32619, 44.78915], [20.32531, 44.78915], [20.32392, 44.78904], [20.31601, 44.78867], [20.30406, 44.78814], [20.30227, 44.78798], [20.30076, 44.7877], [20.29881, 44.78713], [20.28975, 44.78405], [20.28854, 44.78355], [20.28745, 44.78297], [20.28646, 44.78224], [20.28588, 44.78168], [20.28545, 44.78117], [20.28541, 44.78089], [20.2852, 44.78062], [20.28514, 44.78034], [20.28527, 44.77991], [20.28566, 44.77936], [20.28568, 44.77888], [20.28495, 44.77761], [20.28477, 44.7775], [20.28466, 44.77749], [20.28436, 44.77775], [20.28119, 44.77998], [20.28129, 44.77995], [20.28186, 44.77951], [20.28191, 44.7795], [20.28213, 44.77964], [20.2833, 44.77878], [20.28458, 44.77788], [20.28467, 44.77786], [20.2848, 44.77792], [20.28496, 44.77788], [20.28504, 44.77797], [20.28488, 44.77769], [20.28495, 44.77763], [20.28558, 44.7787], [20.28569, 44.779], [20.28564, 44.7794], [20.28553, 44.77963], [20.28527, 44.77993], [20.28514, 44.78033], [20.2852, 44.78062], [20.28545, 44.78099], [20.28548, 44.78122], [20.2863, 44.78208], [20.28688, 44.78256], [20.28761, 44.78305], [20.28882, 44.78367], [20.2897, 44.78401], [20.29859, 44.78707], [20.30063, 44.78769], [20.30141, 44.78785], [20.30274, 44.78804], [20.30419, 44.78816], [20.31309, 44.78855], [20.31369, 44.78863], [20.31429, 44.78861], [20.31842, 44.78882], [20.32327, 44.78901], [20.32884, 44.7893], [20.33015, 44.78946], [20.33157, 44.78976], [20.33765, 44.79157], [20.33868, 44.79183], [20.33983, 44.79202], [20.34128, 44.79211], [20.34227, 44.79207], [20.34288, 44.79203], [20.34544, 44.79171], [20.34701, 44.79163], [20.34788, 44.79167], [20.34899, 44.7918], [20.34997, 44.792], [20.35091, 44.79227], [20.35219, 44.79277], [20.35565, 44.79446], [20.35871, 44.79601], [20.35975, 44.79667], [20.36032, 44.7972], [20.36058, 44.79751], [20.36106, 44.79828], [20.36132, 44.79901], [20.3616, 44.80033], [20.36186, 44.80094], [20.36233, 44.80154], [20.36305, 44.80216], [20.36361, 44.80247], [20.36579, 44.80337], [20.36625, 44.80338], [20.36661, 44.80355], [20.36663, 44.80372], [20.36672, 44.80379], [20.36712, 44.80391], [20.36911, 44.80474], [20.36923, 44.80474], [20.36938, 44.80456], [20.3693, 44.80439], [20.36811, 44.80396], [20.36803, 44.80383], [20.36817, 44.80368], [20.36813, 44.80356], [20.36783, 44.80345], [20.36715, 44.80315], [20.36713, 44.80307], [20.36695, 44.80325], [20.36681, 44.80333], [20.3666, 44.80358], [20.36663, 44.8037], [20.36672, 44.80376], [20.37135, 44.80566], [20.37155, 44.80559], [20.37203, 44.80495], [20.37264, 44.80427], [20.37326, 44.80348], [20.37332, 44.80327], [20.37322, 44.80315], [20.37271, 44.80296], [20.37261, 44.80282], [20.37103, 44.8022], [20.37018, 44.80181], [20.37007, 44.80168], [20.37008, 44.8016], [20.37047, 44.80098], [20.37033, 44.80087], [20.36946, 44.80051], [20.36976, 44.8001], [20.3705, 44.79921], [20.37047, 44.79924], [20.3704, 44.7992], [20.37048, 44.79919], [20.3706, 44.79908], [20.37116, 44.79832], [20.37134, 44.79822], [20.37157, 44.79824], [20.37354, 44.7992], [20.3754, 44.79996], [20.37573, 44.80017], [20.37594, 44.80016], [20.37609, 44.80022], [20.37608, 44.80032], [20.37488, 44.80173], [20.37429, 44.80256], [20.37251, 44.80464], [20.37172, 44.8057], [20.37182, 44.80588], [20.37163, 44.80609], [20.37343, 44.80688], [20.37448, 44.80726], [20.37828, 44.80879], [20.37916, 44.80919], [20.38127, 44.81002], [20.38437, 44.81142], [20.38572, 44.81183], [20.3875, 44.81205], [20.38918, 44.81237], [20.39062, 44.81286], [20.39124, 44.81314], [20.39218, 44.81367], [20.39297, 44.81424], [20.39396, 44.81522], [20.39435, 44.81577], [20.39452, 44.81612], [20.39442, 44.81624], [20.39205, 44.81601], [20.3917, 44.816], [20.39114, 44.81606], [20.39034, 44.81634], [20.38883, 44.81714], [20.38917, 44.81699], [20.38925, 44.81692], [20.38901, 44.81703], [20.38944, 44.81683], [20.38946, 44.81678], [20.38937, 44.81671], [20.38913, 44.81664], [20.38875, 44.81689], [20.38795, 44.81727], [20.38669, 44.81783], [20.38606, 44.818], [20.38572, 44.81815], [20.38568, 44.81822], [20.38588, 44.81843], [20.38571, 44.81859], [20.38582, 44.81884], [20.38771, 44.82139], [20.38858, 44.82237], [20.38965, 44.82362], [20.39124, 44.82524], [20.39171, 44.82581], [20.3918, 44.82585], [20.39258, 44.82552], [20.39282, 44.82553], [20.39318, 44.82569], [20.39334, 44.82589], [20.3936, 44.82606], [20.39379, 44.82643], [20.39408, 44.82666], [20.39387, 44.82692], [20.39389, 44.82703], [20.39365, 44.82696], [20.39351, 44.82685], [20.3933, 44.82676], [20.39316, 44.82658], [20.39306, 44.82659], [20.39302, 44.82662], [20.39316, 44.82685], [20.39314, 44.827], [20.39253, 44.82725], [20.39032, 44.82746], [20.38991, 44.82757], [20.3893, 44.82757], [20.3883, 44.82774], [20.38815, 44.82785], [20.38835, 44.82823], [20.39003, 44.83221], [20.39018, 44.83247], [20.39067, 44.83296], [20.39087, 44.83328], [20.39096, 44.83374], [20.39083, 44.83391], [20.39077, 44.83435], [20.3908, 44.83458], [20.39094, 44.83486], [20.39087, 44.83499], [20.39165, 44.83675], [20.39266, 44.83834], [20.39372, 44.83974]]}, "properties": {"id": 19273223046, "name": "Relax", "sport": "Ride", "date": "2026-07-11", "distance_km": 34.26, "moving_time_s": 6056, "elev_gain_m": 141, "avg_speed_kmh": 20.4, "avg_hr": null}}, {"type": "Feature", "geometry": {"type": "LineString", "coordinates": [[20.3991, 44.84119], [20.40046, 44.84124], [20.40189, 44.84142], [20.40292, 44.84137], [20.40411, 44.84145], [20.40421, 44.84142], [20.40424, 44.84137], [20.40415, 44.84107], [20.40378, 44.84041], [20.40133, 44.8349], [20.40106, 44.83424], [20.40102, 44.83399], [20.40061, 44.83317], [20.39849, 44.82792], [20.39807, 44.8266], [20.39741, 44.82466], [20.39676, 44.82296], [20.3956, 44.81927], [20.39535, 44.81816], [20.39536, 44.81769], [20.39515, 44.81693], [20.39485, 44.81633], [20.39483, 44.81608], [20.39509, 44.81589], [20.39571, 44.81582], [20.39648, 44.81557], [20.40131, 44.81334], [20.40177, 44.81319], [20.4024, 44.81284], [20.40246, 44.81266], [20.40243, 44.81252], [20.4016, 44.81168], [20.40193, 44.81149], [20.40092, 44.81036], [20.40075, 44.81009], [20.40089, 44.80993], [20.40221, 44.80937], [20.40231, 44.80921], [20.4026, 44.80904], [20.40275, 44.80877], [20.403, 44.80862], [20.40427, 44.80807], [20.40475, 44.80794], [20.40582, 44.80747], [20.40663, 44.80704], [20.40728, 44.80679], [20.40779, 44.80665], [20.40862, 44.8065], [20.40928, 44.80642], [20.41051, 44.80651], [20.41144, 44.80671], [20.41235, 44.80702], [20.4125, 44.80702], [20.41262, 44.80686], [20.41271, 44.80616], [20.41268, 44.80583], [20.41287, 44.80453], [20.41283, 44.80432], [20.41307, 44.80426], [20.41306, 44.80397], [20.41323, 44.80389], [20.41666, 44.80375], [20.4171, 44.80367], [20.4176, 44.80365], [20.41781, 44.80352], [20.41816, 44.80359], [20.42057, 44.8035], [20.4212, 44.80345], [20.4218, 44.80336], [20.42267, 44.80309], [20.42342, 44.80275], [20.42397, 44.8024], [20.42425, 44.80215], [20.42447, 44.80185], [20.42471, 44.80121], [20.42606, 44.79495], [20.42644, 44.79304], [20.42643, 44.7928], [20.42629, 44.79258], [20.42614, 44.79245], [20.42533, 44.79195], [20.42394, 44.79122], [20.42298, 44.79047], [20.42165, 44.7896], [20.42014, 44.7889], [20.41974, 44.7888], [20.41914, 44.78882], [20.41889, 44.78879], [20.41843, 44.78858], [20.41784, 44.7884], [20.41762, 44.78841], [20.41658, 44.78874], [20.41644, 44.78882], [20.41634, 44.78903], [20.4163, 44.78953], [20.41616, 44.78972], [20.41584, 44.78962], [20.41557, 44.7896], [20.41448, 44.78972], [20.41414, 44.7897], [20.41401, 44.78975], [20.4138, 44.78996], [20.4131, 44.79035], [20.41296, 44.79037], [20.41269, 44.79033], [20.41268, 44.79048], [20.41124, 44.79036], [20.41097, 44.79043], [20.41086, 44.79041], [20.41087, 44.79038], [20.41088, 44.79046], [20.41087, 44.79042], [20.41023, 44.79026], [20.40978, 44.79023], [20.40937, 44.79013], [20.40848, 44.79009], [20.4073, 44.78979], [20.40659, 44.78972], [20.40589, 44.78956], [20.40564, 44.78944], [20.40545, 44.78915], [20.40534, 44.78907], [20.4049, 44.78903], [20.40447, 44.78889], [20.40411, 44.78882], [20.40393, 44.78882], [20.4035, 44.78905], [20.4033, 44.78909], [20.40251, 44.78878], [20.40223, 44.78863], [20.40186, 44.78865], [20.40125, 44.78851], [20.39954, 44.78842], [20.39875, 44.78847], [20.39728, 44.78828], [20.39538, 44.78818], [20.39419, 44.78801], [20.39297, 44.78777], [20.39066, 44.78717], [20.38909, 44.78659], [20.38741, 44.78583], [20.38479, 44.78436], [20.38349, 44.78358], [20.38221, 44.78293], [20.38055, 44.7823], [20.37951, 44.78195], [20.37789, 44.78163], [20.3766, 44.7813], [20.37578, 44.78096], [20.37517, 44.7806], [20.37447, 44.78008], [20.37369, 44.77925], [20.37301, 44.77879], [20.3728, 44.77851], [20.37243, 44.77828], [20.37236, 44.77817], [20.37238, 44.77802], [20.37249, 44.7779], [20.37337, 44.77706], [20.37429, 44.77628], [20.37456, 44.77619], [20.37467, 44.7762], [20.37592, 44.77682], [20.37593, 44.77679], [20.37593, 44.77684], [20.37673, 44.77717], [20.37727, 44.77747], [20.37733, 44.77747], [20.3775, 44.77736], [20.3776, 44.7775], [20.3787, 44.77805], [20.37873, 44.77812], [20.37876, 44.77806], [20.37985, 44.77858], [20.38029, 44.77873], [20.3812, 44.77915], [20.38195, 44.77953], [20.38212, 44.77956], [20.3827, 44.77953], [20.38301, 44.77959], [20.38343, 44.77977], [20.38373, 44.78004], [20.38436, 44.78046], [20.38565, 44.78083], [20.38697, 44.78143], [20.38805, 44.78181], [20.38914, 44.78206], [20.38966, 44.78211], [20.39041, 44.78238], [20.39074, 44.78243], [20.39303, 44.78311], [20.39385, 44.78327], [20.39444, 44.78333], [20.39523, 44.78358], [20.39568, 44.78363], [20.3966, 44.784], [20.39783, 44.78435], [20.39856, 44.78449], [20.39969, 44.78481], [20.40087, 44.78497], [20.40169, 44.78499], [20.40308, 44.78513], [20.40426, 44.78519], [20.40523, 44.78546], [20.40567, 44.78554], [20.40605, 44.78577], [20.4065, 44.78577], [20.40691, 44.78589], [20.40711, 44.786], [20.40727, 44.78625], [20.40754, 44.78637], [20.408, 44.78646], [20.40857, 44.78662], [20.40957, 44.78671], [20.41046, 44.78672], [20.41107, 44.78669], [20.41115, 44.7867], [20.41126, 44.78692], [20.41166, 44.78694], [20.41378, 44.78718], [20.41479, 44.78746], [20.41542, 44.78774], [20.41556, 44.78784], [20.41558, 44.78849], [20.41549, 44.7887], [20.41521, 44.78898], [20.41497, 44.78909], [20.41461, 44.78918], [20.41443, 44.7893], [20.41443, 44.78954], [20.41418, 44.78969], [20.41424, 44.78972], [20.41462, 44.78973], [20.41547, 44.7896], [20.41623, 44.78969], [20.41634, 44.78939], [20.41638, 44.78894], [20.41651, 44.78877], [20.41665, 44.78869], [20.41774, 44.78841], [20.41798, 44.78842], [20.4191, 44.78882], [20.41977, 44.78881], [20.42005, 44.78886], [20.42085, 44.78919], [20.42179, 44.7897], [20.42318, 44.79062], [20.42419, 44.79139], [20.42507, 44.79183], [20.42616, 44.7925], [20.42633, 44.79268], [20.42641, 44.79285], [20.42642, 44.79313], [20.4247, 44.80127], [20.42456, 44.80171], [20.42436, 44.80204], [20.42403, 44.80237], [20.42378, 44.80254], [20.4231, 44.80291], [20.42237, 44.80319], [20.42166, 44.80338], [20.42107, 44.80347], [20.41933, 44.80355], [20.41883, 44.80353], [20.41796, 44.80361], [20.41771, 44.80356], [20.41722, 44.80363], [20.41695, 44.80358], [20.4164, 44.80368], [20.41293, 44.80382], [20.41295, 44.80389], [20.41294, 44.80418], [20.41284, 44.80436], [20.41289, 44.80462], [20.41274, 44.8052], [20.41255, 44.80679], [20.41242, 44.80694], [20.4123, 44.80694], [20.41134, 44.80658], [20.41069, 44.80644], [20.40957, 44.80635], [20.40867, 44.80641], [20.40844, 44.80659], [20.40851, 44.80669], [20.40844, 44.80675], [20.40746, 44.80703], [20.40671, 44.8073], [20.4029, 44.80895], [20.40068, 44.80996], [20.40069, 44.81009], [20.40132, 44.81086], [20.4026, 44.81224], [20.403, 44.81257], [20.40298, 44.81272], [20.40321, 44.81294], [20.40333, 44.81299], [20.40367, 44.81347], [20.404, 44.81374], [20.40407, 44.8139], [20.40466, 44.81453], [20.40493, 44.81469], [20.40493, 44.81477], [20.40453, 44.8149], [20.40458, 44.81494], [20.40478, 44.81524], [20.40478, 44.81532], [20.40092, 44.81709], [20.40076, 44.81712], [20.39982, 44.81761], [20.39692, 44.81889], [20.39618, 44.81931], [20.39609, 44.81945], [20.39606, 44.81976], [20.39657, 44.82127], [20.39685, 44.82161], [20.39675, 44.82182], [20.39688, 44.82248], [20.39794, 44.82585], [20.39816, 44.82644], [20.39819, 44.82642], [20.39859, 44.82783], [20.40137, 44.83482], [20.40147, 44.83492], [20.40431, 44.8414], [20.40456, 44.84165], [20.40484, 44.84186], [20.40497, 44.84187], [20.40511, 44.84204], [20.40521, 44.84209], [20.40533, 44.84207], [20.40541, 44.84221], [20.40537, 44.84228], [20.40516, 44.84231], [20.40434, 44.84312], [20.40324, 44.84443], [20.40272, 44.84514], [20.4024, 44.84534], [20.40117, 44.84577], [20.40099, 44.84568], [20.39989, 44.84412], [20.39935, 44.84352], [20.3992, 44.84349], [20.3988, 44.8436], [20.39804, 44.84368], [20.39757, 44.84379], [20.39721, 44.84347], [20.39683, 44.8427]]}, "properties": {"id": 19241492636, "name": "Adica", "sport": "Ride", "date": "2026-07-09", "distance_km": 27.38, "moving_time_s": 4502, "elev_gain_m": 74, "avg_speed_kmh": 21.9, "avg_hr": null}}, {"type": "Feature", "geometry": {"type": "LineString", "coordinates": [[20.42327, 44.82498], [20.42346, 44.8249], [20.42359, 44.82489], [20.4237, 44.82484], [20.42379, 44.82478], [20.42392, 44.82465], [20.42403, 44.82458], [20.42429, 44.82447], [20.42438, 44.82441], [20.42455, 44.82436], [20.42461, 44.82432], [20.42467, 44.82427], [20.4248, 44.82411], [20.42496, 44.82399], [20.42515, 44.82382], [20.42554, 44.82351], [20.42573, 44.82339], [20.42605, 44.82323], [20.42664, 44.82299], [20.42704, 44.82287], [20.42785, 44.82257], [20.42829, 44.82233], [20.42861, 44.82209], [20.42894, 44.82195], [20.42923, 44.82194], [20.42939, 44.8219], [20.42952, 44.8219], [20.42977, 44.82186], [20.43006, 44.82179], [20.43034, 44.82168], [20.43057, 44.82165], [20.43113, 44.82161], [20.43125, 44.82159], [20.43189, 44.82159], [20.43223, 44.82152], [20.43255, 44.82149], [20.4328, 44.8215], [20.43282, 44.82149], [20.43282, 44.82146], [20.4329, 44.82148], [20.433, 44.82147], [20.43326, 44.8215], [20.43351, 44.82147], [20.43367, 44.82144], [20.434, 44.82142], [20.43426, 44.82135], [20.43449, 44.82127], [20.43469, 44.82117], [20.43507, 44.82107], [20.43546, 44.82103], [20.43558, 44.82105], [20.43581, 44.82106], [20.43593, 44.82108], [20.43629, 44.82122], [20.43644, 44.82126], [20.43678, 44.82131], [20.43702, 44.82131], [20.43751, 44.8214], [20.43787, 44.82152], [20.43863, 44.82168], [20.43887, 44.8217], [20.4391, 44.82169], [20.43946, 44.82154], [20.43959, 44.82146], [20.4398, 44.82138], [20.4398, 44.82136], [20.43977, 44.82135], [20.4398, 44.82134], [20.43984, 44.82135], [20.43996, 44.82121], [20.44023, 44.82082], [20.44037, 44.82047], [20.44042, 44.82026], [20.44043, 44.82013], [20.44046, 44.82004], [20.44051, 44.81968], [20.44063, 44.81933], [20.44066, 44.8192], [20.44081, 44.81887], [20.4409, 44.81878], [20.44091, 44.81871], [20.44096, 44.81862], [20.44104, 44.81856], [20.44108, 44.8185], [20.44113, 44.81844], [20.44129, 44.81832], [20.44139, 44.81821], [20.44159, 44.81804], [20.44188, 44.8179], [20.44209, 44.81782], [20.44231, 44.81763], [20.44237, 44.81755], [20.44242, 44.81742], [20.44241, 44.81732], [20.44233, 44.81708], [20.4423, 44.81694], [20.4422, 44.81665], [20.4421, 44.81653], [20.44203, 44.81649], [20.442, 44.81639], [20.44201, 44.81631], [20.44204, 44.8162], [20.44205, 44.81597], [20.44209, 44.81582], [20.44215, 44.81576], [20.44223, 44.81572], [20.44243, 44.81568], [20.44263, 44.8156], [20.4428, 44.81548], [20.4429, 44.81533], [20.44291, 44.81531], [20.44289, 44.81528], [20.44296, 44.81527], [20.44313, 44.8152], [20.44365, 44.81521], [20.44395, 44.81526], [20.44415, 44.81524], [20.44427, 44.81527], [20.44435, 44.81531], [20.44438, 44.81535], [20.44438, 44.81539], [20.44445, 44.81544], [20.44444, 44.8155], [20.44445, 44.81552], [20.44448, 44.81553], [20.44454, 44.81579], [20.44456, 44.81581], [20.44446, 44.81603], [20.44442, 44.81606], [20.44443, 44.81612], [20.44442, 44.81615], [20.4443, 44.81628], [20.44424, 44.81633], [20.44417, 44.81641], [20.44408, 44.81648], [20.44393, 44.81656], [20.44383, 44.81658], [20.4438, 44.81657], [20.44379, 44.81655], [20.44378, 44.81655], [20.44365, 44.81661], [20.44348, 44.81665], [20.44329, 44.81666], [20.4432, 44.8167], [20.44313, 44.81678], [20.44312, 44.8168], [20.44313, 44.81687], [20.44321, 44.81701], [20.44321, 44.81705], [20.44317, 44.81711], [20.44311, 44.81714], [20.44303, 44.81715], [20.44277, 44.81728], [20.44263, 44.8173], [20.44257, 44.81728], [20.44253, 44.81728], [20.44236, 44.81733], [20.44231, 44.81739], [20.4423, 44.8176], [20.44224, 44.8177], [20.4415, 44.81809], [20.44137, 44.8182], [20.44094, 44.81862], [20.4407, 44.81908], [20.44052, 44.8196], [20.44047, 44.81986], [20.44045, 44.82012], [20.44037, 44.82044], [20.4403, 44.82065], [20.44005, 44.82107], [20.43981, 44.82134], [20.43965, 44.82145], [20.43952, 44.82149], [20.43945, 44.82155], [20.43923, 44.82161], [20.43893, 44.82166], [20.43858, 44.82162], [20.43844, 44.82162], [20.43832, 44.82158], [20.43821, 44.82157], [20.43807, 44.82152], [20.43769, 44.82147], [20.43741, 44.82136], [20.43723, 44.82133], [20.43659, 44.82129], [20.43647, 44.82124], [20.43627, 44.82121], [20.43614, 44.82118], [20.4358, 44.82104], [20.43542, 44.82101], [20.43513, 44.82104], [20.43475, 44.82115], [20.43412, 44.82139], [20.43392, 44.8214], [20.43383, 44.82139], [20.43368, 44.82143], [20.43318, 44.82146], [20.43295, 44.82149], [20.43229, 44.82151], [20.43195, 44.82154], [20.43171, 44.82158], [20.43118, 44.82158], [20.43082, 44.82163], [20.43039, 44.82165], [20.43017, 44.82169], [20.4297, 44.82186], [20.4292, 44.82194], [20.42905, 44.82193], [20.42891, 44.82195], [20.42882, 44.82198], [20.42847, 44.82216], [20.42844, 44.82219], [20.42844, 44.82222], [20.42824, 44.82232], [20.42807, 44.82245], [20.42779, 44.82261], [20.42657, 44.823], [20.42636, 44.82312], [20.42625, 44.82311], [20.42618, 44.82318], [20.42599, 44.82324], [20.42563, 44.8234], [20.42551, 44.82347], [20.42543, 44.82357], [20.42532, 44.82365], [20.42524, 44.82369], [20.42516, 44.82372], [20.42513, 44.82379], [20.42499, 44.82394], [20.42485, 44.82402], [20.42471, 44.82414], [20.42463, 44.82424], [20.42456, 44.82437], [20.42452, 44.8244], [20.42441, 44.82447], [20.42414, 44.82455], [20.424, 44.82461], [20.42361, 44.82489], [20.42321, 44.82497], [20.42266, 44.82512], [20.42241, 44.82521], [20.42216, 44.82533], [20.42193, 44.82552], [20.42184, 44.82562], [20.42182, 44.82566], [20.42176, 44.82571], [20.42163, 44.82599], [20.42158, 44.82606], [20.42119, 44.82638], [20.42097, 44.82653], [20.42087, 44.82665], [20.42082, 44.82693], [20.42081, 44.82727], [20.42076, 44.82753], [20.4208, 44.82762], [20.4209, 44.82772], [20.42091, 44.8278], [20.42095, 44.82784], [20.42093, 44.8279], [20.42095, 44.82795], [20.42106, 44.82797], [20.42114, 44.82802], [20.42129, 44.82805], [20.42147, 44.82811], [20.42163, 44.82818], [20.4217, 44.82824], [20.42176, 44.82825], [20.42195, 44.82825], [20.42199, 44.82828], [20.42199, 44.82831], [20.42185, 44.82846], [20.42177, 44.82851], [20.42157, 44.8289], [20.42155, 44.82895], [20.42156, 44.829], [20.42146, 44.82913], [20.42137, 44.82934], [20.42128, 44.82947], [20.42112, 44.82978], [20.42104, 44.83], [20.42078, 44.83062], [20.42068, 44.83085], [20.42064, 44.83089], [20.42053, 44.83125], [20.42047, 44.83137], [20.42045, 44.83147], [20.4204, 44.83165], [20.42038, 44.83177], [20.42029, 44.83204], [20.42024, 44.83211], [20.42023, 44.8322], [20.42015, 44.83237], [20.42013, 44.83243], [20.42015, 44.8325], [20.42012, 44.83252], [20.42004, 44.83269], [20.41998, 44.83295], [20.41992, 44.83306], [20.41994, 44.83316], [20.41985, 44.83328], [20.41983, 44.8334], [20.41976, 44.83358], [20.41978, 44.83362], [20.41972, 44.83382], [20.41972, 44.83386], [20.41967, 44.834], [20.41967, 44.83406], [20.41965, 44.8341], [20.41958, 44.83417], [20.41957, 44.83422], [20.41959, 44.83425], [20.41959, 44.8343], [20.41953, 44.83454], [20.41945, 44.83474], [20.41942, 44.83479], [20.41942, 44.83484], [20.41944, 44.83487], [20.41943, 44.8349], [20.41945, 44.83493], [20.41946, 44.83502], [20.41944, 44.83514], [20.41938, 44.8353], [20.41933, 44.83562], [20.41922, 44.83578], [20.41918, 44.8358], [20.41915, 44.83585], [20.41915, 44.83589], [20.41911, 44.83591], [20.41899, 44.83586], [20.41891, 44.8358], [20.41867, 44.83572], [20.41861, 44.83572], [20.4185, 44.83577], [20.4182, 44.83577], [20.41815, 44.8358], [20.418, 44.83581], [20.41785, 44.8358], [20.41766, 44.83576], [20.41763, 44.83574], [20.41763, 44.83567], [20.41772, 44.83559], [20.41781, 44.83554], [20.41793, 44.83558], [20.41798, 44.83556], [20.41802, 44.83554], [20.41807, 44.83546], [20.41809, 44.83538], [20.41807, 44.83526], [20.41806, 44.83524], [20.41795, 44.83527], [20.41795, 44.83525], [20.4179, 44.83519], [20.41791, 44.83513], [20.41791, 44.83511]]}, "properties": {"id": 19142034113, "name": "Ld", "sport": "Run", "date": "2026-07-01", "distance_km": 6.69, "moving_time_s": 2508, "elev_gain_m": 0, "avg_speed_kmh": 9.6, "avg_hr": null}}, {"type": "Feature", "geometry": {"type": "LineString", "coordinates": [[20.42151, 44.82594], [20.42167, 44.82589], [20.42164, 44.82593], [20.42157, 44.82597], [20.42166, 44.82598], [20.4217, 44.82597], [20.42174, 44.82592], [20.42174, 44.8258], [20.42187, 44.82559], [20.42202, 44.8255], [20.42219, 44.82535], [20.42236, 44.82527], [20.42248, 44.8252], [20.42261, 44.82514], [20.42287, 44.82505], [20.42307, 44.82502], [20.4232, 44.82496], [20.42333, 44.82496], [20.42355, 44.82491], [20.42385, 44.82475], [20.42395, 44.82463], [20.42407, 44.82454], [20.42425, 44.82447], [20.42438, 44.8244], [20.42457, 44.82437], [20.42465, 44.82431], [20.4247, 44.82421], [20.42484, 44.82406], [20.42513, 44.82385], [20.42538, 44.82363], [20.42556, 44.82351], [20.42563, 44.82345], [20.42574, 44.8234], [20.42604, 44.82324], [20.42616, 44.82321], [20.42671, 44.82295], [20.42693, 44.8229], [20.42714, 44.82281], [20.4279, 44.82255], [20.42807, 44.82244], [20.42841, 44.82226], [20.42855, 44.82215], [20.42878, 44.82201], [20.42911, 44.82191], [20.42957, 44.82189], [20.42993, 44.82182], [20.43015, 44.82177], [20.43039, 44.82166], [20.43051, 44.82166], [20.43071, 44.82163], [20.43096, 44.82163], [20.43151, 44.82158], [20.43183, 44.82158], [20.43181, 44.8216], [20.43178, 44.8216], [20.43148, 44.82156], [20.43043, 44.82164], [20.4302, 44.82169], [20.42976, 44.82185], [20.42947, 44.8219], [20.42905, 44.82191], [20.4287, 44.82204], [20.42868, 44.82205], [20.42868, 44.82209], [20.42865, 44.8221], [20.42857, 44.82211], [20.42852, 44.82209], [20.42849, 44.82213], [20.42824, 44.82233], [20.4278, 44.82258], [20.42697, 44.82287], [20.4266, 44.82298], [20.42557, 44.82342], [20.42547, 44.82348], [20.42542, 44.82358], [20.42535, 44.8236], [20.42516, 44.82375], [20.42469, 44.82415], [20.42457, 44.82431], [20.42443, 44.82446], [20.42419, 44.82446], [20.42408, 44.82449], [20.42388, 44.82462], [20.42382, 44.82472], [20.42375, 44.82479], [20.42377, 44.82481], [20.42376, 44.82482], [20.42368, 44.82481], [20.42357, 44.82488], [20.42339, 44.82491], [20.42315, 44.82499], [20.42294, 44.82503], [20.4226, 44.82513], [20.42228, 44.82526], [20.42199, 44.82544], [20.42186, 44.82563], [20.42178, 44.82568], [20.42177, 44.8257], [20.42181, 44.82572], [20.42174, 44.82573], [20.42171, 44.82576], [20.42163, 44.82588], [20.42164, 44.82596], [20.42155, 44.82609], [20.42141, 44.82617], [20.4213, 44.82626], [20.42114, 44.82646], [20.42087, 44.8266], [20.42084, 44.82664], [20.42085, 44.82672], [20.42079, 44.82705], [20.42076, 44.82716], [20.42072, 44.8272], [20.42072, 44.82725], [20.42076, 44.82735], [20.42074, 44.82747], [20.42076, 44.82747], [20.42076, 44.82746], [20.42073, 44.82755], [20.4208, 44.82764], [20.4209, 44.8277], [20.42098, 44.82772], [20.42121, 44.82771], [20.42118, 44.82769], [20.4209, 44.82765], [20.42078, 44.82761], [20.42072, 44.8275], [20.42072, 44.82745], [20.42066, 44.82744], [20.42061, 44.82732], [20.42067, 44.82728], [20.42078, 44.82725], [20.42082, 44.82722], [20.42081, 44.82717], [20.42084, 44.82712], [20.42081, 44.82703], [20.4208, 44.82694], [20.42087, 44.82683], [20.42086, 44.82672], [20.42091, 44.82663], [20.4209, 44.8266], [20.42108, 44.82653], [20.42117, 44.82639], [20.42125, 44.82633], [20.42125, 44.82631], [20.42136, 44.8263], [20.42139, 44.82624], [20.42144, 44.82618], [20.42161, 44.82603], [20.42166, 44.82597], [20.42163, 44.82594], [20.42169, 44.8259], [20.42177, 44.82574], [20.42177, 44.8257], [20.4218, 44.8257], [20.42189, 44.82559], [20.42189, 44.82556], [20.42195, 44.82555], [20.42199, 44.82549], [20.422, 44.82545], [20.42207, 44.82541], [20.42213, 44.82542], [20.42227, 44.8253], [20.42273, 44.82509], [20.42331, 44.82495], [20.42351, 44.82487], [20.42353, 44.82486], [20.42356, 44.82485], [20.42363, 44.82487], [20.42385, 44.82475], [20.42403, 44.82456], [20.42433, 44.82441], [20.42453, 44.82437], [20.42461, 44.82433], [20.42465, 44.82429], [20.42464, 44.82424], [20.42465, 44.82422], [20.42472, 44.82421], [20.42483, 44.82406], [20.42552, 44.82354], [20.42552, 44.82351], [20.42549, 44.82346], [20.42551, 44.82343], [20.42559, 44.82341], [20.42569, 44.82342], [20.42577, 44.8234], [20.42598, 44.82328], [20.42626, 44.82316], [20.42635, 44.8231], [20.42637, 44.82304], [20.42645, 44.82307], [20.42667, 44.82297], [20.42703, 44.82287], [20.42723, 44.82277], [20.42722, 44.82275], [20.42734, 44.82275], [20.42743, 44.82272], [20.42744, 44.82271], [20.42743, 44.82266], [20.42744, 44.82265], [20.4275, 44.82264], [20.4276, 44.82265], [20.42779, 44.82256], [20.42778, 44.82253], [20.42779, 44.82252], [20.42786, 44.82252], [20.42794, 44.82248], [20.42798, 44.82249], [20.42811, 44.8224], [20.42812, 44.82239], [20.42812, 44.82237], [20.42816, 44.82234], [20.42826, 44.82233], [20.42863, 44.82207], [20.42896, 44.82194], [20.42913, 44.82191], [20.42951, 44.82189], [20.43004, 44.8218], [20.43016, 44.82177], [20.43036, 44.82166], [20.43048, 44.82164], [20.4305, 44.82163], [20.43049, 44.82161], [20.43053, 44.82161], [20.43055, 44.82165], [20.43058, 44.82166], [20.43119, 44.82159], [20.43167, 44.82158], [20.4317, 44.82158], [20.43173, 44.82154], [20.43182, 44.82159], [20.43153, 44.82156], [20.43128, 44.82159], [20.43112, 44.82159], [20.43109, 44.82162], [20.43106, 44.8216], [20.43104, 44.82157], [20.43102, 44.82156], [20.43093, 44.82158], [20.43077, 44.82158], [20.43063, 44.82162], [20.43044, 44.82161], [20.42983, 44.82183], [20.42968, 44.82186], [20.42965, 44.82189], [20.42961, 44.82185], [20.4295, 44.82189], [20.42929, 44.82193], [20.42919, 44.82188], [20.42915, 44.82192], [20.42893, 44.82193], [20.4289, 44.82195], [20.42889, 44.82199], [20.42887, 44.822], [20.42877, 44.82198], [20.42874, 44.82199], [20.42834, 44.82223], [20.42796, 44.82249], [20.42778, 44.82258], [20.42733, 44.82272], [20.42695, 44.82288], [20.42653, 44.823], [20.42616, 44.82316], [20.42616, 44.82321], [20.42606, 44.82319], [20.42581, 44.82331], [20.42555, 44.82342], [20.42543, 44.82349], [20.42538, 44.82358], [20.42508, 44.82383], [20.42506, 44.82385], [20.42507, 44.8239], [20.42499, 44.82389], [20.42489, 44.824], [20.42464, 44.82418], [20.42448, 44.82438], [20.42452, 44.82443], [20.42441, 44.82446], [20.42417, 44.82444], [20.42402, 44.8245], [20.42385, 44.82461], [20.42381, 44.82466], [20.42379, 44.82475], [20.42373, 44.82479], [20.42374, 44.82483], [20.42345, 44.82488], [20.42315, 44.82497], [20.42317, 44.82502], [20.42312, 44.82506], [20.4231, 44.82514], [20.42295, 44.8251], [20.42282, 44.82504], [20.42268, 44.8251], [20.42264, 44.82508], [20.42256, 44.82513], [20.42226, 44.82526], [20.42208, 44.82538], [20.42171, 44.82576], [20.42159, 44.82593], [20.42155, 44.82604], [20.42144, 44.82617], [20.42113, 44.8264], [20.42113, 44.82642], [20.42115, 44.82644], [20.42114, 44.82646], [20.42106, 44.82645], [20.42103, 44.82646], [20.4209, 44.82662], [20.42083, 44.82675], [20.42079, 44.82693], [20.42073, 44.82728], [20.42073, 44.82731], [20.42078, 44.82733], [20.4207, 44.82748], [20.42075, 44.82758], [20.42079, 44.82758], [20.42078, 44.8275], [20.42069, 44.82733], [20.42079, 44.82725], [20.42083, 44.82711], [20.42086, 44.82684], [20.42082, 44.82681], [20.4209, 44.82676], [20.42088, 44.82669], [20.4211, 44.82648], [20.42133, 44.82631], [20.4214, 44.8262], [20.42152, 44.82616], [20.42158, 44.82611], [20.42168, 44.82595], [20.42167, 44.82593], [20.42164, 44.82593], [20.42164, 44.82591], [20.42171, 44.8259], [20.42172, 44.82588], [20.42173, 44.82582], [20.42167, 44.82579], [20.42173, 44.82574], [20.42179, 44.82574], [20.4218, 44.8257], [20.42178, 44.82567], [20.4218, 44.82565], [20.42187, 44.82565], [20.42194, 44.82555], [20.42193, 44.82553], [20.42199, 44.82549], [20.42204, 44.82543], [20.42203, 44.82541], [20.42205, 44.82539], [20.42235, 44.82527], [20.4224, 44.82527], [20.42246, 44.8252], [20.42266, 44.82511], [20.42281, 44.82506], [20.42316, 44.825], [20.4234, 44.82492], [20.42363, 44.82487], [20.42372, 44.82483], [20.4241, 44.82452], [20.42452, 44.82433], [20.42459, 44.82427], [20.42457, 44.82426], [20.42459, 44.82424], [20.42467, 44.82424], [20.42471, 44.82417], [20.42481, 44.82407], [20.42508, 44.82389], [20.42534, 44.82366], [20.42538, 44.82361], [20.42536, 44.82354], [20.4254, 44.82353], [20.42548, 44.82354], [20.42576, 44.82335], [20.42607, 44.82324], [20.42645, 44.82306], [20.42649, 44.82304], [20.42647, 44.82301], [20.42648, 44.823], [20.42657, 44.82302], [20.42669, 44.82297], [20.42684, 44.82293], [20.42783, 44.82257], [20.42795, 44.8225], [20.4279, 44.8225], [20.42778, 44.82257], [20.42781, 44.8226], [20.42766, 44.82262], [20.42725, 44.82275], [20.42692, 44.82287], [20.42689, 44.82289], [20.42691, 44.82291], [20.42675, 44.82293], [20.42658, 44.82298], [20.42654, 44.82297], [20.42638, 44.82307], [20.42596, 44.82327], [20.42575, 44.82334], [20.42552, 44.82345], [20.42544, 44.82351], [20.4254, 44.82357], [20.42531, 44.82363], [20.42531, 44.82366], [20.42524, 44.82369], [20.42519, 44.82375], [20.42512, 44.82378], [20.42497, 44.82392], [20.42484, 44.82401], [20.42463, 44.82424], [20.42462, 44.8243], [20.4245, 44.82439], [20.42445, 44.82439], [20.42439, 44.82447], [20.42421, 44.82449], [20.42401, 44.82457], [20.42398, 44.82458], [20.42397, 44.82461], [20.42391, 44.82462], [20.42359, 44.82485], [20.42345, 44.8249], [20.4234, 44.82494], [20.42337, 44.82495], [20.42331, 44.82492], [20.4232, 44.82497], [20.423, 44.825], [20.42272, 44.82509], [20.42269, 44.82513], [20.42264, 44.82513], [20.42257, 44.8251], [20.42233, 44.82523], [20.42231, 44.82525], [20.4223, 44.8253], [20.42219, 44.82532], [20.42217, 44.82537], [20.42199, 44.82539], [20.4219, 44.82547], [20.42182, 44.82571], [20.42168, 44.82591], [20.42166, 44.82601], [20.42168, 44.82602], [20.42161, 44.82605], [20.42152, 44.82614], [20.42141, 44.82618], [20.4214, 44.82616], [20.42156, 44.8261], [20.42162, 44.82605], [20.42162, 44.82602], [20.42157, 44.82597]]}, "properties": {"id": 19066153307, "name": "Run", "sport": "Run", "date": "2026-06-25", "distance_km": 6.7, "moving_time_s": 2697, "elev_gain_m": 0, "avg_speed_kmh": 8.9, "avg_hr": null}}, {"type": "Feature", "geometry": {"type": "LineString", "coordinates": [[19.12088, 43.14162], [19.12577, 43.12834], [19.1245, 43.12495], [19.12471, 43.12135], [19.12215, 43.11788], [19.12193, 43.11102], [19.11752, 43.10365], [19.11115, 43.09971], [19.1103, 43.09747], [19.10953, 43.09885], [19.10696, 43.09835], [19.10701, 43.09515], [19.10366, 43.09506], [19.1016, 43.09206], [19.09842, 43.09207], [19.09601, 43.09359], [19.09288, 43.09351], [19.08938, 43.092], [19.0871, 43.09315], [19.08498, 43.09282], [19.08135, 43.09084], [19.0773, 43.09214], [19.07144, 43.09713], [19.06991, 43.0974], [19.06366, 43.10025], [19.05574, 43.10046], [19.05397, 43.09964], [19.05364, 43.09868], [19.05572, 43.09673], [19.05041, 43.0986], [19.04978, 43.09974], [19.04653, 43.10144], [19.04415, 43.10187], [19.04661, 43.10088], [19.04792, 43.09899], [19.04679, 43.10011], [19.04145, 43.10228], [19.03816, 43.10255], [19.03682, 43.10394], [19.03283, 43.10415], [19.03101, 43.10523], [19.02573, 43.10588], [19.02453, 43.10684], [19.02215, 43.10504], [19.01863, 43.10402], [19.01595, 43.10447], [19.00782, 43.10807], [19.00373, 43.10749], [19.00418, 43.10603], [19.00329, 43.10605], [19.00099, 43.10785], [18.99554, 43.11004], [18.99281, 43.11077], [18.9926, 43.11758], [18.99061, 43.11762], [18.98894, 43.1191], [18.98617, 43.12069], [18.98644, 43.12246], [18.98762, 43.12104], [18.98843, 43.1213], [18.98834, 43.12231], [18.9872, 43.12262], [18.98634, 43.12439], [18.98764, 43.12754], [18.98632, 43.12948], [18.98299, 43.13085], [18.98129, 43.13279], [18.97598, 43.13359], [18.97429, 43.13345], [18.97065, 43.13521], [18.96507, 43.13449], [18.9631, 43.13302], [18.95948, 43.13321], [18.95646, 43.13177], [18.95479, 43.13219], [18.95301, 43.13181], [18.95148, 43.13329], [18.94978, 43.13388], [18.94664, 43.1327], [18.94803, 43.13361], [18.94585, 43.13346], [18.94357, 43.13658], [18.94081, 43.13662], [18.94171, 43.13871], [18.93992, 43.13857], [18.93774, 43.13955], [18.93024, 43.14055], [18.92973, 43.14129], [18.93085, 43.14239], [18.93012, 43.14306], [18.92877, 43.14199], [18.92568, 43.14328], [18.9235, 43.14145], [18.9203, 43.14251], [18.91825, 43.14153], [18.91654, 43.142], [18.91563, 43.14111], [18.91338, 43.1406], [18.91491, 43.143], [18.91714, 43.14441], [18.91629, 43.14541], [18.91776, 43.14531], [18.91844, 43.14683], [18.9198, 43.14725], [18.92001, 43.14932], [18.91766, 43.15097], [18.91728, 43.15614], [18.91032, 43.16101], [18.90941, 43.16285], [18.91065, 43.16388], [18.91226, 43.16407], [18.91156, 43.16535], [18.91454, 43.1661], [18.91601, 43.16756], [18.91897, 43.16849], [18.91922, 43.16919], [18.9204, 43.16919], [18.92091, 43.16987], [18.92324, 43.1698], [18.92398, 43.17065], [18.92646, 43.17079], [18.92688, 43.17171], [18.92508, 43.17261], [18.9241, 43.17536], [18.92508, 43.17784], [18.92364, 43.17925], [18.92399, 43.17978], [18.92683, 43.18], [18.92863, 43.18076], [18.9283, 43.18261], [18.93124, 43.18356], [18.93297, 43.18387], [18.93339, 43.18698], [18.93568, 43.18727], [18.9346, 43.18795], [18.92473, 43.1887], [18.91798, 43.1878], [18.91372, 43.18509], [18.90939, 43.18403], [18.90556, 43.18025], [18.8998, 43.17902], [18.89868, 43.17659], [18.88951, 43.17735], [18.88496, 43.1767], [18.87874, 43.17878], [18.86632, 43.18054], [18.86576, 43.18037], [18.86665, 43.18001], [18.86371, 43.1799], [18.85978, 43.17759], [18.85879, 43.1756], [18.85849, 43.17683], [18.85948, 43.17802], [18.85823, 43.17668], [18.85823, 43.1763], [18.85944, 43.17781], [18.85862, 43.17677], [18.85902, 43.17567], [18.85936, 43.17728], [18.86344, 43.17975], [18.86641, 43.18005], [18.86572, 43.1804], [18.8668, 43.18054], [18.87897, 43.17869], [18.88509, 43.17667], [18.8899, 43.17733], [18.89867, 43.17689], [18.8998, 43.17751], [18.90043, 43.17936], [18.91576, 43.18603], [18.91826, 43.18788], [18.92712, 43.18865], [18.93297, 43.18835], [18.93571, 43.18724], [18.93444, 43.18805], [18.93439, 43.18921], [18.93696, 43.1903], [18.93786, 43.19144], [18.93912, 43.1915], [18.94201, 43.19403], [18.94122, 43.19643], [18.94338, 43.19719], [18.94412, 43.19817], [18.94262, 43.20192], [18.94395, 43.20262], [18.94447, 43.20436], [18.9425, 43.2066], [18.93911, 43.20821], [18.93743, 43.21004], [18.94047, 43.20899], [18.94128, 43.20998], [18.94548, 43.20884], [18.9466, 43.20898], [18.94711, 43.20983], [18.94832, 43.20919], [18.94973, 43.20938], [18.95054, 43.20864], [18.95202, 43.20884], [18.95256, 43.20818], [18.95337, 43.20845], [18.95829, 43.20626], [18.96174, 43.20563], [18.96225, 43.20493], [18.96681, 43.20429], [18.96908, 43.20335], [18.97733, 43.20379], [18.97896, 43.20309], [18.98312, 43.20331], [18.98439, 43.20163], [18.98749, 43.20178], [18.98919, 43.19847], [18.98945, 43.19924], [18.99027, 43.19852], [18.98915, 43.19537], [18.98826, 43.19047], [18.99003, 43.18671], [18.98976, 43.18551], [18.99234, 43.18465], [18.99408, 43.18266], [18.99348, 43.18569], [18.99206, 43.18585], [18.9929, 43.18679], [18.99183, 43.19061], [18.99374, 43.18765], [18.9933, 43.19007], [18.99412, 43.1905], [18.99359, 43.18987], [18.99503, 43.18851], [18.99553, 43.18637], [18.9972, 43.18572], [18.99636, 43.18671], [18.99679, 43.18779], [18.99944, 43.18472], [19.00002, 43.18554], [19.00179, 43.18358], [19.00114, 43.18762], [19.00349, 43.18392], [19.0042, 43.17968], [19.00492, 43.18022], [19.00524, 43.17963], [19.00418, 43.17902], [19.0056, 43.17913], [19.00502, 43.17849], [19.00791, 43.17883], [19.00743, 43.17793], [19.00639, 43.17802], [19.00779, 43.1773], [19.00889, 43.1793], [19.006, 43.1818], [19.00609, 43.18605], [19.00475, 43.18751], [19.00486, 43.19098], [19.00499, 43.19625], [19.00574, 43.20176], [19.0078, 43.20436], [19.01001, 43.2041], [19.01464, 43.20541], [19.01633, 43.20497], [19.01574, 43.20623], [19.01803, 43.20418], [19.02355, 43.20145], [19.02599, 43.20144], [19.0308, 43.19933], [19.03422, 43.19891], [19.03501, 43.19938], [19.03676, 43.19846], [19.037, 43.19769], [19.03591, 43.19675], [19.03948, 43.19742], [19.03963, 43.19592], [19.04091, 43.19614], [19.04191, 43.19508], [19.04339, 43.19533], [19.04686, 43.19344], [19.04727, 43.19261], [19.04593, 43.19173], [19.04673, 43.18846], [19.04929, 43.19147], [19.04831, 43.18709], [19.05044, 43.18983], [19.05495, 43.19129], [19.0562, 43.19198], [19.05862, 43.18912], [19.06009, 43.18844], [19.06157, 43.18825], [19.06142, 43.18656], [19.06371, 43.18567], [19.06496, 43.18346], [19.06724, 43.18314], [19.067, 43.18135], [19.06432, 43.18062], [19.06646, 43.18056], [19.06855, 43.179], [19.06949, 43.17745], [19.07338, 43.17449], [19.07584, 43.17086], [19.07742, 43.17072], [19.08061, 43.16953], [19.08353, 43.17051], [19.08462, 43.17489], [19.08421, 43.17383], [19.08601, 43.17186], [19.08659, 43.17205], [19.08624, 43.16954], [19.0873, 43.16949], [19.0871, 43.16754], [19.09017, 43.16935], [19.09226, 43.16963], [19.10013, 43.17219], [19.10191, 43.17316], [19.10252, 43.17439], [19.10358, 43.17442], [19.10585, 43.17131], [19.10961, 43.1706], [19.10933, 43.16892], [19.11335, 43.16813], [19.11575, 43.16598], [19.11804, 43.16588], [19.11806, 43.16225], [19.12284, 43.16127], [19.11859, 43.15956], [19.12145, 43.15706], [19.12081, 43.15499], [19.12591, 43.15423], [19.12835, 43.15145], [19.12571, 43.14998], [19.12257, 43.14689], [19.12085, 43.14162]]}, "properties": {"id": 18998157051, "name": "Durmitorski prsten", "sport": "Ride", "date": "2026-06-20", "distance_km": 96.04, "moving_time_s": 24025, "elev_gain_m": 2588, "avg_speed_kmh": 14.4, "avg_hr": null}}, {"type": "Feature", "geometry": {"type": "LineString", "coordinates": [[20.42306, 44.825], [20.42337, 44.82494], [20.42348, 44.82489], [20.42375, 44.82481], [20.4239, 44.82471], [20.42399, 44.82459], [20.42406, 44.82454], [20.42416, 44.82451], [20.42428, 44.82447], [20.42445, 44.82447], [20.42452, 44.82445], [20.42465, 44.82431], [20.42474, 44.82416], [20.42479, 44.8241], [20.42523, 44.82375], [20.42554, 44.82349], [20.42562, 44.82344], [20.42647, 44.82305], [20.42666, 44.82298], [20.427, 44.8229], [20.42785, 44.82256], [20.42809, 44.82244], [20.42837, 44.82227], [20.42863, 44.82209], [20.42887, 44.82197], [20.42898, 44.82194], [20.42907, 44.82194], [20.42914, 44.82191], [20.42944, 44.82191], [20.42974, 44.82186], [20.42989, 44.82181], [20.43008, 44.82178], [20.43038, 44.82165], [20.43072, 44.82162], [20.43089, 44.82163], [20.43122, 44.82158], [20.43173, 44.82159], [20.43168, 44.8216], [20.43129, 44.82155], [20.43103, 44.8216], [20.43055, 44.82162], [20.43028, 44.82167], [20.43004, 44.82174], [20.42985, 44.82181], [20.42967, 44.82186], [20.42942, 44.8219], [20.42911, 44.82191], [20.42884, 44.82197], [20.42873, 44.82202], [20.42872, 44.82206], [20.42861, 44.82208], [20.42801, 44.82247], [20.42743, 44.82271], [20.42704, 44.82284], [20.42697, 44.82288], [20.42668, 44.82295], [20.42655, 44.82303], [20.42617, 44.82315], [20.4259, 44.82329], [20.42561, 44.82339], [20.42544, 44.8235], [20.42542, 44.82354], [20.42533, 44.82363], [20.42527, 44.82366], [20.42499, 44.82391], [20.4247, 44.82413], [20.42445, 44.82442], [20.42435, 44.82447], [20.42412, 44.82449], [20.424, 44.82453], [20.42388, 44.82466], [20.42387, 44.82472], [20.4239, 44.82473], [20.42388, 44.82475], [20.42364, 44.8248], [20.4233, 44.82495], [20.42297, 44.82501], [20.42292, 44.825], [20.42281, 44.82506], [20.42252, 44.82514], [20.42235, 44.82522], [20.42199, 44.82543], [20.42187, 44.82556], [20.42182, 44.82558], [20.42175, 44.82565], [20.42167, 44.82582], [20.42165, 44.82596], [20.42162, 44.82602], [20.42129, 44.82629], [20.42117, 44.82642], [20.42096, 44.82652], [20.42087, 44.82664], [20.42082, 44.82672], [20.4208, 44.82682], [20.42074, 44.82728], [20.42074, 44.82741], [20.42072, 44.82748], [20.42072, 44.8276], [20.4208, 44.82765], [20.42093, 44.82769], [20.42106, 44.82778], [20.42114, 44.82788], [20.42117, 44.82798], [20.42121, 44.82801], [20.42148, 44.82813], [20.42154, 44.82814], [20.42174, 44.82824], [20.42195, 44.82831], [20.42193, 44.82835], [20.42185, 44.82838], [20.42181, 44.82848], [20.42168, 44.82861], [20.42152, 44.8289], [20.42119, 44.82959], [20.42118, 44.82961], [20.42122, 44.82964], [20.42123, 44.8297], [20.42121, 44.82972], [20.42107, 44.82978], [20.421, 44.82984], [20.42094, 44.82992], [20.42092, 44.83006], [20.42094, 44.83009], [20.42093, 44.83012], [20.42083, 44.83038], [20.42084, 44.83043], [20.42081, 44.8305], [20.42084, 44.83055], [20.42082, 44.83067], [20.4208, 44.83069], [20.42076, 44.8308], [20.4207, 44.83086], [20.42068, 44.83092], [20.42067, 44.83093], [20.42064, 44.83093], [20.42064, 44.831], [20.42059, 44.83109], [20.42053, 44.83125], [20.4205, 44.83127], [20.42049, 44.83134], [20.42045, 44.83143], [20.42046, 44.83145], [20.42041, 44.83149], [20.4204, 44.83155], [20.42042, 44.83157], [20.42042, 44.8316], [20.42038, 44.83165], [20.42036, 44.83171], [20.42031, 44.83177], [20.42023, 44.83198], [20.42022, 44.83209], [20.42018, 44.83225], [20.4201, 44.83235], [20.42007, 44.83263], [20.41992, 44.83294], [20.41988, 44.8332], [20.41981, 44.83327], [20.41983, 44.83334], [20.41979, 44.83343], [20.41964, 44.83405], [20.41964, 44.83408], [20.41966, 44.8341], [20.41966, 44.83414], [20.41962, 44.83419], [20.41959, 44.83433], [20.4195, 44.83451], [20.41943, 44.83479], [20.41948, 44.83482], [20.41947, 44.83485], [20.41943, 44.83488], [20.41939, 44.83488], [20.41937, 44.83493], [20.41938, 44.8351], [20.41924, 44.83571], [20.41918, 44.83594], [20.41918, 44.83597], [20.41928, 44.83603], [20.41922, 44.83611], [20.41913, 44.83616], [20.41907, 44.83624], [20.41901, 44.83672], [20.41895, 44.83685], [20.41895, 44.83697], [20.41901, 44.83705], [20.41909, 44.83707], [20.41907, 44.83711], [20.4191, 44.8372], [20.419, 44.83739], [20.41901, 44.83768], [20.41901, 44.83773], [20.41893, 44.83786], [20.41896, 44.83791], [20.41893, 44.83802], [20.41894, 44.8381], [20.41892, 44.83816], [20.41887, 44.83821], [20.41886, 44.83826], [20.41876, 44.83848], [20.41869, 44.83872], [20.41856, 44.83905], [20.41847, 44.83951], [20.4183, 44.83997], [20.41826, 44.84012], [20.41822, 44.84042], [20.41825, 44.84052], [20.41813, 44.84059], [20.41811, 44.84065], [20.41807, 44.84084], [20.41806, 44.84096], [20.41794, 44.84136], [20.41798, 44.8414], [20.41798, 44.84144], [20.41783, 44.84153], [20.41779, 44.84162], [20.41778, 44.84186], [20.41773, 44.84208], [20.41762, 44.84232], [20.41764, 44.84237], [20.41762, 44.84244], [20.41757, 44.84246], [20.41755, 44.84257], [20.41742, 44.84276], [20.41723, 44.84315], [20.41716, 44.84338], [20.41709, 44.84347], [20.41713, 44.84353], [20.41711, 44.84359], [20.41709, 44.84361], [20.41695, 44.84365], [20.41692, 44.84373], [20.41695, 44.84377], [20.41694, 44.8438], [20.41691, 44.84384], [20.41685, 44.84387], [20.41679, 44.84395], [20.41679, 44.84402], [20.41681, 44.84406], [20.41679, 44.84409], [20.41679, 44.84418], [20.41668, 44.84425], [20.41659, 44.84446], [20.41627, 44.84493], [20.41619, 44.84508], [20.41592, 44.84539], [20.41584, 44.84552], [20.4157, 44.84563], [20.41571, 44.84565], [20.41584, 44.84556], [20.41589, 44.8455], [20.41591, 44.84543], [20.416, 44.84537], [20.41604, 44.84533], [20.41626, 44.84498], [20.41629, 44.84491], [20.41629, 44.84485], [20.41642, 44.84478], [20.41645, 44.84474], [20.41644, 44.84466], [20.41656, 44.84453], [20.41666, 44.84435], [20.41668, 44.84423], [20.41679, 44.84414], [20.41679, 44.84411], [20.41677, 44.84405], [20.41678, 44.84402], [20.41694, 44.84384], [20.41722, 44.84335], [20.41723, 44.84328], [20.41719, 44.84324], [20.4172, 44.84318], [20.41723, 44.84315], [20.41729, 44.84315], [20.41732, 44.8431], [20.41758, 44.84252], [20.41759, 44.84246], [20.41763, 44.84235], [20.41769, 44.84221], [20.41773, 44.84221], [20.41773, 44.84215], [20.41769, 44.84212], [20.41772, 44.84204], [20.41771, 44.84199], [20.41776, 44.84193], [20.41781, 44.84191], [20.41788, 44.84172], [20.41789, 44.84167], [20.41786, 44.84164], [20.4179, 44.84161], [20.41792, 44.84159], [20.41789, 44.84149], [20.41792, 44.84144], [20.418, 44.84143], [20.41804, 44.84139], [20.41808, 44.84122], [20.41808, 44.84083], [20.41817, 44.84067], [20.41825, 44.84034], [20.41841, 44.84], [20.41841, 44.83997], [20.41838, 44.83994], [20.41839, 44.83989], [20.41843, 44.83985], [20.4184, 44.83978], [20.41846, 44.83961], [20.4185, 44.83942], [20.41858, 44.83926], [20.41863, 44.83907], [20.4187, 44.83893], [20.41884, 44.83854], [20.41887, 44.83836], [20.41884, 44.83829], [20.41886, 44.8382], [20.4189, 44.83819], [20.41892, 44.83816], [20.41896, 44.83783], [20.41903, 44.8376], [20.4191, 44.83748], [20.41911, 44.83745], [20.41907, 44.83736], [20.41909, 44.8373], [20.41918, 44.83724], [20.41918, 44.83714], [20.41913, 44.83704], [20.41905, 44.83693], [20.41906, 44.83681], [20.41912, 44.83665], [20.41911, 44.83652], [20.41913, 44.83633], [20.41915, 44.8363], [20.41911, 44.83628], [20.41909, 44.83621], [20.41909, 44.83612], [20.41916, 44.83608], [20.41921, 44.83608], [20.41926, 44.83605], [20.41927, 44.83603], [20.41928, 44.83601], [20.41923, 44.83593], [20.41922, 44.83588], [20.41927, 44.83587], [20.4193, 44.83576], [20.41929, 44.8357], [20.41931, 44.83565], [20.41932, 44.83556], [20.41931, 44.83553], [20.41938, 44.83547], [20.41942, 44.83521], [20.41951, 44.83493], [20.41957, 44.83458], [20.41959, 44.83449], [20.41963, 44.83441], [20.41967, 44.8341], [20.41974, 44.83375], [20.41972, 44.83372], [20.4198, 44.83367], [20.41983, 44.83334], [20.41993, 44.83301], [20.41994, 44.83298], [20.41992, 44.83295], [20.41996, 44.83288], [20.42, 44.83287], [20.42003, 44.83284], [20.42006, 44.8326], [20.4202, 44.83232], [20.42023, 44.83221], [20.42022, 44.83218], [20.42017, 44.83215], [20.42032, 44.83196], [20.4204, 44.83158], [20.42046, 44.83144], [20.42047, 44.8314], [20.42045, 44.83138], [20.42035, 44.83132], [20.42056, 44.83122], [20.42056, 44.83111], [20.42062, 44.83096], [20.42068, 44.83088], [20.42075, 44.83067], [20.42093, 44.83032], [20.42097, 44.83012], [20.42097, 44.83008], [20.42106, 44.82993], [20.42103, 44.8299], [20.42111, 44.82981], [20.42118, 44.82979], [20.42124, 44.82957], [20.42123, 44.82953], [20.42128, 44.8295], [20.42129, 44.82946], [20.4213, 44.82941], [20.42128, 44.82938], [20.42136, 44.82935], [20.4216, 44.82886], [20.42179, 44.82859], [20.42182, 44.82847], [20.42195, 44.82828], [20.42194, 44.82822], [20.4219, 44.8282], [20.42166, 44.82814], [20.4213, 44.82799], [20.42124, 44.82795], [20.42114, 44.82783], [20.42105, 44.82768], [20.42101, 44.82766], [20.42083, 44.82758], [20.42078, 44.82757], [20.42073, 44.82758], [20.42058, 44.8275], [20.42066, 44.82739], [20.42079, 44.82728], [20.42089, 44.82697], [20.42097, 44.82663], [20.42108, 44.82651], [20.42109, 44.82648], [20.42105, 44.82644], [20.42109, 44.82642], [20.42125, 44.82641], [20.42145, 44.8263], [20.42156, 44.8262], [20.42163, 44.82608], [20.42177, 44.82577], [20.42197, 44.82552], [20.42215, 44.82538], [20.42214, 44.8253], [20.42219, 44.82528], [20.42236, 44.82529], [20.42239, 44.82525], [20.42255, 44.82521], [20.42284, 44.82508], [20.42285, 44.82503], [20.42299, 44.82503], [20.42306, 44.825], [20.42316, 44.825], [20.42313, 44.82502], [20.42295, 44.82505]]}, "properties": {"id": 18962971178, "name": "LD RUN", "sport": "Run", "date": "2026-06-17", "distance_km": 7.28, "moving_time_s": 2689, "elev_gain_m": 0, "avg_speed_kmh": 9.7, "avg_hr": null}}, {"type": "Feature", "geometry": {"type": "LineString", "coordinates": [[20.50217, 44.69555], [20.50192, 44.69596], [20.50266, 44.69514], [20.50347, 44.69469], [20.50322, 44.69394], [20.50345, 44.69325], [20.50401, 44.69257], [20.50503, 44.69192], [20.50482, 44.69096], [20.50562, 44.68982], [20.50664, 44.68931], [20.50655, 44.68868], [20.50723, 44.68785], [20.50927, 44.68695], [20.51117, 44.68732], [20.51166, 44.68619], [20.51211, 44.68592], [20.51378, 44.68608], [20.5161, 44.68524], [20.51679, 44.68518], [20.51757, 44.68549], [20.51896, 44.68681], [20.51942, 44.6869], [20.52061, 44.68669], [20.52137, 44.68722], [20.52126, 44.6882], [20.52063, 44.68954], [20.52074, 44.69021], [20.52023, 44.69018], [20.52064, 44.68823], [20.52049, 44.68782], [20.52002, 44.68765], [20.51867, 44.68779], [20.5175, 44.68723], [20.51695, 44.68717], [20.5148, 44.68798], [20.51421, 44.6891], [20.51245, 44.68974], [20.51208, 44.6901], [20.51213, 44.69081], [20.51301, 44.69155], [20.51381, 44.69192], [20.51379, 44.69214], [20.51349, 44.69222], [20.51287, 44.69203], [20.51242, 44.69159], [20.51215, 44.69184], [20.51293, 44.69367], [20.51294, 44.69495], [20.51558, 44.69621], [20.51599, 44.69669], [20.51584, 44.69736], [20.5162, 44.6973], [20.51695, 44.69668], [20.51693, 44.69624], [20.51653, 44.69598], [20.51671, 44.69589], [20.51799, 44.69643], [20.51863, 44.69707], [20.51873, 44.69766], [20.51852, 44.69791], [20.51812, 44.69794], [20.51827, 44.69814], [20.52031, 44.69789], [20.52077, 44.69755], [20.52077, 44.69722], [20.52105, 44.69727], [20.52102, 44.69796], [20.51965, 44.69875], [20.51874, 44.69911], [20.51734, 44.69913], [20.51532, 44.69945], [20.51337, 44.6991], [20.51238, 44.69848], [20.51136, 44.69881], [20.51015, 44.69853], [20.51013, 44.69888], [20.51087, 44.69915], [20.51056, 44.69933], [20.50944, 44.69896], [20.50828, 44.69893], [20.50682, 44.69833], [20.50494, 44.69669], [20.50422, 44.69578], [20.50332, 44.69565], [20.50332, 44.6949], [20.50266, 44.69514], [20.50193, 44.6959], [20.50274, 44.69507], [20.50345, 44.69471], [20.50323, 44.69403], [20.50339, 44.69337], [20.50391, 44.69265], [20.50508, 44.69188], [20.50478, 44.69116], [20.50543, 44.69001], [20.50667, 44.68929], [20.50659, 44.68858], [20.50721, 44.68787], [20.50862, 44.68711], [20.50943, 44.68695], [20.51108, 44.68735], [20.51147, 44.68706], [20.51157, 44.68634], [20.51196, 44.68596], [20.5126, 44.68587], [20.51329, 44.68608], [20.51387, 44.68605], [20.51652, 44.68516], [20.51743, 44.68539], [20.51787, 44.686], [20.51892, 44.6868], [20.51935, 44.68689], [20.52041, 44.68665], [20.52119, 44.68698], [20.5214, 44.68757], [20.52061, 44.68956], [20.52061, 44.69027], [20.52029, 44.6901], [20.52066, 44.68814], [20.52048, 44.68781], [20.52009, 44.68764], [20.51871, 44.68781], [20.51717, 44.68717], [20.51468, 44.68803], [20.51418, 44.68914], [20.51241, 44.68975], [20.51199, 44.69033], [20.51243, 44.6911], [20.51387, 44.69201], [20.51345, 44.69223], [20.5127, 44.69196], [20.51251, 44.69159], [20.51218, 44.69169], [20.51289, 44.69357], [20.51305, 44.69533], [20.51469, 44.69565], [20.51558, 44.6962], [20.516, 44.69668], [20.51583, 44.69734], [20.51706, 44.69657], [20.51701, 44.69626], [20.51656, 44.69594], [20.51793, 44.6964], [20.5187, 44.6972], [20.51866, 44.69775], [20.51808, 44.69797], [20.51854, 44.69815], [20.51947, 44.69814], [20.52041, 44.69791], [20.52093, 44.69722], [20.52099, 44.69802], [20.51991, 44.69865], [20.51863, 44.69911], [20.51721, 44.69914], [20.51551, 44.69946], [20.51336, 44.69909], [20.5124, 44.69847], [20.51127, 44.69882], [20.50999, 44.69854], [20.50995, 44.69893], [20.51084, 44.69913], [20.51059, 44.69935], [20.50925, 44.69892], [20.5081, 44.6989], [20.50687, 44.69842], [20.50399, 44.69561], [20.50217, 44.69583], [20.50198, 44.69589], [20.50261, 44.69519], [20.50346, 44.69471], [20.50322, 44.69393], [20.50349, 44.69316], [20.50506, 44.69188], [20.50478, 44.69111], [20.50555, 44.68989], [20.50663, 44.68931], [20.50658, 44.68859], [20.50716, 44.68791], [20.50914, 44.68696], [20.51121, 44.6873], [20.51168, 44.68617], [20.51213, 44.68592], [20.51388, 44.68606], [20.51611, 44.68524], [20.51691, 44.6852], [20.5176, 44.68552], [20.51902, 44.68683], [20.52052, 44.68667], [20.52139, 44.6872], [20.52124, 44.68832], [20.52062, 44.68959], [20.52071, 44.6902], [20.52046, 44.69027], [20.52027, 44.69011], [20.52064, 44.68815], [20.52039, 44.68772], [20.51874, 44.68782], [20.5175, 44.68724], [20.51679, 44.6872], [20.51473, 44.68801], [20.51423, 44.68908], [20.51248, 44.68971], [20.51206, 44.69008], [20.51208, 44.69076], [20.51302, 44.69156], [20.51376, 44.69182], [20.5138, 44.69212], [20.51326, 44.69218], [20.51265, 44.69192], [20.51251, 44.69159], [20.51222, 44.69168], [20.51294, 44.69366], [20.51298, 44.69498], [20.51332, 44.69525], [20.51464, 44.69565], [20.51572, 44.6963], [20.51604, 44.69681], [20.5158, 44.69728], [20.51622, 44.69731], [20.51702, 44.69671], [20.51654, 44.69591], [20.51676, 44.69584], [20.518, 44.69633], [20.51865, 44.69698], [20.5187, 44.69804], [20.51818, 44.69831], [20.51932, 44.69843], [20.52045, 44.69819], [20.521, 44.69729], [20.52107, 44.69785], [20.52066, 44.69844], [20.51984, 44.69899], [20.51862, 44.69951], [20.51704, 44.6995], [20.5155, 44.69974], [20.51328, 44.69924], [20.51229, 44.69858], [20.51121, 44.69893], [20.51, 44.69857], [20.51089, 44.69931], [20.51069, 44.69947], [20.51021, 44.69943], [20.50899, 44.6989], [20.50674, 44.69818], [20.50393, 44.69545], [20.50197, 44.69577], [20.50266, 44.69512], [20.50343, 44.69473], [20.50321, 44.69391], [20.50349, 44.69314], [20.50399, 44.69257], [20.50507, 44.69186], [20.50474, 44.69129], [20.50489, 44.69084], [20.50558, 44.68986], [20.50663, 44.68931], [20.50656, 44.68869], [20.50727, 44.68783], [20.50891, 44.687], [20.50941, 44.68698], [20.51081, 44.68739], [20.51126, 44.68732], [20.51163, 44.68626], [20.51207, 44.68597], [20.5139, 44.6861], [20.51609, 44.68524], [20.51693, 44.68523], [20.51756, 44.68553], [20.518, 44.68615], [20.51894, 44.68685], [20.51951, 44.68692], [20.52049, 44.6867], [20.52132, 44.68716], [20.52123, 44.68838], [20.52062, 44.68943], [20.52076, 44.69016], [20.52051, 44.69029], [20.52029, 44.69015], [20.5206, 44.68809], [20.52028, 44.68771], [20.51873, 44.68784], [20.51759, 44.68728], [20.51697, 44.6872], [20.51485, 44.68796], [20.51454, 44.68821], [20.51431, 44.68904], [20.51247, 44.68974], [20.51202, 44.69022], [20.51234, 44.69105], [20.51308, 44.6916], [20.51369, 44.69177], [20.51386, 44.69203], [20.51366, 44.69222], [20.51333, 44.69221], [20.51271, 44.69194], [20.5125, 44.6916], [20.5122, 44.6916], [20.51294, 44.69363], [20.51292, 44.69501], [20.5151, 44.69592], [20.51436, 44.6956], [20.51459, 44.69561], [20.51555, 44.69617], [20.51599, 44.69666], [20.51603, 44.69698], [20.51574, 44.69721], [20.51594, 44.69732], [20.517, 44.69665], [20.51698, 44.69633], [20.51666, 44.69591], [20.51721, 44.69596], [20.51822, 44.6965], [20.51889, 44.69738], [20.51874, 44.69776], [20.51807, 44.69799], [20.51837, 44.69821], [20.52012, 44.698], [20.52074, 44.69757], [20.52103, 44.69707], [20.52124, 44.69725], [20.52113, 44.69773], [20.5201, 44.69845], [20.51893, 44.69892], [20.51568, 44.69945], [20.5134, 44.69916], [20.51232, 44.69846], [20.51121, 44.69882], [20.51006, 44.6985], [20.51007, 44.69888], [20.51093, 44.69924], [20.51024, 44.69928], [20.50912, 44.69888], [20.50778, 44.69881], [20.50686, 44.69842], [20.50422, 44.69585]]}, "properties": {"id": 18945027708, "name": "4 Avale, 2 to\u010dka, 1 biciklomanijak", "sport": "Ride", "date": "2026-06-16", "distance_km": 33.69, "moving_time_s": 8143, "elev_gain_m": 899, "avg_speed_kmh": 14.9, "avg_hr": null}}, {"type": "Feature", "geometry": {"type": "LineString", "coordinates": [[20.39794, 44.84131], [20.39971, 44.8412], [20.40186, 44.84143], [20.40396, 44.8415], [20.40427, 44.84135], [20.39873, 44.82854], [20.39661, 44.82276], [20.39503, 44.81713], [20.39451, 44.81597], [20.39617, 44.8157], [20.40241, 44.81286], [20.4024, 44.8125], [20.40023, 44.81023], [20.40062, 44.81002], [20.40052, 44.80969], [20.40699, 44.80689], [20.40816, 44.80653], [20.40901, 44.80634], [20.41107, 44.80649], [20.41181, 44.80615], [20.41207, 44.80651], [20.41241, 44.80659], [20.41246, 44.80608], [20.41269, 44.80596], [20.41295, 44.80379], [20.42127, 44.80343], [20.42256, 44.80311], [20.42396, 44.80239], [20.42449, 44.80181], [20.42475, 44.80104], [20.42643, 44.79316], [20.42634, 44.79262], [20.42409, 44.79129], [20.42172, 44.78961], [20.41996, 44.78883], [20.41904, 44.7888], [20.41767, 44.78839], [20.41649, 44.78877], [20.41614, 44.78968], [20.41637, 44.78863], [20.41619, 44.78787], [20.41568, 44.78763], [20.41561, 44.78703], [20.41371, 44.78592], [20.41013, 44.78513], [20.4, 44.78476], [20.39435, 44.78312], [20.38814, 44.78156], [20.38706, 44.78115], [20.37583, 44.77576], [20.37173, 44.77407], [20.36737, 44.77253], [20.36265, 44.77107], [20.35934, 44.76965], [20.35401, 44.76545], [20.34395, 44.75523], [20.3432, 44.75427], [20.34019, 44.74862], [20.33785, 44.74626], [20.33469, 44.74379], [20.32491, 44.73759], [20.32383, 44.73678], [20.31683, 44.73269], [20.31496, 44.73151], [20.31487, 44.7313], [20.31465, 44.7315], [20.31466, 44.73134], [20.31374, 44.73077], [20.31205, 44.72995], [20.31142, 44.72902], [20.312, 44.72485], [20.30913, 44.71683], [20.30923, 44.71363], [20.30831, 44.70539], [20.30876, 44.70417], [20.30962, 44.70301], [20.30968, 44.70152], [20.30931, 44.69992], [20.30873, 44.69481], [20.30825, 44.6881], [20.31051, 44.68773], [20.3109, 44.68779], [20.31172, 44.68752], [20.31271, 44.68792], [20.31313, 44.68796], [20.31362, 44.68785], [20.31451, 44.68737], [20.31664, 44.68909], [20.31689, 44.68951], [20.31809, 44.68955], [20.31939, 44.69059], [20.32006, 44.69138], [20.32113, 44.69164], [20.32395, 44.69264], [20.32416, 44.69294], [20.32399, 44.69569], [20.32368, 44.6981], [20.32392, 44.69837], [20.32452, 44.69821], [20.32547, 44.69739], [20.32591, 44.69623], [20.32678, 44.69543], [20.32923, 44.69394], [20.33231, 44.69172], [20.33595, 44.69026], [20.33687, 44.69002], [20.33868, 44.6886], [20.33923, 44.68784], [20.33883, 44.68693], [20.3389, 44.68664], [20.34064, 44.68419], [20.34055, 44.68389], [20.34101, 44.68342], [20.34169, 44.68188], [20.34513, 44.67775], [20.34574, 44.67608], [20.35006, 44.67427], [20.35166, 44.674], [20.3518, 44.674], [20.35195, 44.67427], [20.35218, 44.67511], [20.35219, 44.67693], [20.35193, 44.67809], [20.35211, 44.67908], [20.35358, 44.68304], [20.3539, 44.68328], [20.35657, 44.68434], [20.35749, 44.68524], [20.35784, 44.68521], [20.35926, 44.68455], [20.35961, 44.68458], [20.36024, 44.68494], [20.36027, 44.68478], [20.36073, 44.68525], [20.36107, 44.68628], [20.36043, 44.68678], [20.35974, 44.68766], [20.35758, 44.68973], [20.35703, 44.69073], [20.35544, 44.69125], [20.35487, 44.69167], [20.35342, 44.69496], [20.35292, 44.69525], [20.35187, 44.69551], [20.35008, 44.69667], [20.34876, 44.697], [20.34739, 44.69929], [20.34511, 44.70175], [20.34313, 44.70287], [20.34212, 44.70386], [20.3414, 44.70499], [20.33952, 44.70597], [20.33755, 44.70857], [20.33613, 44.70956], [20.33594, 44.70992], [20.33596, 44.71095], [20.33546, 44.71172], [20.33459, 44.71411], [20.33311, 44.71546], [20.33271, 44.717], [20.33224, 44.71795], [20.33162, 44.71821], [20.32855, 44.71832], [20.32751, 44.71888], [20.32674, 44.72006], [20.32641, 44.72188], [20.32539, 44.72295], [20.32392, 44.72573], [20.32274, 44.72721], [20.32156, 44.72814], [20.32045, 44.72846], [20.31977, 44.72882], [20.31907, 44.7287], [20.31851, 44.72881], [20.31647, 44.73069], [20.31497, 44.73112], [20.31462, 44.73154], [20.31505, 44.7315], [20.32265, 44.73614], [20.32405, 44.7367], [20.32441, 44.73723], [20.32983, 44.74057], [20.33478, 44.74382], [20.3379, 44.74626], [20.33922, 44.74749], [20.34048, 44.74909], [20.34307, 44.75398], [20.34413, 44.75538], [20.35394, 44.76536], [20.35898, 44.76938], [20.36019, 44.77008], [20.36252, 44.771], [20.36734, 44.77251], [20.37175, 44.77406], [20.37448, 44.77524], [20.37455, 44.77551], [20.37422, 44.77636], [20.37259, 44.77778], [20.37236, 44.77818], [20.37372, 44.77924], [20.3746, 44.78015], [20.3756, 44.78085], [20.37687, 44.78136], [20.37959, 44.78193], [20.38157, 44.78264], [20.38313, 44.78338], [20.38721, 44.78568], [20.38979, 44.78684], [20.39174, 44.78744], [20.39395, 44.78792], [20.39682, 44.78825], [20.40113, 44.78849], [20.40235, 44.78864], [20.40333, 44.78906], [20.40408, 44.7888], [20.40544, 44.78911], [20.40597, 44.78958], [20.40947, 44.79012], [20.41104, 44.79042], [20.41135, 44.79034], [20.4132, 44.79044], [20.41409, 44.79016], [20.41442, 44.78971], [20.41544, 44.78961], [20.41622, 44.7897], [20.41654, 44.78875], [20.41779, 44.7884], [20.41912, 44.78883], [20.41994, 44.78883], [20.42049, 44.78903], [20.42186, 44.78972], [20.42427, 44.79146], [20.4248, 44.79152], [20.4259, 44.79213], [20.42681, 44.79293], [20.4273, 44.79314], [20.43053, 44.79534], [20.43169, 44.7959], [20.43216, 44.79593], [20.43619, 44.79749], [20.4365, 44.7973], [20.43725, 44.79766], [20.43761, 44.7971], [20.43861, 44.79754], [20.43981, 44.79869], [20.4403, 44.79891], [20.44134, 44.79896], [20.44185, 44.79886], [20.44215, 44.79863], [20.4429, 44.79885], [20.44465, 44.80064], [20.44641, 44.80217], [20.44722, 44.80276], [20.44763, 44.8028], [20.4492, 44.80363], [20.45055, 44.80483], [20.45121, 44.80605], [20.45128, 44.80805], [20.45156, 44.80917], [20.45232, 44.8101], [20.45298, 44.81064], [20.45298, 44.81082], [20.45236, 44.81146], [20.4511, 44.81212], [20.45156, 44.81268], [20.45252, 44.81339], [20.45204, 44.8136], [20.45155, 44.81393], [20.45118, 44.81469], [20.45314, 44.81426], [20.45328, 44.81436], [20.45311, 44.8148], [20.45265, 44.8153], [20.45139, 44.81516], [20.44127, 44.81464], [20.4409, 44.81468], [20.44082, 44.8148], [20.44008, 44.81478], [20.43999, 44.81492], [20.43935, 44.8149], [20.43894, 44.81644], [20.43843, 44.81706], [20.43757, 44.8177], [20.42101, 44.82527], [20.42057, 44.82566], [20.4202, 44.82636], [20.41915, 44.83135], [20.41908, 44.83144], [20.41857, 44.8314], [20.41867, 44.83165], [20.41803, 44.83473], [20.41757, 44.8366], [20.41732, 44.8371], [20.41616, 44.83779], [20.41141, 44.83882], [20.41011, 44.83944], [20.40952, 44.83958], [20.40955, 44.83981], [20.40932, 44.84], [20.40782, 44.84038], [20.40673, 44.8408], [20.40391, 44.84355], [20.40269, 44.84515], [20.40247, 44.84526], [20.40523, 44.84226], [20.40392, 44.84354], [20.40275, 44.84508], [20.4022, 44.84539], [20.40275, 44.84504], [20.40447, 44.84294], [20.40521, 44.84229], [20.4039, 44.84354], [20.40262, 44.84516], [20.40514, 44.84228], [20.4027, 44.84514], [20.4023, 44.84532], [20.40271, 44.84505], [20.40514, 44.84226], [20.40271, 44.84513], [20.40124, 44.84574], [20.401, 44.84568], [20.39933, 44.8435], [20.39744, 44.84374], [20.39681, 44.84269]]}, "properties": {"id": 18906335600, "name": "Eva i Adam", "sport": "Ride", "date": "2026-06-13", "distance_km": 66.32, "moving_time_s": 11310, "elev_gain_m": 319, "avg_speed_kmh": 21.1, "avg_hr": null}}, {"type": "Feature", "geometry": {"type": "LineString", "coordinates": [[20.39788, 44.84131], [20.39962, 44.84121], [20.40403, 44.84147], [20.40429, 44.8413], [20.39867, 44.82838], [20.39675, 44.82297], [20.3949, 44.81627], [20.39653, 44.81597], [20.40283, 44.81313], [20.40263, 44.81278], [20.40299, 44.81252], [20.40076, 44.81007], [20.40269, 44.80905], [20.40277, 44.80869], [20.40717, 44.80681], [20.4083, 44.80651], [20.41036, 44.80645], [20.41248, 44.80701], [20.41284, 44.8043], [20.41339, 44.80388], [20.42162, 44.80339], [20.42293, 44.80299], [20.42399, 44.80239], [20.42474, 44.8011], [20.42639, 44.79332], [20.42631, 44.79261], [20.42169, 44.78962], [20.42017, 44.78889], [20.41904, 44.78879], [20.41777, 44.78838], [20.41644, 44.78879], [20.41619, 44.78969], [20.41426, 44.78969], [20.41448, 44.78923], [20.41528, 44.78891], [20.4156, 44.78842], [20.41553, 44.7878], [20.41472, 44.7874], [20.41117, 44.78688], [20.41103, 44.78666], [20.40846, 44.78658], [20.40747, 44.78632], [20.4069, 44.78586], [20.40412, 44.78515], [20.39961, 44.78479], [20.39548, 44.78356], [20.38786, 44.78175], [20.38425, 44.78039], [20.3833, 44.77974], [20.38195, 44.77954], [20.37808, 44.77773], [20.37627, 44.77657], [20.37546, 44.77649], [20.37485, 44.7762], [20.37509, 44.77578], [20.37462, 44.7753], [20.37418, 44.77508], [20.36754, 44.77257], [20.36273, 44.7711], [20.35943, 44.7697], [20.35396, 44.7654], [20.344, 44.75529], [20.34316, 44.7542], [20.3405, 44.74918], [20.338, 44.74639], [20.33505, 44.74405], [20.33122, 44.74151], [20.31473, 44.73131], [20.31502, 44.73107], [20.31649, 44.73068], [20.31858, 44.72878], [20.31987, 44.72881], [20.32165, 44.7281], [20.32273, 44.72721], [20.32393, 44.72567], [20.32541, 44.7229], [20.32635, 44.72196], [20.32672, 44.72002], [20.32766, 44.71872], [20.32863, 44.71828], [20.33163, 44.7182], [20.33219, 44.71801], [20.33313, 44.71542], [20.33464, 44.71406], [20.33597, 44.71088], [20.33608, 44.7096], [20.33753, 44.70859], [20.33957, 44.70593], [20.34136, 44.70499], [20.34202, 44.70394], [20.3432, 44.70282], [20.3451, 44.70175], [20.34728, 44.69939], [20.34873, 44.69702], [20.34999, 44.69671], [20.35186, 44.69551], [20.35348, 44.69493], [20.35486, 44.69164], [20.35707, 44.69067], [20.35757, 44.68973], [20.36104, 44.6862], [20.36062, 44.68515], [20.35989, 44.68458], [20.35887, 44.68444], [20.3574, 44.68522], [20.35653, 44.68434], [20.35381, 44.68326], [20.35264, 44.68086], [20.3519, 44.67813], [20.35223, 44.67655], [20.35179, 44.67341], [20.35285, 44.66977], [20.35298, 44.6675], [20.35369, 44.66462], [20.35568, 44.66245], [20.358, 44.66114], [20.35858, 44.6606], [20.3594, 44.6594], [20.36035, 44.65739], [20.36304, 44.65601], [20.36621, 44.65483], [20.36911, 44.65305], [20.3707, 44.65144], [20.37199, 44.64946], [20.37331, 44.64805], [20.37575, 44.64617], [20.37802, 44.64403], [20.37923, 44.64211], [20.3783, 44.63974], [20.37844, 44.6385], [20.37889, 44.63778], [20.3809, 44.63579], [20.38198, 44.6332], [20.3841, 44.6341], [20.389, 44.63475], [20.39117, 44.6345], [20.39464, 44.63288], [20.39616, 44.63256], [20.398, 44.63285], [20.40067, 44.63425], [20.40294, 44.63499], [20.40394, 44.63494], [20.40663, 44.63415], [20.40854, 44.63411], [20.40671, 44.63036], [20.40818, 44.62856], [20.41002, 44.62706], [20.41032, 44.62657], [20.41021, 44.62444], [20.40938, 44.62298], [20.40922, 44.6201], [20.41148, 44.61344], [20.41211, 44.61273], [20.41398, 44.6112], [20.41303, 44.60873], [20.41346, 44.60398], [20.41395, 44.60285], [20.41338, 44.59966], [20.41365, 44.59792], [20.4136, 44.59251], [20.4137, 44.59788], [20.41341, 44.59991], [20.41401, 44.6028], [20.41348, 44.60406], [20.41307, 44.60873], [20.41402, 44.61118], [20.41323, 44.61213], [20.41211, 44.6128], [20.41153, 44.61348], [20.40926, 44.6202], [20.40941, 44.62295], [20.4103, 44.62473], [20.41038, 44.6265], [20.41, 44.62713], [20.40861, 44.62821], [20.4077, 44.62779], [20.40634, 44.62773], [20.40387, 44.62716], [20.40326, 44.62751], [20.40378, 44.62758], [20.4038, 44.62839], [20.40568, 44.62751], [20.40769, 44.62781], [20.40859, 44.6282], [20.40675, 44.63044], [20.40865, 44.63413], [20.40707, 44.63409], [20.40397, 44.63495], [20.4028, 44.63505], [20.40057, 44.63427], [20.39778, 44.63283], [20.39629, 44.63261], [20.39461, 44.63294], [20.39099, 44.6346], [20.3893, 44.63482], [20.38415, 44.63415], [20.38193, 44.63334], [20.38087, 44.63593], [20.37907, 44.63764], [20.3784, 44.63873], [20.37828, 44.63948], [20.37925, 44.64211], [20.37807, 44.64403], [20.37288, 44.64855], [20.37053, 44.65172], [20.36916, 44.65308], [20.36621, 44.65487], [20.36284, 44.65615], [20.36031, 44.65749], [20.35856, 44.66069], [20.3557, 44.66245], [20.35368, 44.66468], [20.35302, 44.66723], [20.35284, 44.66992], [20.35182, 44.67331], [20.35225, 44.67657], [20.35193, 44.67812], [20.35266, 44.68082], [20.3537, 44.68316], [20.35652, 44.6843], [20.35748, 44.68518], [20.35908, 44.68444], [20.35992, 44.6846], [20.36062, 44.68523], [20.361, 44.68622], [20.35786, 44.68947], [20.35894, 44.68833], [20.3576, 44.68972], [20.35701, 44.69074], [20.3556, 44.69115], [20.35488, 44.6916], [20.35348, 44.69492], [20.35178, 44.69553], [20.35008, 44.69667], [20.34869, 44.69704], [20.34741, 44.69927], [20.34507, 44.70178], [20.34293, 44.70308], [20.34146, 44.70493], [20.33955, 44.70597], [20.33748, 44.70864], [20.33606, 44.70962], [20.33594, 44.71095], [20.33488, 44.71333], [20.33466, 44.714], [20.33313, 44.71547], [20.33218, 44.71803], [20.33159, 44.71824], [20.32851, 44.71833], [20.32765, 44.71875], [20.32673, 44.71998], [20.32699, 44.71963], [20.32642, 44.7219], [20.3254, 44.72294], [20.32395, 44.72571], [20.32263, 44.72733], [20.32165, 44.72813], [20.31975, 44.72882], [20.31849, 44.72881], [20.31642, 44.73073], [20.31475, 44.73131], [20.33058, 44.74104], [20.33523, 44.74413], [20.33803, 44.74635], [20.34046, 44.74905], [20.34322, 44.75422], [20.34401, 44.75523], [20.35416, 44.76553], [20.35946, 44.76968], [20.36294, 44.77114], [20.36774, 44.77262], [20.37429, 44.77511], [20.37465, 44.77529], [20.37514, 44.7758], [20.37491, 44.77635], [20.37592, 44.77679], [20.37552, 44.77659], [20.37573, 44.77642], [20.37627, 44.77657], [20.3792, 44.77828], [20.38198, 44.77953], [20.38337, 44.77973], [20.38431, 44.78041], [20.38774, 44.78172], [20.39562, 44.78361], [20.39976, 44.78483], [20.40417, 44.78517], [20.40691, 44.78588], [20.40748, 44.78636], [20.40858, 44.78662], [20.41109, 44.78668], [20.41125, 44.78693], [20.41424, 44.78728], [20.4155, 44.78778], [20.41559, 44.78832], [20.41539, 44.78881], [20.41446, 44.78927], [20.41429, 44.78972], [20.41623, 44.78967], [20.41651, 44.78877], [20.41775, 44.7884], [20.41909, 44.78881], [20.41993, 44.78882], [20.42181, 44.7897], [20.42634, 44.79267], [20.42469, 44.80126], [20.42402, 44.80235], [20.42295, 44.80296], [20.42147, 44.8034], [20.41714, 44.80361], [20.41687, 44.80415], [20.41284, 44.80428], [20.41284, 44.80481], [20.41249, 44.80697], [20.41305, 44.80722], [20.41581, 44.81022], [20.39699, 44.81886], [20.39608, 44.81944], [20.39881, 44.82842], [20.40425, 44.84139], [20.40173, 44.84144], [20.39946, 44.84124], [20.39788, 44.84136]]}, "properties": {"id": 18826928897, "name": "Enjoyed", "sport": "Ride", "date": "2026-06-07", "distance_km": 84.45, "moving_time_s": 14411, "elev_gain_m": 548, "avg_speed_kmh": 21.1, "avg_hr": null}}, {"type": "Feature", "geometry": {"type": "LineString", "coordinates": [[20.41711, 44.84351], [20.41747, 44.84269], [20.4175, 44.8426], [20.41771, 44.84219], [20.41779, 44.84198], [20.41786, 44.84169], [20.41797, 44.84139], [20.41802, 44.84115], [20.41808, 44.84095], [20.41808, 44.8409], [20.41817, 44.8406], [20.41829, 44.84033], [20.41836, 44.84007], [20.41838, 44.83997], [20.41838, 44.83984], [20.41861, 44.83921], [20.41869, 44.83894], [20.41868, 44.83883], [20.41871, 44.83876], [20.41871, 44.83866], [20.41883, 44.83837], [20.4189, 44.83824], [20.41892, 44.83802], [20.41897, 44.83789], [20.41904, 44.83754], [20.41913, 44.83737], [20.41913, 44.83718], [20.419, 44.83691], [20.41904, 44.83677], [20.41905, 44.83657], [20.41914, 44.83633], [20.41914, 44.83628], [20.41916, 44.83622], [20.4192, 44.8362], [20.41928, 44.83619], [20.4194, 44.8362], [20.41944, 44.83618], [20.41947, 44.83614], [20.4195, 44.83594], [20.41953, 44.83583], [20.41955, 44.83568], [20.41962, 44.83554], [20.41964, 44.83544], [20.41971, 44.83529], [20.41977, 44.83497], [20.41984, 44.83482], [20.4198, 44.83478], [20.4198, 44.83474], [20.4199, 44.83466], [20.41992, 44.83463], [20.41994, 44.83453], [20.41994, 44.83444], [20.42, 44.83429], [20.42002, 44.83415], [20.42013, 44.83384], [20.42018, 44.83359], [20.42018, 44.83354], [20.42025, 44.83338], [20.42028, 44.83323], [20.42035, 44.83308], [20.42038, 44.83288], [20.42044, 44.8328], [20.42046, 44.83264], [20.42061, 44.83226], [20.42067, 44.83197], [20.42086, 44.83152], [20.42096, 44.83136], [20.42099, 44.83115], [20.42106, 44.83092], [20.42103, 44.83089], [20.42111, 44.83084], [20.42115, 44.83073], [20.42116, 44.8306], [20.42142, 44.83017], [20.42143, 44.83002], [20.42155, 44.82995], [20.42156, 44.82992], [20.42165, 44.82966], [20.42164, 44.82962], [20.4216, 44.82959], [20.42143, 44.82952], [20.42129, 44.8295], [20.42127, 44.82946], [20.42136, 44.82935], [20.42153, 44.829], [20.42183, 44.8285], [20.42196, 44.82828], [20.42197, 44.82823], [20.42191, 44.82821], [20.42171, 44.82819], [20.4213, 44.82801], [20.42128, 44.82797], [20.42136, 44.8278], [20.42135, 44.82774], [20.42133, 44.82772], [20.42124, 44.82769], [20.42103, 44.82768], [20.42087, 44.82765], [20.42082, 44.82763], [20.42075, 44.82756], [20.42072, 44.82744], [20.4208, 44.8272], [20.42083, 44.82698], [20.42089, 44.82669], [20.42094, 44.82661], [20.421, 44.82654], [20.42121, 44.8264], [20.42121, 44.82636], [20.42124, 44.82633], [20.42132, 44.82628], [20.42135, 44.82628], [20.42144, 44.82619], [20.42155, 44.82611], [20.4217, 44.82595], [20.42175, 44.82578], [20.42183, 44.82566], [20.4219, 44.82557], [20.42217, 44.82536], [20.42246, 44.82521], [20.42271, 44.82511], [20.42289, 44.82505], [20.42331, 44.82496], [20.42342, 44.82492], [20.42356, 44.82491], [20.42368, 44.82486], [20.42386, 44.82473], [20.4239, 44.82469], [20.42393, 44.82462], [20.42405, 44.82455], [20.42428, 44.82445], [20.42435, 44.82438], [20.42442, 44.82436], [20.42454, 44.82437], [20.42458, 44.82435], [20.42465, 44.82425], [20.42473, 44.82421], [20.42475, 44.82415], [20.42479, 44.82411], [20.42479, 44.82407], [20.42488, 44.82404], [20.42492, 44.824], [20.42509, 44.82388], [20.4251, 44.82385], [20.42514, 44.82384], [20.42536, 44.82365], [20.42553, 44.82353], [20.42566, 44.82339], [20.4258, 44.82332], [20.42616, 44.8232], [20.4266, 44.82301], [20.42672, 44.82294], [20.4268, 44.82295], [20.42696, 44.82291], [20.42726, 44.82278], [20.4276, 44.82266], [20.4279, 44.82254], [20.42838, 44.82227], [20.42867, 44.82207], [20.42896, 44.82195], [20.42918, 44.8219], [20.42943, 44.82191], [20.42978, 44.82186], [20.4301, 44.82178], [20.43038, 44.82166], [20.43049, 44.82165], [20.4311, 44.82161], [20.43143, 44.82158], [20.43186, 44.82158], [20.43199, 44.82156], [20.43206, 44.82151], [20.43221, 44.82153], [20.43223, 44.82156], [20.43228, 44.82156], [20.4324, 44.82151], [20.43253, 44.8215], [20.43242, 44.82153], [20.43218, 44.82152], [20.43197, 44.82154], [20.43191, 44.82157], [20.43185, 44.82156], [20.43162, 44.82158], [20.43141, 44.82158], [20.43113, 44.82161], [20.43083, 44.82162], [20.43057, 44.82165], [20.43045, 44.82164], [20.43031, 44.8217], [20.43026, 44.82168], [20.43019, 44.8217], [20.42994, 44.82179], [20.42973, 44.82185], [20.42939, 44.82191], [20.42899, 44.82195], [20.42877, 44.82201], [20.42866, 44.82207], [20.4286, 44.82208], [20.42836, 44.82223], [20.42818, 44.82237], [20.42792, 44.82252], [20.42784, 44.82254], [20.42747, 44.8227], [20.42726, 44.82277], [20.42705, 44.82285], [20.42679, 44.82292], [20.42672, 44.82293], [20.4266, 44.82301], [20.42657, 44.82305], [20.42638, 44.8231], [20.42632, 44.8231], [20.42618, 44.82319], [20.42616, 44.82322], [20.42604, 44.82322], [20.42601, 44.82326], [20.42597, 44.82327], [20.42588, 44.82325], [20.42583, 44.82328], [20.42545, 44.82352], [20.42529, 44.82368], [20.42503, 44.82389], [20.42476, 44.82407], [20.42464, 44.82421], [20.4246, 44.82429], [20.4246, 44.82432], [20.42449, 44.82435], [20.42439, 44.82446], [20.42415, 44.82449], [20.42395, 44.82458], [20.4237, 44.82482], [20.42363, 44.82487], [20.42351, 44.82491], [20.42351, 44.82493], [20.42337, 44.82492], [20.42281, 44.82507], [20.42265, 44.82513], [20.42258, 44.82517], [20.42245, 44.8252], [20.42213, 44.82537], [20.42191, 44.82545], [20.42183, 44.82565], [20.42177, 44.82567], [20.42171, 44.82573], [20.42161, 44.82599], [20.42151, 44.82613], [20.42143, 44.82621], [20.42129, 44.8263], [20.42108, 44.82648], [20.42097, 44.82654], [20.42091, 44.82661], [20.42087, 44.82669], [20.42078, 44.82715], [20.42072, 44.82723], [20.42071, 44.82727], [20.42072, 44.82753], [20.42077, 44.82762], [20.4209, 44.82769], [20.42126, 44.82772], [20.42135, 44.82776], [20.42135, 44.82781], [20.42134, 44.82786], [20.42126, 44.82799], [20.42126, 44.82805], [20.42127, 44.82807], [20.42166, 44.82821], [20.42193, 44.82828], [20.42195, 44.8283], [20.42195, 44.82831], [20.42174, 44.82851], [20.42162, 44.82877], [20.42157, 44.82886], [20.42156, 44.8289], [20.42158, 44.82891], [20.42149, 44.82902], [20.42144, 44.82903], [20.42143, 44.8291], [20.42135, 44.82923], [20.42119, 44.82961], [20.42106, 44.82986], [20.42099, 44.83006], [20.42088, 44.83025], [20.42082, 44.83053], [20.42077, 44.83056], [20.42075, 44.83067], [20.42077, 44.83068], [20.42072, 44.83078], [20.42065, 44.83086], [20.42064, 44.83098], [20.42056, 44.83107], [20.42057, 44.83115], [20.42051, 44.83129], [20.4205, 44.83137], [20.42045, 44.83143], [20.42034, 44.83177], [20.42023, 44.83195], [20.42025, 44.83219], [20.42021, 44.83228], [20.42013, 44.83235], [20.4201, 44.83242], [20.42009, 44.83257], [20.42002, 44.83263], [20.41999, 44.83268], [20.42, 44.83281], [20.41994, 44.83299], [20.41989, 44.83308], [20.41986, 44.83328], [20.41976, 44.83343], [20.41974, 44.83365], [20.41969, 44.8339], [20.41947, 44.83469], [20.41943, 44.83489], [20.41939, 44.83499], [20.41922, 44.83579]]}, "properties": {"id": 18814286855, "name": "3beer run", "sport": "Run", "date": "2026-06-06", "distance_km": 6.05, "moving_time_s": 2401, "elev_gain_m": 4, "avg_speed_kmh": 9.1, "avg_hr": null}}, {"type": "Feature", "geometry": {"type": "LineString", "coordinates": [[20.39683, 44.84269], [20.39692, 44.84284], [20.39708, 44.84322], [20.39721, 44.84343], [20.39739, 44.84361], [20.39746, 44.84366], [20.39755, 44.84369], [20.39774, 44.84371], [20.39849, 44.84361], [20.39887, 44.84355], [20.39918, 44.84346], [20.39926, 44.84342], [20.39932, 44.84343], [20.39942, 44.8435], [20.39953, 44.84362], [20.39965, 44.84381], [20.39995, 44.84416], [20.40008, 44.84436], [20.40033, 44.84469], [20.40041, 44.84482], [20.40082, 44.84537], [20.40104, 44.84571], [20.4011, 44.84574], [20.4012, 44.84584], [20.40133, 44.84605], [20.40174, 44.84653], [20.40199, 44.84686], [20.40213, 44.84699], [20.40227, 44.84705], [20.40239, 44.84703], [20.40285, 44.84678], [20.40336, 44.84663], [20.4036, 44.84665], [20.4043, 44.84664], [20.40453, 44.84662], [20.40503, 44.84656], [20.40574, 44.84641], [20.406, 44.84639], [20.40625, 44.84639], [20.40651, 44.84641], [20.40711, 44.84653], [20.40747, 44.84656], [20.40805, 44.84657], [20.40842, 44.84651], [20.40891, 44.84637], [20.40893, 44.84638], [20.40921, 44.84641], [20.40946, 44.84648], [20.40978, 44.84652], [20.41, 44.84654], [20.4104, 44.84651], [20.41088, 44.84654], [20.41145, 44.84661], [20.41294, 44.84677], [20.41357, 44.84686], [20.4143, 44.8469], [20.41446, 44.84685], [20.41453, 44.84681], [20.41463, 44.84671], [20.41474, 44.84651], [20.41487, 44.84633], [20.41498, 44.84615], [20.41508, 44.8461], [20.41514, 44.8461], [20.4152, 44.84616], [20.41532, 44.84619], [20.41545, 44.84608], [20.41552, 44.84598], [20.41567, 44.84586], [20.41574, 44.84576], [20.41598, 44.84534], [20.41614, 44.84518], [20.41636, 44.84485], [20.41639, 44.84474], [20.41651, 44.84449], [20.41668, 44.84423], [20.41684, 44.84405], [20.4175, 44.84267], [20.4176, 44.84251], [20.41764, 44.84235], [20.41773, 44.84217], [20.41789, 44.84158], [20.41797, 44.84122], [20.41804, 44.84101], [20.4181, 44.84078], [20.41836, 44.84003], [20.41843, 44.83964], [20.41852, 44.8394], [20.41854, 44.83927], [20.41861, 44.83908], [20.41865, 44.83886], [20.41876, 44.83861], [20.41881, 44.83839], [20.41883, 44.83826], [20.41896, 44.83773], [20.41912, 44.83729], [20.41912, 44.83714], [20.4191, 44.83707], [20.41898, 44.83686], [20.41895, 44.83679], [20.41896, 44.83672], [20.41903, 44.83657], [20.41919, 44.83602], [20.41923, 44.83579], [20.41948, 44.83485], [20.41965, 44.83398], [20.41976, 44.8336], [20.41988, 44.83306], [20.42032, 44.83182], [20.42051, 44.83123], [20.42089, 44.83036], [20.42107, 44.82987], [20.42128, 44.82946], [20.42143, 44.82911], [20.42168, 44.82871], [20.42178, 44.82851], [20.42198, 44.82821], [20.42201, 44.82814], [20.42221, 44.82741], [20.42227, 44.8268], [20.42235, 44.82641], [20.42239, 44.82633], [20.4225, 44.82619], [20.42298, 44.82565], [20.42325, 44.82541], [20.42389, 44.82489], [20.42451, 44.82449], [20.42474, 44.82432], [20.42483, 44.82428], [20.42516, 44.82421], [20.42526, 44.82417], [20.42546, 44.82399], [20.4256, 44.82389], [20.426, 44.82366], [20.42647, 44.82336], [20.42688, 44.82317], [20.42717, 44.82294], [20.42734, 44.82286], [20.4275, 44.82282], [20.42774, 44.82274], [20.4285, 44.82237], [20.42901, 44.82209], [20.42925, 44.822], [20.42979, 44.82192], [20.43026, 44.82183], [20.43053, 44.82176], [20.43123, 44.82169], [20.43293, 44.82158], [20.4338, 44.82155], [20.43422, 44.82155], [20.43475, 44.82159], [20.43485, 44.82157], [20.43494, 44.82154], [20.43503, 44.82149], [20.43509, 44.82142], [20.43516, 44.82126], [20.43521, 44.8212], [20.43529, 44.82114], [20.43553, 44.8211], [20.43576, 44.82113], [20.43596, 44.82121], [20.43628, 44.82128], [20.43671, 44.82133], [20.43714, 44.82135], [20.43746, 44.82139], [20.43804, 44.82157], [20.43865, 44.82168], [20.43913, 44.82169], [20.43931, 44.82165], [20.43935, 44.82162], [20.43928, 44.8216], [20.43912, 44.82165], [20.43885, 44.82168], [20.43848, 44.82166], [20.43828, 44.82163], [20.43788, 44.82153], [20.43726, 44.82135], [20.43705, 44.82132], [20.43646, 44.82131], [20.43598, 44.82122], [20.43562, 44.82113], [20.43542, 44.82109], [20.43533, 44.82111], [20.43516, 44.82121], [20.4351, 44.82127], [20.435, 44.82148], [20.43494, 44.82153], [20.43487, 44.82157], [20.43445, 44.82161], [20.43415, 44.82156], [20.4335, 44.82157], [20.43278, 44.8216], [20.43168, 44.82168], [20.43123, 44.8217], [20.43025, 44.82181], [20.42976, 44.82193], [20.42909, 44.82205], [20.42895, 44.82211], [20.4284, 44.82241], [20.42797, 44.82263], [20.42776, 44.82272], [20.4271, 44.82295], [20.42703, 44.82299], [20.4267, 44.82328], [20.42632, 44.82346], [20.42585, 44.82377], [20.42544, 44.82399], [20.42513, 44.82421], [20.42504, 44.82426], [20.42462, 44.82435], [20.42455, 44.82439], [20.42437, 44.8246], [20.42371, 44.82502], [20.42316, 44.82548], [20.42295, 44.82567], [20.42251, 44.82615], [20.42233, 44.82643], [20.42224, 44.8268], [20.42224, 44.82724], [20.42221, 44.82745], [20.422, 44.82821], [20.42158, 44.82885], [20.4211, 44.8298], [20.42057, 44.83112], [20.42049, 44.83137], [20.42041, 44.83155], [20.42022, 44.83211], [20.42005, 44.83275], [20.41987, 44.8332], [20.41977, 44.83358], [20.41973, 44.83378], [20.41964, 44.83404], [20.41958, 44.83443], [20.41931, 44.83545], [20.41928, 44.83568], [20.41917, 44.83618], [20.41905, 44.83653], [20.41899, 44.83681], [20.41897, 44.83688], [20.41901, 44.837], [20.41913, 44.83716], [20.41914, 44.83722], [20.41914, 44.83727], [20.41909, 44.83741], [20.41903, 44.83767], [20.41892, 44.83794], [20.41871, 44.83875], [20.41864, 44.83891], [20.41854, 44.83938], [20.41843, 44.83968], [20.41842, 44.83981], [20.4183, 44.84022], [20.41811, 44.84078], [20.41807, 44.84103], [20.41791, 44.84159], [20.41781, 44.84192], [20.41772, 44.84212], [20.41768, 44.84218], [20.41768, 44.8423], [20.41752, 44.84246], [20.4175, 44.84252], [20.41748, 44.84264], [20.41743, 44.84276], [20.41739, 44.84295], [20.41701, 44.84368], [20.41687, 44.84389], [20.41685, 44.844], [20.41673, 44.84427], [20.41639, 44.84473], [20.41628, 44.84498], [20.41596, 44.84538], [20.41575, 44.84574], [20.4156, 44.84593], [20.41544, 44.84604], [20.41542, 44.84609], [20.41538, 44.84614], [20.41528, 44.84617], [20.41522, 44.84617], [20.41512, 44.84615], [20.41505, 44.84612], [20.41498, 44.84615], [20.41489, 44.84629], [20.41473, 44.84648], [20.41468, 44.84664], [20.41451, 44.84689], [20.41445, 44.84691], [20.41436, 44.84692], [20.41395, 44.84685], [20.41362, 44.84684], [20.41322, 44.84681], [20.4128, 44.84674], [20.41205, 44.84668], [20.41123, 44.84656], [20.41084, 44.84654], [20.41042, 44.84649], [20.40958, 44.84648], [20.40917, 44.84638], [20.40915, 44.84636], [20.40916, 44.84626], [20.40918, 44.84621], [20.40929, 44.84608], [20.40961, 44.84591], [20.40984, 44.84568], [20.40988, 44.84562], [20.40988, 44.84556], [20.40982, 44.84545], [20.40974, 44.84542], [20.40918, 44.84504], [20.40887, 44.8448], [20.40859, 44.84463], [20.40827, 44.84439], [20.40766, 44.84397], [20.4073, 44.8437], [20.40731, 44.84369], [20.4073, 44.8437], [20.40712, 44.84353], [20.40688, 44.84334], [20.40659, 44.84312], [20.40627, 44.84293], [20.40621, 44.84283], [20.4061, 44.84274], [20.40531, 44.84225], [20.40526, 44.84224], [20.40521, 44.84225], [20.40515, 44.84229], [20.40507, 44.8424], [20.40457, 44.84285], [20.40446, 44.843], [20.40427, 44.84319], [20.40404, 44.84348], [20.40396, 44.84354], [20.40384, 44.84369], [20.40374, 44.84385], [20.40355, 44.84407], [20.40335, 44.84427], [20.40307, 44.84461], [20.40287, 44.84496], [20.40271, 44.84515], [20.40253, 44.84528], [20.40234, 44.84538], [20.402, 44.84545], [20.40152, 44.8456], [20.40112, 44.84577], [20.40107, 44.84575], [20.40096, 44.84563], [20.40082, 44.84539], [20.40073, 44.8453], [20.4006, 44.84511], [20.40055, 44.84506], [20.40045, 44.84486], [20.40031, 44.84467], [20.40022, 44.84445], [20.40003, 44.84427], [20.39959, 44.84373], [20.39946, 44.84362], [20.39935, 44.84349], [20.39925, 44.84346], [20.39903, 44.84346], [20.39878, 44.84351], [20.39857, 44.84358], [20.39794, 44.84368], [20.39767, 44.84375], [20.39759, 44.84377], [20.3975, 44.84376], [20.39735, 44.84368], [20.3973, 44.84362], [20.39716, 44.8434], [20.39701, 44.84304], [20.39693, 44.84293], [20.3969, 44.84284], [20.39692, 44.84279], [20.39688, 44.84272], [20.39683, 44.84267]]}, "properties": {"id": 18794176761, "name": "Quickie", "sport": "Ride", "date": "2026-06-05", "distance_km": 12.09, "moving_time_s": 1751, "elev_gain_m": 41, "avg_speed_kmh": 24.9, "avg_hr": null}}, {"type": "Feature", "geometry": {"type": "LineString", "coordinates": [[20.4207, 44.82467], [20.42207, 44.82527], [20.42235, 44.82528], [20.42277, 44.82508], [20.42338, 44.82494], [20.42365, 44.82485], [20.4238, 44.82477], [20.42402, 44.82458], [20.42434, 44.82443], [20.42452, 44.82438], [20.42458, 44.82435], [20.42463, 44.82432], [20.42478, 44.82412], [20.42494, 44.82399], [20.42495, 44.82393], [20.42509, 44.82386], [20.42532, 44.82369], [20.42553, 44.8235], [20.42563, 44.82343], [20.42579, 44.82334], [20.42604, 44.82326], [20.42615, 44.82319], [20.42673, 44.82295], [20.42704, 44.82288], [20.42716, 44.82282], [20.42758, 44.82268], [20.42787, 44.82256], [20.42839, 44.82226], [20.42858, 44.82211], [20.42861, 44.82207], [20.42871, 44.82205], [20.4288, 44.822], [20.42903, 44.82193], [20.42956, 44.82189], [20.42979, 44.82185], [20.43001, 44.8218], [20.43017, 44.82172], [20.43045, 44.82165], [20.43072, 44.82162], [20.43116, 44.82161], [20.43154, 44.82158], [20.43182, 44.82158], [20.43228, 44.82151], [20.4328, 44.82149], [20.43301, 44.82149], [20.43388, 44.82143], [20.4341, 44.82139], [20.4344, 44.82131], [20.43463, 44.82118], [20.43485, 44.8211], [20.43529, 44.8211], [20.43551, 44.82101], [20.43579, 44.82103], [20.43622, 44.8212], [20.43645, 44.82125], [20.43739, 44.82137], [20.43789, 44.82151], [20.43849, 44.82165], [20.43883, 44.82167], [20.43909, 44.82166], [20.43922, 44.82164], [20.43938, 44.82159], [20.4398, 44.82137], [20.4401, 44.82101], [20.44026, 44.82074], [20.44031, 44.82065], [20.44038, 44.82043], [20.44055, 44.81957], [20.44061, 44.81937], [20.44066, 44.8193], [20.44068, 44.81916], [20.44079, 44.81895], [20.44082, 44.81886], [20.44094, 44.81872], [20.44101, 44.81856], [20.44111, 44.81846], [20.44128, 44.81835], [20.44153, 44.81811], [20.44173, 44.81799], [20.44222, 44.81774], [20.44231, 44.81766], [20.44237, 44.81758], [20.44243, 44.81742], [20.44238, 44.81719], [20.44233, 44.81707], [20.44223, 44.81669], [20.44219, 44.81662], [20.44204, 44.81644], [20.44203, 44.8164], [20.44205, 44.8162], [20.44202, 44.81612], [20.44203, 44.81606], [20.44208, 44.81603], [20.44207, 44.81593], [20.44212, 44.8158], [20.4422, 44.81574], [20.44226, 44.81571], [20.44251, 44.81567], [20.44265, 44.81561], [20.44271, 44.81557], [20.44272, 44.81553], [20.44277, 44.8155], [20.44283, 44.8154], [20.44293, 44.8153], [20.44316, 44.81519], [20.44355, 44.81521], [20.44381, 44.81524], [20.44402, 44.81524], [20.44414, 44.81525], [20.44429, 44.81532], [20.44438, 44.81538], [20.44449, 44.81551], [20.44454, 44.81569], [20.44454, 44.81574], [20.44451, 44.81586], [20.4444, 44.81612], [20.44432, 44.81623], [20.44429, 44.8163], [20.44422, 44.81634], [20.44405, 44.81649], [20.44396, 44.81654], [20.44333, 44.81665], [20.44318, 44.81672], [20.44314, 44.81676], [20.44313, 44.81683], [20.44314, 44.81688], [20.4432, 44.81697], [20.44318, 44.81706], [20.44316, 44.8171], [20.44311, 44.81713], [20.44293, 44.81718], [20.44246, 44.81738], [20.44242, 44.81741], [20.44238, 44.81752], [20.44226, 44.81768], [20.44213, 44.81776], [20.44203, 44.8178], [20.442, 44.81779], [20.44201, 44.81783], [20.44198, 44.81785], [20.44153, 44.81807], [20.44139, 44.81818], [20.44127, 44.81833], [20.44106, 44.8185], [20.44092, 44.81867], [20.44082, 44.81884], [20.44071, 44.81911], [20.44066, 44.81914], [20.44068, 44.81929], [20.4406, 44.81937], [20.44056, 44.81953], [20.44056, 44.81962], [20.44049, 44.81977], [20.44042, 44.82011], [20.44042, 44.82024], [20.44035, 44.8205], [20.44034, 44.82061], [20.44028, 44.8207], [20.4402, 44.82078], [20.44014, 44.82095], [20.44009, 44.82104], [20.43978, 44.82138], [20.43965, 44.82148], [20.43929, 44.82161], [20.43912, 44.82166], [20.43874, 44.82166], [20.43834, 44.82164], [20.43808, 44.82155], [20.43762, 44.82144], [20.43753, 44.82139], [20.43742, 44.82138], [20.43724, 44.82134], [20.43679, 44.82131], [20.43651, 44.82126], [20.43576, 44.82103], [20.43548, 44.821], [20.43518, 44.82103], [20.43492, 44.82109], [20.43431, 44.82132], [20.43402, 44.82139], [20.43362, 44.82142], [20.43366, 44.82142], [20.43333, 44.82147], [20.43283, 44.82149], [20.43229, 44.82149], [20.4322, 44.82151], [20.43166, 44.82157], [20.43041, 44.82165], [20.43024, 44.82169], [20.42993, 44.82182], [20.42983, 44.82184], [20.42944, 44.82192], [20.42905, 44.82193], [20.4289, 44.82197], [20.42849, 44.82215], [20.42833, 44.82227], [20.42799, 44.82249], [20.42785, 44.82256], [20.42638, 44.8231], [20.42602, 44.82327], [20.42574, 44.82344], [20.42559, 44.82349], [20.42536, 44.82361], [20.42511, 44.82382], [20.42493, 44.824], [20.42468, 44.82419], [20.42458, 44.82433], [20.42458, 44.82435], [20.42437, 44.82447], [20.4241, 44.82452], [20.42399, 44.82457], [20.42387, 44.82465], [20.42383, 44.82474], [20.42372, 44.82484], [20.42301, 44.82502], [20.42288, 44.82507], [20.4226, 44.82513], [20.42228, 44.82528], [20.422, 44.82546], [20.42175, 44.82574], [20.42162, 44.82602], [20.42127, 44.82632], [20.42115, 44.82649], [20.42098, 44.82659], [20.42089, 44.8266], [20.42083, 44.82679], [20.4208, 44.82698], [20.42082, 44.827], [20.42082, 44.82713], [20.42078, 44.82723], [20.42078, 44.82731], [20.42074, 44.82743], [20.42078, 44.82755], [20.42079, 44.82763], [20.4208, 44.82762], [20.42081, 44.82759], [20.42074, 44.82748], [20.42072, 44.82742], [20.42074, 44.82717], [20.42077, 44.82717], [20.42081, 44.82719], [20.42088, 44.82714], [20.42086, 44.82708], [20.42093, 44.82698], [20.42094, 44.82694], [20.42097, 44.82687], [20.42092, 44.82684], [20.4209, 44.82681], [20.42088, 44.82669], [20.4209, 44.82661], [20.42102, 44.82647], [20.42134, 44.82627], [20.42163, 44.82601], [20.4217, 44.82592], [20.42184, 44.82562], [20.42195, 44.8255], [20.42208, 44.82539], [20.42223, 44.82534], [20.42235, 44.82523], [20.42256, 44.82513], [20.42287, 44.82503], [20.42333, 44.82495], [20.42366, 44.82486], [20.42376, 44.82479], [20.42388, 44.82466], [20.42399, 44.82459], [20.42435, 44.8244], [20.42447, 44.82437], [20.42457, 44.82432], [20.42478, 44.8241], [20.42504, 44.8239], [20.42536, 44.82363], [20.42568, 44.8234], [20.42635, 44.82308], [20.4269, 44.82289], [20.42703, 44.82287], [20.42713, 44.82281], [20.42745, 44.82269], [20.4278, 44.82258], [20.42846, 44.82222], [20.42862, 44.8221], [20.42887, 44.82197], [20.42904, 44.82193], [20.42949, 44.8219], [20.42991, 44.82183], [20.43021, 44.82176], [20.43037, 44.82169], [20.43049, 44.82165], [20.43075, 44.82161], [20.43075, 44.82163], [20.43059, 44.82171], [20.43049, 44.82174], [20.43035, 44.82175], [20.43033, 44.82171], [20.43031, 44.82171], [20.43018, 44.82172], [20.42981, 44.82184], [20.42942, 44.82192], [20.42919, 44.82192], [20.42906, 44.82194], [20.42873, 44.82204], [20.42848, 44.82216], [20.42818, 44.82238], [20.42785, 44.82255], [20.42758, 44.82264], [20.42747, 44.82269], [20.42745, 44.82272], [20.42673, 44.82294], [20.42654, 44.82303], [20.42623, 44.82314], [20.42561, 44.8234], [20.42554, 44.82344], [20.42553, 44.8235], [20.42535, 44.8236], [20.42499, 44.82391], [20.42479, 44.82406], [20.42458, 44.82429], [20.42438, 44.82447], [20.42428, 44.8245], [20.42421, 44.82449], [20.42408, 44.82453], [20.42395, 44.82459], [20.42381, 44.82472], [20.42351, 44.8249], [20.42324, 44.82498], [20.4229, 44.82504], [20.42276, 44.82508]]}, "properties": {"id": 18774835264, "name": "Ld", "sport": "Run", "date": "2026-06-03", "distance_km": 7.54, "moving_time_s": 2664, "elev_gain_m": 0, "avg_speed_kmh": 10.2, "avg_hr": null}}, {"type": "Feature", "geometry": {"type": "LineString", "coordinates": [[20.41723, 44.84324], [20.41739, 44.84288], [20.41749, 44.8427], [20.41754, 44.84248], [20.41767, 44.8423], [20.41777, 44.84208], [20.4178, 44.84189], [20.41782, 44.84185], [20.41786, 44.84181], [20.41791, 44.84161], [20.41799, 44.84147], [20.41799, 44.84122], [20.41808, 44.84107], [20.41808, 44.84097], [20.41816, 44.84072], [20.4182, 44.84052], [20.4183, 44.84029], [20.41842, 44.84008], [20.41841, 44.84001], [20.4185, 44.83988], [20.41851, 44.83982], [20.41846, 44.83971], [20.4185, 44.83953], [20.41857, 44.83933], [20.41861, 44.83916], [20.41871, 44.83892], [20.41873, 44.83868], [20.41886, 44.83838], [20.4189, 44.83811], [20.41906, 44.83771], [20.41907, 44.83754], [20.41916, 44.83725], [20.41914, 44.83713], [20.41901, 44.83692], [20.41901, 44.8368], [20.41905, 44.83673], [20.41905, 44.83668], [20.41913, 44.83653], [20.41912, 44.83647], [20.41915, 44.83628], [20.41922, 44.8361], [20.41925, 44.8359], [20.4193, 44.83575], [20.41937, 44.83543], [20.41942, 44.83525], [20.41946, 44.83494], [20.41954, 44.83474], [20.41955, 44.83465], [20.41962, 44.83441], [20.41963, 44.83425], [20.41969, 44.83403], [20.41973, 44.83377], [20.41981, 44.83359], [20.41983, 44.83344], [20.41992, 44.8332], [20.41994, 44.83306], [20.42008, 44.83256], [20.42017, 44.83238], [20.42038, 44.83172], [20.42039, 44.83164], [20.42042, 44.83158], [20.42044, 44.83149], [20.42051, 44.83129], [20.42059, 44.83112], [20.42063, 44.831], [20.42061, 44.83095], [20.42061, 44.83092], [20.42068, 44.83086], [20.4207, 44.83079], [20.42084, 44.83045], [20.42102, 44.82997], [20.42113, 44.82978], [20.4213, 44.82939], [20.42136, 44.82931], [20.42155, 44.82893], [20.42169, 44.82873], [20.42175, 44.82858], [20.4218, 44.82852], [20.42188, 44.82838], [20.42195, 44.82829], [20.42197, 44.82823], [20.42204, 44.82811], [20.42209, 44.82799], [20.42209, 44.8279], [20.42215, 44.8277], [20.42222, 44.82735], [20.42227, 44.82676], [20.42234, 44.82644], [20.42232, 44.8264], [20.42202, 44.82625], [20.42185, 44.82613], [20.42154, 44.82598], [20.42153, 44.82604], [20.42157, 44.82603], [20.42172, 44.82592], [20.42174, 44.82584], [20.42173, 44.8258], [20.42177, 44.82573], [20.42183, 44.82568], [20.4219, 44.82559], [20.42217, 44.82536], [20.42238, 44.82527], [20.42263, 44.82513], [20.42288, 44.82506], [20.4235, 44.82491], [20.42374, 44.82482], [20.42383, 44.82477], [20.424, 44.82459], [20.42427, 44.82446], [20.42438, 44.82438], [20.42453, 44.82436], [20.42462, 44.82431], [20.42466, 44.82428], [20.42471, 44.82419], [20.42484, 44.82406], [20.42509, 44.82388], [20.4252, 44.82377], [20.42537, 44.82367], [20.42548, 44.82355], [20.4257, 44.82341], [20.42574, 44.8234], [20.42578, 44.82337], [20.42597, 44.82327], [20.4262, 44.82319], [20.4264, 44.82309], [20.42672, 44.82297], [20.42711, 44.82286], [20.42735, 44.82275], [20.42788, 44.82257], [20.42807, 44.82249], [20.42818, 44.82243], [20.42835, 44.82229], [20.42865, 44.82209], [20.42893, 44.82196], [20.42904, 44.82193], [20.4291, 44.82194], [20.42927, 44.82193], [20.42988, 44.82184], [20.4301, 44.82179], [20.43036, 44.82168], [20.43047, 44.82165], [20.43064, 44.82164], [20.43087, 44.82164], [20.43128, 44.8216], [20.43152, 44.82161], [20.43238, 44.82151], [20.43358, 44.82146], [20.43391, 44.82142], [20.43421, 44.82137], [20.4344, 44.82129], [20.4346, 44.82123], [20.43472, 44.82116], [20.43502, 44.8211], [20.43501, 44.82108], [20.43497, 44.82108], [20.43488, 44.8211], [20.43457, 44.82123], [20.4341, 44.82139], [20.43396, 44.82139], [20.43361, 44.82144], [20.43321, 44.82147], [20.43257, 44.82148], [20.43245, 44.82151], [20.43236, 44.82149], [20.4322, 44.82153], [20.43196, 44.82155], [20.43173, 44.82159], [20.43145, 44.82155], [20.43135, 44.82158], [20.43086, 44.82163], [20.43068, 44.82163], [20.4302, 44.8217], [20.42994, 44.8218], [20.42969, 44.82187], [20.42932, 44.82193], [20.42908, 44.82194], [20.42879, 44.822], [20.42857, 44.82211], [20.42844, 44.82219], [20.42832, 44.82228], [20.42828, 44.82234], [20.42829, 44.82235], [20.42827, 44.82233], [20.42818, 44.82237], [20.42809, 44.82242], [20.42806, 44.82246], [20.42789, 44.82255], [20.42756, 44.82265], [20.42743, 44.8227], [20.42733, 44.82272], [20.42702, 44.82285], [20.42683, 44.82289], [20.42665, 44.82296], [20.42601, 44.82324], [20.42594, 44.82326], [20.42564, 44.82339], [20.42554, 44.82344], [20.42538, 44.82362], [20.42525, 44.8237], [20.42486, 44.824], [20.42443, 44.82444], [20.42437, 44.82447], [20.42415, 44.8245], [20.424, 44.82455], [20.42388, 44.82464], [20.4238, 44.82474], [20.42372, 44.82481], [20.42348, 44.8249], [20.42336, 44.82493], [20.42336, 44.82491], [20.42339, 44.8249], [20.42365, 44.82487], [20.42375, 44.82483], [20.42378, 44.8248], [20.42372, 44.8248], [20.42353, 44.82491], [20.42321, 44.82497], [20.4227, 44.8251], [20.42244, 44.82519], [20.4224, 44.82522], [20.42231, 44.82525], [20.42208, 44.82537], [20.42202, 44.82545], [20.42192, 44.82554], [20.42189, 44.8256], [20.42177, 44.8257], [20.42173, 44.82577], [20.42167, 44.82595], [20.42157, 44.82606], [20.42149, 44.8261], [20.42137, 44.82631], [20.42121, 44.82642], [20.42092, 44.82658], [20.42084, 44.82667], [20.42081, 44.82672], [20.4208, 44.82684], [20.42082, 44.82707], [20.42079, 44.82715], [20.42072, 44.82722], [20.42073, 44.8273], [20.4207, 44.82737], [20.42071, 44.82745], [20.42075, 44.82749], [20.42076, 44.82756], [20.42082, 44.82765], [20.42087, 44.8277], [20.42092, 44.82771], [20.42131, 44.82772], [20.42156, 44.82783], [20.42189, 44.82789], [20.42195, 44.82796], [20.42203, 44.82811], [20.422, 44.82818], [20.4218, 44.82844], [20.42163, 44.82877], [20.42152, 44.82895], [20.4211, 44.82977], [20.42085, 44.8304], [20.42085, 44.83041], [20.42088, 44.83041], [20.42092, 44.83038], [20.42093, 44.83032], [20.42097, 44.83024], [20.42098, 44.83016], [20.42092, 44.83023], [20.42085, 44.83044], [20.42059, 44.831], [20.42035, 44.83167], [20.42034, 44.8318], [20.42022, 44.83199], [20.42021, 44.83216], [20.4201, 44.83243]]}, "properties": {"id": 18719500164, "name": "Run", "sport": "Run", "date": "2026-05-30", "distance_km": 6.07, "moving_time_s": 2396, "elev_gain_m": 3, "avg_speed_kmh": 9.1, "avg_hr": null}}, {"type": "Feature", "geometry": {"type": "LineString", "coordinates": [[20.39766, 44.84171], [20.39768, 44.84167], [20.39768, 44.84164], [20.39748, 44.84144], [20.39748, 44.8414], [20.39751, 44.84137], [20.39756, 44.84134], [20.39885, 44.84122], [20.39941, 44.84121], [20.40028, 44.84124], [20.40171, 44.84141], [20.40198, 44.84141], [20.40266, 44.84137], [20.40398, 44.84145], [20.40406, 44.84145], [20.40417, 44.84142], [20.40421, 44.84137], [20.40421, 44.84132], [20.40405, 44.8409], [20.40386, 44.8405], [20.40374, 44.84028], [20.40354, 44.83977], [20.40346, 44.83963], [20.40336, 44.83946], [20.40323, 44.83912], [20.40307, 44.83884], [20.40294, 44.83847], [20.4026, 44.83776], [20.40255, 44.8376], [20.40217, 44.83681], [20.40202, 44.83644], [20.40175, 44.83586], [20.40153, 44.83529], [20.40121, 44.8346], [20.40091, 44.83382], [20.40069, 44.83335], [20.4002, 44.83212], [20.39994, 44.83153], [20.39987, 44.83132], [20.39967, 44.83087], [20.39963, 44.8308], [20.39937, 44.83012], [20.39914, 44.82961], [20.39881, 44.82873], [20.39851, 44.82801], [20.3984, 44.82765], [20.39828, 44.8273], [20.39814, 44.82682], [20.39808, 44.82665], [20.39807, 44.82666], [20.39806, 44.82664], [20.39803, 44.82654], [20.39795, 44.82642], [20.39779, 44.82595], [20.39777, 44.8258], [20.39759, 44.82516], [20.39732, 44.82441], [20.39711, 44.82391], [20.39697, 44.82346], [20.39681, 44.8231], [20.39672, 44.82278], [20.3966, 44.82246], [20.39638, 44.82173], [20.39619, 44.82117], [20.39556, 44.81907], [20.39546, 44.81869], [20.39527, 44.81783], [20.39514, 44.81737], [20.39512, 44.81723], [20.39499, 44.81687], [20.39487, 44.81668], [20.39476, 44.8164], [20.39472, 44.81636], [20.39474, 44.81636], [20.39438, 44.81566], [20.39405, 44.81526], [20.39385, 44.81499], [20.3937, 44.81482], [20.39337, 44.8145], [20.393, 44.81418], [20.3926, 44.81386], [20.39231, 44.81366], [20.39218, 44.8136], [20.39188, 44.8135], [20.39127, 44.81314], [20.39094, 44.81299], [20.38985, 44.81257], [20.38919, 44.81235], [20.38808, 44.81213], [20.38737, 44.81202], [20.38685, 44.81197], [20.3857, 44.81181], [20.38519, 44.81168], [20.38423, 44.81136], [20.38361, 44.81109], [20.38287, 44.8107], [20.38261, 44.81061], [20.38237, 44.81048], [20.38111, 44.80997], [20.38094, 44.80989], [20.38084, 44.80987], [20.38064, 44.80977], [20.38057, 44.80969], [20.38028, 44.80956], [20.37998, 44.8095], [20.37963, 44.80934], [20.37915, 44.80916], [20.37757, 44.80849], [20.37601, 44.80788], [20.37507, 44.80748], [20.3745, 44.80728], [20.37379, 44.80697], [20.37351, 44.80689], [20.37333, 44.8068], [20.37256, 44.80649], [20.37227, 44.80634], [20.37167, 44.80609], [20.37146, 44.80602], [20.37142, 44.80598], [20.37132, 44.8059], [20.37094, 44.80575], [20.3695, 44.80515], [20.36824, 44.80466], [20.36671, 44.80401], [20.36656, 44.80397], [20.36648, 44.80396], [20.36626, 44.80402], [20.36622, 44.80398], [20.36619, 44.8039], [20.36601, 44.80372], [20.36592, 44.80367], [20.36581, 44.80365], [20.36559, 44.80356], [20.36537, 44.8035], [20.36478, 44.80329], [20.36364, 44.80281], [20.36326, 44.80263], [20.36299, 44.80249], [20.36281, 44.80238], [20.36232, 44.80201], [20.36204, 44.80175], [20.36171, 44.80138], [20.36154, 44.80112], [20.36144, 44.80094], [20.36132, 44.80079], [20.36127, 44.80068], [20.36128, 44.8006], [20.3612, 44.80039], [20.36114, 44.80016], [20.3609, 44.799], [20.36075, 44.79855], [20.36066, 44.79833], [20.36054, 44.7981], [20.36035, 44.79781], [20.36014, 44.79753], [20.3599, 44.79726], [20.35949, 44.79689], [20.35914, 44.79663], [20.35861, 44.7963], [20.35808, 44.79601], [20.35754, 44.79576], [20.35574, 44.79485], [20.35548, 44.79478], [20.35533, 44.79469], [20.3553, 44.79463], [20.3552, 44.79458], [20.35446, 44.79423], [20.35274, 44.79337], [20.35166, 44.79287], [20.35109, 44.79265], [20.35056, 44.79247], [20.34969, 44.79224], [20.34891, 44.79209], [20.34847, 44.79202], [20.34797, 44.79199], [20.34784, 44.79196], [20.34798, 44.79199], [20.34845, 44.79203], [20.34884, 44.79208], [20.34956, 44.79221], [20.35045, 44.79244], [20.35094, 44.7926], [20.35154, 44.79282], [20.35247, 44.79325], [20.35524, 44.79461], [20.35532, 44.79467], [20.35543, 44.79479], [20.35572, 44.79487], [20.35584, 44.79491], [20.35609, 44.79505], [20.35773, 44.79585], [20.35865, 44.79633], [20.35914, 44.79663], [20.35937, 44.7968], [20.35971, 44.79709], [20.36007, 44.79746], [20.36032, 44.79779], [20.36063, 44.79831], [20.36078, 44.79863], [20.36087, 44.79889], [20.36097, 44.79928], [20.36103, 44.79966], [20.36115, 44.8002], [20.36128, 44.80059], [20.36129, 44.80077], [20.36134, 44.80087], [20.36146, 44.80099], [20.36175, 44.80144], [20.36195, 44.80167], [20.36228, 44.80198], [20.36268, 44.8023], [20.36313, 44.80257], [20.36339, 44.80271], [20.36383, 44.80291], [20.36501, 44.80339], [20.36538, 44.80353], [20.36568, 44.8036], [20.36588, 44.8037], [20.36594, 44.80365], [20.36596, 44.80359], [20.36603, 44.80352], [20.36605, 44.80346], [20.36608, 44.80343], [20.3662, 44.8034], [20.36627, 44.8034], [20.36639, 44.80344], [20.36652, 44.80355], [20.36665, 44.80377], [20.36672, 44.80382], [20.36687, 44.80388], [20.36728, 44.80403], [20.3689, 44.80471], [20.36933, 44.80487], [20.37125, 44.80565], [20.37137, 44.80569], [20.37164, 44.80569], [20.37169, 44.80571], [20.3718, 44.80582], [20.37185, 44.80585], [20.37237, 44.80604], [20.3725, 44.80611], [20.3735, 44.80653], [20.37362, 44.8066], [20.3753, 44.80726], [20.37582, 44.80748], [20.37628, 44.80766], [20.37648, 44.80771], [20.37661, 44.80779], [20.37682, 44.80786], [20.37761, 44.80821], [20.3801, 44.80922], [20.38087, 44.80952], [20.3813, 44.8097], [20.382, 44.80998], [20.38224, 44.81011], [20.38246, 44.81018], [20.38272, 44.81023], [20.38279, 44.81025], [20.38286, 44.81029], [20.38301, 44.81044], [20.38338, 44.81059], [20.38361, 44.81073], [20.38383, 44.81081], [20.38424, 44.81102], [20.38449, 44.81112], [20.38481, 44.81132], [20.38555, 44.81153], [20.38615, 44.81165], [20.38735, 44.8118], [20.38795, 44.81186], [20.38825, 44.81191], [20.38893, 44.81206], [20.38969, 44.81225], [20.39042, 44.81249], [20.39182, 44.81312], [20.39225, 44.81336], [20.39313, 44.81402], [20.39388, 44.8147], [20.39401, 44.81483], [20.39474, 44.81574], [20.39488, 44.81596], [20.39498, 44.81622], [20.39517, 44.81662], [20.39538, 44.81721], [20.39579, 44.81902], [20.39597, 44.81961], [20.39605, 44.81995], [20.3962, 44.82046], [20.39633, 44.82079], [20.39654, 44.82151], [20.39666, 44.8218], [20.39688, 44.82249], [20.39722, 44.82362], [20.39742, 44.8242], [20.3975, 44.82454], [20.39771, 44.82514], [20.39778, 44.82544], [20.398, 44.82606], [20.39815, 44.82644], [20.39831, 44.82702], [20.39845, 44.82739], [20.39855, 44.82775], [20.39869, 44.82811], [20.39886, 44.8286], [20.3992, 44.82945], [20.39948, 44.83002], [20.39968, 44.83067], [20.3998, 44.83092], [20.40015, 44.83182], [20.40026, 44.83205], [20.40126, 44.83451], [20.40186, 44.83587], [20.40205, 44.83634], [20.4021, 44.83645], [20.40215, 44.83652], [20.40217, 44.83661], [20.40236, 44.83697], [20.40346, 44.8395], [20.40375, 44.84012], [20.40403, 44.84077], [20.40417, 44.84113], [20.40424, 44.84127], [20.40428, 44.84138], [20.40427, 44.84142], [20.40422, 44.84147], [20.40415, 44.84151], [20.40407, 44.84151], [20.40372, 44.84146], [20.40286, 44.84139], [20.40239, 44.84139], [20.4021, 44.84143], [20.4016, 44.84143], [20.40063, 44.84131], [20.4002, 44.84127], [20.39954, 44.84124], [20.39877, 44.84125], [20.39799, 44.84135]]}, "properties": {"id": 18694616486, "name": "Nightie", "sport": "Ride", "date": "2026-05-28", "distance_km": 16.9, "moving_time_s": 2472, "elev_gain_m": 32, "avg_speed_kmh": 24.6, "avg_hr": null}}, {"type": "Feature", "geometry": {"type": "LineString", "coordinates": [[20.42322, 44.82497], [20.42344, 44.82491], [20.4237, 44.82482], [20.42379, 44.82477], [20.42395, 44.82463], [20.42412, 44.82452], [20.42429, 44.82445], [20.42445, 44.82443], [20.42456, 44.82438], [20.42464, 44.82431], [20.42474, 44.82417], [20.42486, 44.82404], [20.42532, 44.82369], [20.4255, 44.82353], [20.42575, 44.82335], [20.42594, 44.82329], [20.42679, 44.82293], [20.42699, 44.82289], [20.42746, 44.82271], [20.4277, 44.82264], [20.42793, 44.82253], [20.42811, 44.82241], [20.42839, 44.82227], [20.42865, 44.82207], [20.42904, 44.82193], [20.42917, 44.82191], [20.42936, 44.82192], [20.42971, 44.82186], [20.42997, 44.82181], [20.43029, 44.8217], [20.43057, 44.82164], [20.43089, 44.82161], [20.43131, 44.82161], [20.43156, 44.82159], [20.43178, 44.8216], [20.43207, 44.82154], [20.43238, 44.82153], [20.43268, 44.82149], [20.43312, 44.82149], [20.43346, 44.82146], [20.43363, 44.82146], [20.43389, 44.82143], [20.43409, 44.8214], [20.43441, 44.82132], [20.43471, 44.82117], [20.43503, 44.82108], [20.43563, 44.82103], [20.43582, 44.82106], [20.43604, 44.82117], [20.43616, 44.82117], [20.43619, 44.82122], [20.43624, 44.82123], [20.43639, 44.82124], [20.43704, 44.82134], [20.43741, 44.82138], [20.43755, 44.82141], [20.43785, 44.82152], [20.43857, 44.82167], [20.43887, 44.82171], [20.43904, 44.82171], [20.43925, 44.82168], [20.4394, 44.82162], [20.43981, 44.8214], [20.43995, 44.82122], [20.4401, 44.82106], [20.44019, 44.82091], [20.4404, 44.82037], [20.44049, 44.81983], [20.44062, 44.81939], [20.44077, 44.819], [20.44097, 44.81865], [20.44145, 44.81817], [20.44156, 44.81812], [20.44168, 44.81803], [20.44191, 44.8179], [20.44194, 44.81787], [20.44193, 44.81783], [20.44203, 44.81782], [20.44207, 44.81784], [20.44211, 44.81783], [20.44231, 44.81768], [20.44239, 44.81757], [20.44243, 44.81743], [20.44243, 44.81732], [20.44234, 44.8171], [20.44223, 44.81671], [20.44218, 44.81662], [20.44203, 44.81646], [20.44201, 44.81641], [20.44201, 44.81635], [20.44206, 44.81621], [20.44208, 44.81593], [20.44214, 44.81582], [20.44223, 44.81574], [20.44228, 44.81571], [20.44229, 44.81568], [20.44233, 44.81567], [20.44238, 44.8157], [20.44243, 44.8157], [20.44261, 44.81563], [20.44271, 44.81558], [20.44291, 44.81533], [20.44295, 44.8153], [20.44306, 44.81525], [20.44326, 44.81522], [20.44345, 44.81525], [20.4436, 44.81524], [20.44369, 44.81527], [20.44382, 44.81526], [20.44409, 44.81528], [20.44425, 44.81532], [20.44439, 44.8154], [20.44442, 44.81543], [20.44443, 44.81554], [20.44447, 44.81557], [20.44439, 44.81555], [20.44442, 44.81559], [20.44457, 44.81571], [20.44462, 44.8157], [20.44465, 44.81574], [20.44465, 44.81576], [20.4445, 44.8159], [20.44444, 44.81601], [20.44444, 44.81607], [20.4444, 44.81614], [20.44413, 44.8165], [20.44393, 44.81659], [20.44339, 44.81666], [20.44318, 44.81672], [20.44311, 44.81682], [20.44312, 44.81689], [20.4432, 44.81705], [20.4432, 44.8171], [20.44315, 44.81717], [20.44309, 44.8172], [20.44289, 44.81723], [20.44262, 44.81732], [20.44242, 44.81742], [20.44236, 44.81748], [20.44233, 44.81765], [20.44227, 44.81772], [20.44181, 44.81794], [20.4415, 44.81813], [20.44137, 44.81822], [20.44125, 44.81838], [20.44109, 44.81851], [20.44097, 44.81863], [20.44083, 44.81884], [20.44057, 44.81948], [20.44055, 44.8196], [20.44047, 44.81981], [20.4404, 44.82041], [20.4403, 44.82067], [20.4402, 44.82088], [20.44013, 44.82095], [20.44003, 44.82115], [20.44005, 44.82119], [20.44002, 44.8212], [20.43997, 44.8212], [20.43977, 44.82143], [20.43968, 44.8215], [20.43949, 44.82156], [20.43922, 44.82166], [20.4391, 44.82169], [20.43846, 44.82167], [20.43835, 44.82165], [20.43837, 44.82164], [20.43827, 44.82161], [20.43798, 44.82156], [20.43778, 44.82148], [20.43757, 44.82142], [20.43719, 44.82136], [20.43704, 44.82135], [20.437, 44.82138], [20.43696, 44.82138], [20.43692, 44.82134], [20.43687, 44.82133], [20.43672, 44.82133], [20.43656, 44.82131], [20.43641, 44.82127], [20.4363, 44.82122], [20.43596, 44.82111], [20.43566, 44.82105], [20.43543, 44.82103], [20.43529, 44.82105], [20.4349, 44.82114], [20.43466, 44.82121], [20.43427, 44.82137], [20.43371, 44.82146], [20.43312, 44.82152], [20.43278, 44.8215], [20.43238, 44.82153], [20.43192, 44.82156], [20.43172, 44.8216], [20.43054, 44.82167], [20.43036, 44.8217], [20.42991, 44.82185], [20.42907, 44.82199], [20.42887, 44.82199], [20.42856, 44.82215], [20.42788, 44.82257], [20.42644, 44.82308], [20.42606, 44.82325], [20.42576, 44.82342], [20.42542, 44.82356], [20.42533, 44.82362], [20.42532, 44.82366], [20.42525, 44.82373], [20.42501, 44.82389], [20.4245, 44.82439], [20.42444, 44.82442], [20.42426, 44.82443], [20.42419, 44.82449], [20.42394, 44.82463], [20.42372, 44.82481], [20.42362, 44.82488], [20.42343, 44.82495], [20.42307, 44.82502], [20.4226, 44.82515], [20.42202, 44.82541], [20.42195, 44.82547], [20.42192, 44.82557], [20.42189, 44.8256], [20.42171, 44.82578], [20.42157, 44.82606], [20.42148, 44.82618], [20.42139, 44.82624], [20.42114, 44.82649], [20.42109, 44.82651], [20.42096, 44.82652], [20.4209, 44.82655], [20.42084, 44.82662], [20.42081, 44.82668], [20.42077, 44.82683], [20.42077, 44.827], [20.4207, 44.82746], [20.42072, 44.82755], [20.4208, 44.82763], [20.42091, 44.82769], [20.421, 44.82771], [20.42102, 44.82769], [20.42101, 44.82767], [20.42084, 44.82762], [20.42075, 44.82755], [20.42072, 44.82751], [20.42072, 44.82743], [20.42078, 44.82727], [20.42073, 44.82724], [20.42078, 44.82719], [20.42084, 44.82717], [20.42085, 44.82714], [20.42084, 44.82694], [20.42089, 44.8268], [20.4209, 44.82668], [20.42095, 44.82662], [20.4211, 44.82651], [20.42159, 44.82608], [20.4217, 44.82591], [20.4218, 44.82573], [20.422, 44.82548], [20.42216, 44.82536], [20.4226, 44.82512], [20.42277, 44.82506], [20.42289, 44.82506], [20.42309, 44.825], [20.42336, 44.82495], [20.42372, 44.82483], [20.42379, 44.82479], [20.42396, 44.82463], [20.42404, 44.82457], [20.42424, 44.8245], [20.42437, 44.82441], [20.42448, 44.82439], [20.42452, 44.82442], [20.42447, 44.82446], [20.42439, 44.82449], [20.42425, 44.82453], [20.42401, 44.82458], [20.42393, 44.82461], [20.4237, 44.8248], [20.4236, 44.82486], [20.42345, 44.82493], [20.42318, 44.82499]]}, "properties": {"id": 18680009454, "name": "Run classic", "sport": "Run", "date": "2026-05-27", "distance_km": 6.18, "moving_time_s": 2091, "elev_gain_m": 0, "avg_speed_kmh": 10.6, "avg_hr": null}}, {"type": "Feature", "geometry": {"type": "LineString", "coordinates": [[20.39771, 44.84173], [20.39773, 44.84169], [20.39767, 44.84159], [20.39755, 44.84152], [20.39747, 44.84143], [20.39749, 44.84139], [20.3976, 44.84135], [20.39858, 44.84124], [20.39903, 44.84122], [20.39966, 44.84122], [20.40045, 44.84125], [20.40109, 44.84132], [20.40172, 44.84141], [20.40204, 44.8414], [20.40251, 44.84137], [20.40281, 44.84136], [20.40339, 44.8414], [20.40379, 44.84146], [20.40425, 44.84149], [20.40435, 44.84151], [20.40454, 44.84159], [20.405, 44.84195], [20.40521, 44.84209], [20.40527, 44.84211], [20.40536, 44.8421], [20.40545, 44.84206], [20.40551, 44.84199], [20.40567, 44.84178], [20.40573, 44.84174], [20.4058, 44.84173], [20.40589, 44.84176], [20.40596, 44.84181], [20.40609, 44.84194], [20.40639, 44.84219], [20.40729, 44.8428], [20.40784, 44.84326], [20.40821, 44.84347], [20.40873, 44.84393], [20.40903, 44.84414], [20.40952, 44.84452], [20.41012, 44.84492], [20.41033, 44.84508], [20.41031, 44.84509], [20.41041, 44.84518], [20.41056, 44.84516], [20.41061, 44.84517], [20.41148, 44.84559], [20.41174, 44.84565], [20.41211, 44.8458], [20.4128, 44.84605], [20.41311, 44.84613], [20.41316, 44.84611], [20.41335, 44.84596], [20.41359, 44.84558], [20.41372, 44.84554], [20.41379, 44.84554], [20.41397, 44.8456], [20.41431, 44.84582], [20.4147, 44.84601], [20.41503, 44.84607], [20.41519, 44.84619], [20.4153, 44.8462], [20.41535, 44.84618], [20.4156, 44.84593], [20.4157, 44.84576], [20.41611, 44.84515], [20.41635, 44.84484], [20.41647, 44.84464], [20.41659, 44.84437], [20.41694, 44.8439], [20.41719, 44.84337], [20.4173, 44.84296], [20.41741, 44.84278], [20.41751, 44.84253], [20.41773, 44.84211], [20.41775, 44.84187], [20.41785, 44.84172], [20.41784, 44.84166], [20.41788, 44.84161], [20.41792, 44.84146], [20.41793, 44.84128], [20.41802, 44.84112], [20.41808, 44.8408], [20.41814, 44.8407], [20.41817, 44.84055], [20.41826, 44.84036], [20.41827, 44.84019], [20.41836, 44.83994], [20.41839, 44.83978], [20.41845, 44.83968], [20.41846, 44.83951], [20.41853, 44.83921], [20.41865, 44.8389], [20.41868, 44.8387], [20.4188, 44.83838], [20.41893, 44.8378], [20.41913, 44.83718], [20.41909, 44.83707], [20.41898, 44.83692], [20.41897, 44.8368], [20.41905, 44.83668], [20.41914, 44.83623], [20.41922, 44.83619], [20.41933, 44.83622], [20.41938, 44.8362], [20.41945, 44.83616], [20.41947, 44.8361], [20.41989, 44.83452], [20.42014, 44.83377], [20.42025, 44.83326], [20.42054, 44.83233], [20.42074, 44.83181], [20.42075, 44.83177], [20.42071, 44.83169], [20.42057, 44.83163], [20.4204, 44.83161], [20.42038, 44.83154], [20.42082, 44.83047], [20.4209, 44.83033], [20.42101, 44.82996], [20.42116, 44.82972], [20.42149, 44.82901], [20.42202, 44.82808], [20.42215, 44.82762], [20.42221, 44.82731], [20.42225, 44.82677], [20.42233, 44.82645], [20.42245, 44.82623], [20.42273, 44.82589], [20.42331, 44.82534], [20.42387, 44.8249], [20.4244, 44.82456], [20.42469, 44.82434], [20.42478, 44.82431], [20.42509, 44.82424], [20.42518, 44.8242], [20.42554, 44.82393], [20.42593, 44.82372], [20.42645, 44.82338], [20.42692, 44.82313], [20.42711, 44.82298], [20.42726, 44.82289], [20.4277, 44.82276], [20.42835, 44.82245], [20.42873, 44.82222], [20.42923, 44.82201], [20.42963, 44.82195], [20.43051, 44.82179], [20.43121, 44.82171], [20.43161, 44.8217], [20.43225, 44.82165], [20.43383, 44.82156], [20.43414, 44.82156], [20.43456, 44.8216], [20.43477, 44.82159], [20.43495, 44.82152], [20.43502, 44.82146], [20.43508, 44.8214], [20.43515, 44.82126], [20.43521, 44.8212], [20.43529, 44.82116], [20.43548, 44.82112], [20.43557, 44.82112], [20.43567, 44.82114], [20.43594, 44.82123], [20.43612, 44.82128], [20.43672, 44.82136], [20.43711, 44.82136], [20.43731, 44.82138], [20.43759, 44.82144], [20.43796, 44.82156], [20.43855, 44.82168], [20.4391, 44.82169], [20.43929, 44.82166], [20.43932, 44.82162], [20.43925, 44.82161], [20.43909, 44.82167], [20.43889, 44.82168], [20.43851, 44.82166], [20.43797, 44.82156], [20.43772, 44.82149], [20.43747, 44.8214], [20.43707, 44.82135], [20.43691, 44.82134], [20.43676, 44.82135], [20.43653, 44.82133], [20.43596, 44.82123], [20.43562, 44.82113], [20.43552, 44.82112], [20.43535, 44.82114], [20.43515, 44.82123], [20.435, 44.82148], [20.43489, 44.82153], [20.4347, 44.8216], [20.43463, 44.8216], [20.4342, 44.82156], [20.43384, 44.82155], [20.43104, 44.82172], [20.43051, 44.82178], [20.42912, 44.82203], [20.4289, 44.82212], [20.42855, 44.82233], [20.42771, 44.82275], [20.4272, 44.82291], [20.4271, 44.82297], [20.42688, 44.82315], [20.42672, 44.82325], [20.42646, 44.82336], [20.42598, 44.82369], [20.42536, 44.82404], [20.42513, 44.82422], [20.42498, 44.82428], [20.42466, 44.82434], [20.42459, 44.82438], [20.4244, 44.82457], [20.42419, 44.82469], [20.42387, 44.8249], [20.42356, 44.82515], [20.42307, 44.82555], [20.42283, 44.82578], [20.42255, 44.82609], [20.42241, 44.82629], [20.42231, 44.8265], [20.42218, 44.82756], [20.42197, 44.82826], [20.4216, 44.82877], [20.42124, 44.8295], [20.42073, 44.83068], [20.42026, 44.83192], [20.42009, 44.83258], [20.41988, 44.83315], [20.4198, 44.83354], [20.41967, 44.83401], [20.4196, 44.83418], [20.41955, 44.83454], [20.41947, 44.83472], [20.41939, 44.83523], [20.41923, 44.83574], [20.41921, 44.83595], [20.41904, 44.8367], [20.41896, 44.83687], [20.41899, 44.83698], [20.41914, 44.83716], [20.41915, 44.83721], [20.41903, 44.83744], [20.41895, 44.83796], [20.4187, 44.83866], [20.41862, 44.83902], [20.41849, 44.83942], [20.41848, 44.83954], [20.41842, 44.83966], [20.4184, 44.83978], [20.41831, 44.84003], [20.41827, 44.84029], [20.41816, 44.84055], [20.4181, 44.84088], [20.41797, 44.84124], [20.41794, 44.84143], [20.41781, 44.84188], [20.41771, 44.8421], [20.41768, 44.84222], [20.41755, 44.84239], [20.41746, 44.84273], [20.41735, 44.84293], [20.41732, 44.84311], [20.4171, 44.8435], [20.41705, 44.84369], [20.41688, 44.84394], [20.41674, 44.84423], [20.41645, 44.84472], [20.41622, 44.84503], [20.41605, 44.84531], [20.41597, 44.84542], [20.41589, 44.84546], [20.41589, 44.84544], [20.41588, 44.84544], [20.41578, 44.84568], [20.4157, 44.84578], [20.41559, 44.84586], [20.41537, 44.84611], [20.41529, 44.84615], [20.41524, 44.84615], [20.41501, 44.84611], [20.41493, 44.84615], [20.41476, 44.84639], [20.41463, 44.84655], [20.41453, 44.84676], [20.41451, 44.84687], [20.41447, 44.8469], [20.41441, 44.84691], [20.41394, 44.84684], [20.41346, 44.84683], [20.41283, 44.84677], [20.41044, 44.84648], [20.40956, 44.84648], [20.40923, 44.84641], [20.40905, 44.84639], [20.40905, 44.8463], [20.4091, 44.84624], [20.41004, 44.84553], [20.41127, 44.84448], [20.41197, 44.84373], [20.41213, 44.84354], [20.41223, 44.84338], [20.41261, 44.84299], [20.41265, 44.84294], [20.41266, 44.84287], [20.4126, 44.84281], [20.41249, 44.84277], [20.41227, 44.84273], [20.41174, 44.84251], [20.41141, 44.84241], [20.41107, 44.84227], [20.41095, 44.84227], [20.41078, 44.84232], [20.40971, 44.84194], [20.40922, 44.84179], [20.40913, 44.84177], [20.40881, 44.84182], [20.40852, 44.8419], [20.40843, 44.8419], [20.40835, 44.84188], [20.40807, 44.84173], [20.40738, 44.84145], [20.4067, 44.84114], [20.40663, 44.84109], [20.40661, 44.84103], [20.40651, 44.84103], [20.4064, 44.8411], [20.40626, 44.84126], [20.40615, 44.84134], [20.40595, 44.84161], [20.40561, 44.84195], [20.40525, 44.84227], [20.40489, 44.84255], [20.40419, 44.8433], [20.40397, 44.84349], [20.40373, 44.84383], [20.40361, 44.84395], [20.40351, 44.84411], [20.40308, 44.8446], [20.40273, 44.8451], [20.40252, 44.84526], [20.40229, 44.84536], [20.40154, 44.84563], [20.40139, 44.84567], [20.40117, 44.84576], [20.40111, 44.84575], [20.40109, 44.84573], [20.40108, 44.84569], [20.40079, 44.84536], [20.40045, 44.84486], [20.39971, 44.84389], [20.39932, 44.84349], [20.39915, 44.84347], [20.39878, 44.84356], [20.39816, 44.84363], [20.39767, 44.84374], [20.39749, 44.84374], [20.39741, 44.84372], [20.39729, 44.84364], [20.39724, 44.84357], [20.39709, 44.84319], [20.39683, 44.84271]]}, "properties": {"id": 18666625020, "name": "Night quickie", "sport": "Ride", "date": "2026-05-26", "distance_km": 12.67, "moving_time_s": 2079, "elev_gain_m": 38, "avg_speed_kmh": 21.9, "avg_hr": null}}, {"type": "Feature", "geometry": {"type": "LineString", "coordinates": [[20.39762, 44.84374], [20.39792, 44.84371], [20.39858, 44.8436], [20.39893, 44.84358], [20.39908, 44.84354], [20.39925, 44.84346], [20.39935, 44.84347], [20.39941, 44.84349], [20.39956, 44.84362], [20.39967, 44.84378], [20.39974, 44.84391], [20.39988, 44.84409], [20.40001, 44.84427], [20.4002, 44.84448], [20.40046, 44.84487], [20.40059, 44.84508], [20.40096, 44.84555], [20.40103, 44.8457], [20.40118, 44.8458], [20.40132, 44.84599], [20.40149, 44.84627], [20.40177, 44.84661], [20.4021, 44.84696], [20.40216, 44.84701], [20.40223, 44.84703], [20.40231, 44.84704], [20.40241, 44.84703], [20.40252, 44.84699], [20.40303, 44.84671], [20.40331, 44.84663], [20.40427, 44.84663], [20.40462, 44.84661], [20.40569, 44.84643], [20.4061, 44.84639], [20.40636, 44.84638], [20.40722, 44.84652], [20.40794, 44.84656], [20.40826, 44.84654], [20.40836, 44.84653], [20.40854, 44.84646], [20.40906, 44.84637], [20.40924, 44.84636], [20.40935, 44.84638], [20.40945, 44.84642], [20.40956, 44.84644], [20.4098, 44.84647], [20.41004, 44.84649], [20.41028, 44.84649], [20.41098, 44.84655], [20.41264, 44.84675], [20.41309, 44.84678], [20.41333, 44.84682], [20.41416, 44.84687], [20.41446, 44.84686], [20.41454, 44.84681], [20.41462, 44.84674], [20.4148, 44.84642], [20.41499, 44.84616], [20.41504, 44.84613], [20.4151, 44.84612], [20.41516, 44.84613], [20.41528, 44.8462], [20.41532, 44.8462], [20.41547, 44.8461], [20.41554, 44.84599], [20.41572, 44.84579], [20.416, 44.84538], [20.41635, 44.84495], [20.41646, 44.84463], [20.41695, 44.84384], [20.41722, 44.84322], [20.41735, 44.84297], [20.41757, 44.84242], [20.41775, 44.84219], [20.41781, 44.84185], [20.41795, 44.84149], [20.41818, 44.8407], [20.41821, 44.84039], [20.41831, 44.84015], [20.41841, 44.83979], [20.41847, 44.83964], [20.41851, 44.83942], [20.41857, 44.83927], [20.41862, 44.83905], [20.41872, 44.83883], [20.41885, 44.83821], [20.41898, 44.83784], [20.41908, 44.83749], [20.41908, 44.83734], [20.41913, 44.83714], [20.4191, 44.83702], [20.41902, 44.8369], [20.419, 44.83683], [20.41908, 44.83638], [20.41918, 44.83608], [20.41924, 44.83579], [20.41942, 44.8352], [20.41954, 44.83468], [20.41958, 44.83441], [20.41967, 44.83412], [20.41981, 44.83345], [20.41997, 44.833], [20.42004, 44.83269], [20.42013, 44.83239], [20.42025, 44.83208], [20.42047, 44.83138], [20.42063, 44.83103], [20.42105, 44.82996], [20.42117, 44.82973], [20.42126, 44.82949], [20.42135, 44.82935], [20.42144, 44.82912], [20.42211, 44.82798], [20.42219, 44.82764], [20.42226, 44.82708], [20.42228, 44.82669], [20.4224, 44.82632], [20.42266, 44.82599], [20.42294, 44.82567], [20.42332, 44.82533], [20.42367, 44.82508], [20.42399, 44.82483], [20.42452, 44.82449], [20.42473, 44.82432], [20.42482, 44.82428], [20.42505, 44.82424], [20.42526, 44.82416], [20.42557, 44.82393], [20.42599, 44.82368], [20.42649, 44.82335], [20.42685, 44.82317], [20.42722, 44.82291], [20.42731, 44.82286], [20.42761, 44.82279], [20.42781, 44.82272], [20.42818, 44.82254], [20.42852, 44.82235], [20.42876, 44.8222], [20.42917, 44.82202], [20.42926, 44.822], [20.42964, 44.82195], [20.43024, 44.82183], [20.43076, 44.82175], [20.4312, 44.8217], [20.43164, 44.82169], [20.43287, 44.8216], [20.43392, 44.82155], [20.43434, 44.82155], [20.43474, 44.82159], [20.43484, 44.82158], [20.43502, 44.82149], [20.43508, 44.82142], [20.43518, 44.82122], [20.43525, 44.82117], [20.43534, 44.82113], [20.43557, 44.82111], [20.43567, 44.82112], [20.43585, 44.8212], [20.43604, 44.82126], [20.43677, 44.82134], [20.43709, 44.82135], [20.4374, 44.82138], [20.4376, 44.82143], [20.43798, 44.82155], [20.43857, 44.82167], [20.43876, 44.82169], [20.43902, 44.82168], [20.43931, 44.82165], [20.43941, 44.82166], [20.43943, 44.82165], [20.43942, 44.82165], [20.43942, 44.82163], [20.43946, 44.82163], [20.43933, 44.82162], [20.43901, 44.82168], [20.43849, 44.82167], [20.43827, 44.82163], [20.43728, 44.82137], [20.43695, 44.82134], [20.4365, 44.82133], [20.43596, 44.82125], [20.43558, 44.82113], [20.43549, 44.82112], [20.43539, 44.82112], [20.43529, 44.82115], [20.43512, 44.82124], [20.43506, 44.8213], [20.435, 44.82144], [20.43495, 44.82151], [20.43487, 44.82156], [20.43466, 44.82161], [20.43456, 44.82162], [20.43399, 44.82155], [20.43372, 44.82155], [20.43092, 44.82172], [20.43035, 44.82181], [20.42913, 44.82204], [20.42898, 44.82209], [20.42831, 44.82247], [20.42778, 44.82273], [20.42753, 44.82283], [20.42713, 44.82294], [20.42702, 44.82302], [20.4268, 44.82323], [20.42664, 44.82331], [20.42634, 44.82344], [20.42595, 44.82371], [20.42547, 44.82398], [20.42511, 44.82424], [20.42495, 44.8243], [20.42464, 44.82435], [20.42458, 44.82437], [20.42439, 44.82457], [20.42395, 44.82486], [20.42344, 44.82524], [20.42309, 44.82553], [20.42281, 44.8258], [20.42251, 44.82615], [20.42233, 44.82647], [20.42225, 44.82685], [20.42222, 44.82736], [20.42217, 44.82761], [20.42202, 44.82809], [20.42196, 44.82822], [20.42175, 44.82855], [20.4216, 44.82885], [20.42143, 44.82914], [20.42109, 44.82979], [20.42085, 44.83043], [20.42067, 44.83083], [20.42052, 44.83127], [20.42044, 44.83143], [20.42029, 44.83195], [20.42013, 44.83236], [20.42008, 44.83261], [20.41976, 44.83359], [20.41971, 44.83384], [20.41946, 44.83476], [20.41929, 44.8356], [20.41913, 44.83618], [20.41898, 44.83686], [20.419, 44.83699], [20.41912, 44.83718], [20.41914, 44.83724], [20.41915, 44.8373], [20.41902, 44.83757], [20.41899, 44.83778], [20.41887, 44.83812], [20.41879, 44.83845], [20.41865, 44.83882], [20.41861, 44.83908], [20.41854, 44.83926], [20.41829, 44.84022], [20.4181, 44.84084], [20.41787, 44.84169], [20.4177, 44.8421], [20.41768, 44.84222], [20.41743, 44.84273], [20.41729, 44.84309], [20.41714, 44.84331], [20.41712, 44.84342], [20.41707, 44.84353], [20.41688, 44.84385], [20.41669, 44.84423], [20.41657, 44.8444], [20.41631, 44.84491], [20.41605, 44.84528], [20.41597, 44.84544], [20.41553, 44.84597], [20.41532, 44.84617], [20.41522, 44.8462], [20.41503, 44.84611], [20.41498, 44.84613], [20.41486, 44.84635], [20.41466, 44.84657], [20.41453, 44.84679], [20.41453, 44.84683], [20.4145, 44.84687], [20.41442, 44.8469], [20.41391, 44.84686], [20.41345, 44.84684], [20.413, 44.84678], [20.41264, 44.84678], [20.41246, 44.84674], [20.4116, 44.84662], [20.41022, 44.84648], [20.40972, 44.84649], [20.40907, 44.8464], [20.40906, 44.84637], [20.4091, 44.84631], [20.40918, 44.84622], [20.40951, 44.84597], [20.4099, 44.84564], [20.40993, 44.84559], [20.4099, 44.84555], [20.40973, 44.84544], [20.40964, 44.84536], [20.40942, 44.84521], [20.40906, 44.84501], [20.40896, 44.84491], [20.40877, 44.84475], [20.40872, 44.84469], [20.40855, 44.84463], [20.40849, 44.84459], [20.40836, 44.84445], [20.40815, 44.84433], [20.40775, 44.84401], [20.40767, 44.84396], [20.40763, 44.84396], [20.40666, 44.84321], [20.40643, 44.84302], [20.4063, 44.84287], [20.406, 44.84269], [20.40567, 44.84247], [20.40553, 44.84242], [20.40552, 44.84238], [20.40547, 44.84235], [20.40542, 44.84232], [20.40536, 44.84226], [20.40533, 44.84226], [20.40521, 44.84229], [20.40491, 44.84254], [20.40457, 44.84285], [20.40448, 44.84296], [20.40423, 44.8432], [20.40401, 44.84348], [20.40375, 44.84375], [20.40333, 44.84431], [20.40303, 44.84468], [20.4028, 44.84502], [20.4027, 44.84513], [20.4026, 44.8452], [20.40235, 44.84533], [20.4016, 44.84557], [20.40128, 44.84571], [20.40108, 44.84577], [20.401, 44.8457], [20.40091, 44.84554], [20.40041, 44.84485], [20.40004, 44.84425], [20.3998, 44.84395], [20.39965, 44.84385], [20.39948, 44.84365], [20.3993, 44.84348], [20.39921, 44.84346], [20.39909, 44.84348], [20.39888, 44.84355], [20.39822, 44.84364], [20.39773, 44.84375], [20.39751, 44.84375], [20.39743, 44.84373], [20.39731, 44.84363], [20.39721, 44.8435], [20.39693, 44.84299], [20.39687, 44.84281], [20.39683, 44.84274]]}, "properties": {"id": 18645653349, "name": "Quick", "sport": "Ride", "date": "2026-05-25", "distance_km": 11.94, "moving_time_s": 1750, "elev_gain_m": 38, "avg_speed_kmh": 24.6, "avg_hr": null}}, {"type": "Feature", "geometry": {"type": "LineString", "coordinates": [[20.41712, 44.84347], [20.41725, 44.84316], [20.41738, 44.84293], [20.41743, 44.84278], [20.41773, 44.84211], [20.41776, 44.84196], [20.41791, 44.84147], [20.41791, 44.84141], [20.41799, 44.84125], [20.41802, 44.84106], [20.4181, 44.84085], [20.41812, 44.84073], [20.41824, 44.84045], [20.41825, 44.84033], [20.41833, 44.84014], [20.41843, 44.83961], [20.41845, 44.83955], [20.41849, 44.83956], [20.4185, 44.83954], [20.41848, 44.83939], [20.41851, 44.83937], [20.41853, 44.83938], [20.4185, 44.83937], [20.4185, 44.83933], [20.41859, 44.83928], [20.41855, 44.8392], [20.41856, 44.83909], [20.41865, 44.83894], [20.41869, 44.8388], [20.41875, 44.8387], [20.41876, 44.83853], [20.41885, 44.83824], [20.41888, 44.83808], [20.41899, 44.83777], [20.41903, 44.83762], [20.41903, 44.83746], [20.41912, 44.83727], [20.41916, 44.83711], [20.41901, 44.83685], [20.41903, 44.8367], [20.41925, 44.8359], [20.41935, 44.83537], [20.41945, 44.83505], [20.41955, 44.83449], [20.41969, 44.83406], [20.4197, 44.83382], [20.41982, 44.83343], [20.41994, 44.83295], [20.42005, 44.83264], [20.42008, 44.83249], [20.42022, 44.83223], [20.42026, 44.83197], [20.4204, 44.83164], [20.42043, 44.83149], [20.42056, 44.83113], [20.42059, 44.83099], [20.42064, 44.8309], [20.42069, 44.83086], [20.4207, 44.83074], [20.42081, 44.83053], [20.42086, 44.83046], [20.42094, 44.83017], [20.42116, 44.82968], [20.42117, 44.82963], [20.42113, 44.8296], [20.42125, 44.82952], [20.4213, 44.82938], [20.42154, 44.82893], [20.42204, 44.82809], [20.4221, 44.82784], [20.42215, 44.82776], [20.42216, 44.8276], [20.4222, 44.82751], [20.42231, 44.8266], [20.42241, 44.82634], [20.42256, 44.8261], [20.42283, 44.82579], [20.42327, 44.82539], [20.42389, 44.82489], [20.42426, 44.82465], [20.42445, 44.82455], [20.42472, 44.82433], [20.42487, 44.82426], [20.42491, 44.82423], [20.42504, 44.82426], [20.42522, 44.82418], [20.42562, 44.8239], [20.42576, 44.82383], [20.42657, 44.82332], [20.42682, 44.82318], [20.42721, 44.82289], [20.42721, 44.82284], [20.42718, 44.82282], [20.42709, 44.82281], [20.42667, 44.82296], [20.42618, 44.82317], [20.42616, 44.8232], [20.42613, 44.82322], [20.42601, 44.82322], [20.42576, 44.82337], [20.42564, 44.82339], [20.42555, 44.82344], [20.42537, 44.82362], [20.42481, 44.82406], [20.42456, 44.82435], [20.42435, 44.82445], [20.42417, 44.82447], [20.424, 44.82455], [20.42385, 44.82466], [20.42376, 44.82477], [20.42362, 44.82485], [20.42322, 44.82497], [20.42315, 44.82502], [20.42305, 44.825], [20.42268, 44.8251], [20.42242, 44.8252], [20.42237, 44.82527], [20.42213, 44.82533], [20.42178, 44.82566], [20.4217, 44.82577], [20.42158, 44.82603], [20.4213, 44.82634], [20.42115, 44.82642], [20.42088, 44.82662], [20.42083, 44.82669], [20.42081, 44.82681], [20.42081, 44.82698], [20.42077, 44.8272], [20.42073, 44.82731], [20.42069, 44.82748], [20.42072, 44.82756], [20.42081, 44.82764], [20.42091, 44.82768], [20.42131, 44.82771], [20.42163, 44.82784], [20.42187, 44.8279], [20.42196, 44.828], [20.42201, 44.82811], [20.42194, 44.8282], [20.42176, 44.82848], [20.4217, 44.82864], [20.42151, 44.82894], [20.42146, 44.82907], [20.42139, 44.82918], [20.42121, 44.82956], [20.42113, 44.82969], [20.42106, 44.82993], [20.42092, 44.83018], [20.42075, 44.83064], [20.42069, 44.83074], [20.42054, 44.8311], [20.42036, 44.83165], [20.42035, 44.83175], [20.42014, 44.83229], [20.42013, 44.83244], [20.42, 44.8327], [20.41992, 44.83307], [20.41978, 44.83345], [20.41966, 44.83402], [20.41959, 44.83421], [20.41952, 44.83444], [20.4195, 44.8347], [20.41939, 44.83496], [20.41929, 44.83552], [20.41922, 44.83577], [20.41923, 44.83582], [20.41918, 44.83593], [20.41913, 44.83615], [20.41905, 44.83631], [20.41904, 44.83642], [20.419, 44.83656], [20.419, 44.83665], [20.41894, 44.83684], [20.41899, 44.83703], [20.41905, 44.83712], [20.41907, 44.83723], [20.41902, 44.83761], [20.41895, 44.8378], [20.41889, 44.8379], [20.41887, 44.83808], [20.41881, 44.83818], [20.41877, 44.83836], [20.41879, 44.83839], [20.41875, 44.83842], [20.41872, 44.83849], [20.41873, 44.83857], [20.41878, 44.8387], [20.41879, 44.83875], [20.41876, 44.83881], [20.41855, 44.83912], [20.41848, 44.8393], [20.41848, 44.83932], [20.4185, 44.83933], [20.41846, 44.83947], [20.41844, 44.83967], [20.41839, 44.83981], [20.41835, 44.83986], [20.4183, 44.84008], [20.4182, 44.84034], [20.41819, 44.84045], [20.41813, 44.84061], [20.41811, 44.84077], [20.41807, 44.84091], [20.41799, 44.84105], [20.41792, 44.84129], [20.41788, 44.84145], [20.41789, 44.84157], [20.41788, 44.84163], [20.41779, 44.84183], [20.41767, 44.8422], [20.41745, 44.84267], [20.41724, 44.84321], [20.41705, 44.84354]]}, "properties": {"id": 18626060335, "name": "Run hehe", "sport": "Run", "date": "2026-05-23", "distance_km": 5.83, "moving_time_s": 2005, "elev_gain_m": 0, "avg_speed_kmh": 10.5, "avg_hr": null}}, {"type": "Feature", "geometry": {"type": "LineString", "coordinates": [[20.39271, 44.84107], [20.39177, 44.84105], [20.38459, 44.84211], [20.3803, 44.84259], [20.37972, 44.84278], [20.37828, 44.84359], [20.37711, 44.84402], [20.37693, 44.8439], [20.37653, 44.84226], [20.37425, 44.84248], [20.3724, 44.84091], [20.37221, 44.84113], [20.37074, 44.84208], [20.37005, 44.84234], [20.36938, 44.8425], [20.36914, 44.84227], [20.36879, 44.84233], [20.36873, 44.84218], [20.36855, 44.84216], [20.36853, 44.84241], [20.37003, 44.84461], [20.3745, 44.85088], [20.37463, 44.85198], [20.37404, 44.85358], [20.37387, 44.85446], [20.37402, 44.85585], [20.37476, 44.85723], [20.37594, 44.85881], [20.37661, 44.85947], [20.3766, 44.85981], [20.37491, 44.86041], [20.35142, 44.87061], [20.34908, 44.87173], [20.34808, 44.87208], [20.33374, 44.87835], [20.3192, 44.88457], [20.29291, 44.89658], [20.28385, 44.90088], [20.27501, 44.90597], [20.27497, 44.90611], [20.27371, 44.90675], [20.26414, 44.91228], [20.25552, 44.91594], [20.25452, 44.91669], [20.24636, 44.92581], [20.23023, 44.93678], [20.22605, 44.93981], [20.22059, 44.94345], [20.21933, 44.94441], [20.21923, 44.94461], [20.21859, 44.94501], [20.21787, 44.94529], [20.21189, 44.94942], [20.20925, 44.95103], [20.20119, 44.95653], [20.20092, 44.9569], [20.19997, 44.95723], [20.17037, 44.97487], [20.16648, 44.97743], [20.15998, 44.9811], [20.15964, 44.98173], [20.15912, 44.9843], [20.15839, 44.98588], [20.15578, 44.99373], [20.15589, 44.99371], [20.15585, 44.99394], [20.15509, 44.9957], [20.15457, 44.99576], [20.15362, 44.99612], [20.1504, 44.99701], [20.14397, 44.99897], [20.14295, 44.99948], [20.13544, 45.00433], [20.10902, 45.02348], [20.09162, 45.03792], [20.09118, 45.03827], [20.09096, 45.03823], [20.0899, 45.03922], [20.08787, 45.04083], [20.08228, 45.04611], [20.08237, 45.04634], [20.07588, 45.05239], [20.07563, 45.05281], [20.07513, 45.05282], [20.075, 45.05261], [20.07516, 45.05241], [20.07452, 45.05225], [20.07513, 45.05246], [20.07498, 45.05282], [20.07257, 45.05268], [20.07185, 45.05281], [20.06573, 45.05529], [20.0649, 45.05587], [20.06351, 45.0581], [20.04128, 45.09084], [20.02524, 45.11164], [20.02453, 45.11246], [20.02321, 45.11365], [20.01468, 45.11995], [20.01407, 45.1206], [20.01303, 45.12215], [20.01236, 45.12281], [20.00537, 45.12834], [19.99759, 45.13308], [19.99473, 45.13446], [19.97636, 45.14268], [19.97263, 45.14506], [19.97253, 45.14516], [19.97286, 45.14536], [19.97247, 45.14513], [19.97105, 45.14609], [19.9701, 45.14657], [19.96302, 45.14842], [19.95918, 45.15001], [19.95833, 45.15067], [19.95779, 45.15154], [19.95771, 45.15228], [19.95886, 45.15867], [19.95887, 45.15948], [19.95806, 45.16181], [19.95679, 45.16346], [19.95652, 45.16403], [19.95686, 45.16706], [19.95677, 45.16773], [19.95644, 45.16828], [19.95426, 45.17078], [19.95361, 45.17121], [19.9521, 45.17176], [19.95149, 45.1721], [19.95095, 45.17266], [19.95067, 45.17334], [19.95082, 45.17441], [19.95184, 45.17555], [19.95217, 45.17618], [19.95226, 45.17752], [19.9534, 45.18111], [19.95361, 45.18636], [19.9531, 45.19097], [19.95278, 45.19149], [19.94982, 45.19497], [19.94957, 45.19503], [19.94729, 45.19648], [19.94353, 45.19797], [19.94136, 45.19899], [19.9388, 45.1998], [19.93829, 45.2001], [19.93809, 45.19972], [19.93719, 45.20011], [19.93668, 45.19991], [19.93637, 45.1999], [19.93548, 45.20036], [19.93527, 45.20067], [19.93491, 45.20077], [19.93478, 45.20061], [19.9349, 45.20045], [19.9348, 45.2005], [19.9346, 45.20006], [19.93463, 45.19995], [19.93472, 45.20007], [19.935, 45.20005], [19.93496, 45.19971], [19.93519, 45.19964], [19.93517, 45.1997], [19.93516, 45.19962], [19.93526, 45.19975], [19.93514, 45.19987], [19.93524, 45.19982], [19.93605, 45.20007], [19.93636, 45.19991], [19.93727, 45.2001], [19.93798, 45.19978], [19.93877, 45.19896], [19.93964, 45.19955], [19.94147, 45.19894], [19.94325, 45.19807], [19.94729, 45.19646], [19.94995, 45.19477], [19.95273, 45.1915], [19.95301, 45.19104], [19.95318, 45.19044], [19.95355, 45.18621], [19.9533, 45.18089], [19.95226, 45.1776], [19.95206, 45.17602], [19.95084, 45.17456], [19.9506, 45.17341], [19.95083, 45.17276], [19.95143, 45.1721], [19.95205, 45.17172], [19.95354, 45.17117], [19.95421, 45.17071], [19.95626, 45.16838], [19.9567, 45.16769], [19.9568, 45.16704], [19.95646, 45.16472], [19.95649, 45.16402], [19.95682, 45.16334], [19.95799, 45.16179], [19.95879, 45.15946], [19.95879, 45.15867], [19.95763, 45.15221], [19.95783, 45.15125], [19.95838, 45.15051], [19.95925, 45.14993], [19.96306, 45.14836], [19.97038, 45.1464], [19.97647, 45.14254], [19.99796, 45.13282], [20.00565, 45.12806], [20.01242, 45.12267], [20.01303, 45.12204], [20.01392, 45.12066], [20.01466, 45.11988], [20.02357, 45.11332], [20.02475, 45.11216], [20.02801, 45.10801], [20.04118, 45.09085], [20.05115, 45.07628], [20.06361, 45.05783], [20.06447, 45.05626], [20.0649, 45.05575], [20.06566, 45.05526], [20.06973, 45.05369], [20.07171, 45.05279], [20.07227, 45.05264], [20.07229, 45.05249], [20.07355, 45.05207], [20.07404, 45.05211], [20.0749, 45.05242], [20.07554, 45.05242], [20.07578, 45.0523], [20.07941, 45.04898], [20.08098, 45.04742], [20.08219, 45.04641], [20.08778, 45.04104], [20.10907, 45.02337], [20.13532, 45.00435], [20.14289, 44.99948], [20.14394, 44.99892], [20.15374, 44.99602], [20.15468, 44.99561], [20.15519, 44.99516], [20.15569, 44.99389], [20.15713, 44.98977], [20.15819, 44.9862], [20.15906, 44.98401], [20.15967, 44.98144], [20.15998, 44.98102], [20.16647, 44.97732], [20.17045, 44.97476], [20.17614, 44.97128], [20.17933, 44.96941], [20.17977, 44.96908], [20.18011, 44.96864], [20.18029, 44.96877], [20.1804, 44.96875], [20.19899, 44.95764], [20.20039, 44.95685], [20.20054, 44.95685], [20.20101, 44.95657], [20.20212, 44.95576], [20.20608, 44.95306], [20.20685, 44.95265], [20.21611, 44.94644], [20.21893, 44.94444], [20.22559, 44.94004], [20.2303, 44.93667], [20.24639, 44.92572], [20.25435, 44.91681], [20.25558, 44.91585], [20.26372, 44.91245], [20.27423, 44.90648], [20.275, 44.90594], [20.28379, 44.90089], [20.29422, 44.89594], [20.3199, 44.88421], [20.34927, 44.87154], [20.37828, 44.85891], [20.38709, 44.85496], [20.38637, 44.84997], [20.38625, 44.84758], [20.38592, 44.84533], [20.38616, 44.84521], [20.38676, 44.84521], [20.38778, 44.84505], [20.3881, 44.84483], [20.38817, 44.84429], [20.38876, 44.84431], [20.38944, 44.84417], [20.38888, 44.84325], [20.38909, 44.84308], [20.3936, 44.84248]]}, "properties": {"id": 18622182499, "name": "BG SM BG", "sport": "Ride", "date": "2026-05-23", "distance_km": 117.15, "moving_time_s": 20076, "elev_gain_m": 567, "avg_speed_kmh": 21.0, "avg_hr": null}}, {"type": "Feature", "geometry": {"type": "LineString", "coordinates": [[20.39769, 44.84174], [20.39754, 44.84143], [20.39761, 44.84136], [20.3988, 44.84122], [20.40033, 44.84123], [20.40184, 44.84143], [20.40266, 44.84137], [20.40411, 44.84145], [20.40423, 44.84137], [20.40425, 44.84127], [20.4012, 44.83455], [20.39851, 44.82801], [20.39742, 44.82466], [20.39676, 44.82303], [20.39653, 44.82206], [20.3957, 44.81955], [20.39573, 44.81938], [20.39599, 44.8193], [20.39586, 44.81888], [20.39598, 44.8187], [20.39573, 44.8185], [20.39534, 44.8168], [20.39514, 44.81631], [20.39521, 44.81625], [20.39577, 44.81619], [20.39657, 44.81596], [20.40161, 44.81364], [20.40281, 44.81314], [20.40285, 44.81302], [20.40317, 44.81292], [20.40298, 44.81265], [20.40296, 44.81248], [20.40276, 44.81238], [20.40245, 44.81205], [20.40131, 44.8108], [20.40078, 44.81012], [20.40091, 44.80992], [20.40175, 44.80956], [20.40201, 44.80927], [20.40266, 44.80896], [20.4028, 44.80868], [20.40398, 44.8082], [20.40705, 44.80685], [20.40803, 44.80657], [20.40891, 44.80644], [20.40913, 44.80634], [20.41026, 44.80636], [20.41085, 44.80644], [20.41167, 44.80667], [20.41227, 44.8069], [20.41249, 44.8069], [20.41256, 44.80681], [20.41286, 44.80434], [20.41305, 44.80419], [20.41304, 44.804], [20.41319, 44.80387], [20.41686, 44.80371], [20.41762, 44.80362], [20.41776, 44.80353], [20.41805, 44.8036], [20.41857, 44.80352], [20.41939, 44.80353], [20.42156, 44.80338], [20.4228, 44.80302], [20.42334, 44.80276], [20.424, 44.80235], [20.42445, 44.80185], [20.42471, 44.80118], [20.4264, 44.79317], [20.42637, 44.79269], [20.42605, 44.7924], [20.42407, 44.79128], [20.4218, 44.78968], [20.42023, 44.78891], [20.41959, 44.7887], [20.41836, 44.78846], [20.41752, 44.78824], [20.417, 44.78838], [20.41636, 44.78868], [20.41619, 44.78785], [20.41579, 44.78767], [20.41542, 44.78773], [20.4147, 44.7874], [20.41368, 44.78715], [20.41119, 44.78688], [20.41116, 44.78673], [20.41105, 44.78668], [20.41008, 44.78671], [20.40896, 44.78662], [20.40926, 44.78626], [20.40933, 44.78607], [20.40928, 44.78507], [20.40088, 44.78486], [20.39995, 44.78476], [20.39491, 44.78328], [20.38995, 44.78209], [20.38803, 44.78154], [20.38691, 44.78109], [20.37664, 44.77617], [20.37182, 44.77412], [20.36938, 44.7733], [20.36731, 44.77253], [20.36291, 44.77118], [20.35983, 44.76992], [20.3589, 44.76937], [20.35403, 44.76549], [20.34922, 44.76076], [20.34411, 44.75542], [20.34312, 44.75415], [20.34053, 44.74926], [20.3398, 44.74823], [20.33883, 44.74714], [20.33702, 44.7456], [20.33486, 44.74394], [20.32814, 44.73958], [20.32811, 44.7395], [20.33024, 44.74081], [20.33473, 44.74375], [20.33655, 44.74508], [20.33883, 44.74706], [20.33946, 44.74772], [20.34042, 44.74898], [20.34167, 44.75119], [20.34313, 44.75407], [20.34368, 44.75484], [20.34437, 44.75562], [20.35057, 44.76204], [20.35416, 44.76553], [20.35892, 44.7693], [20.35934, 44.7696], [20.36029, 44.7701], [20.36248, 44.77096], [20.3678, 44.77264], [20.36915, 44.77319], [20.37187, 44.77408], [20.37382, 44.7749], [20.37462, 44.77529], [20.37477, 44.77551], [20.37441, 44.77572], [20.37444, 44.77591], [20.37431, 44.7762], [20.37437, 44.77625], [20.3747, 44.77625], [20.37596, 44.77679], [20.37581, 44.7768], [20.37462, 44.7762], [20.37435, 44.77623], [20.37408, 44.77641], [20.37267, 44.7777], [20.37236, 44.77801], [20.37232, 44.77814], [20.3724, 44.77829], [20.37292, 44.77861], [20.37309, 44.77885], [20.37377, 44.77932], [20.37429, 44.77991], [20.37472, 44.78027], [20.37573, 44.78093], [20.37652, 44.78126], [20.37741, 44.78155], [20.3792, 44.78186], [20.37976, 44.78202], [20.38216, 44.78293], [20.38351, 44.78362], [20.38699, 44.7856], [20.38813, 44.78616], [20.38947, 44.78673], [20.39102, 44.7873], [20.39421, 44.788], [20.39556, 44.78818], [20.40063, 44.78845], [20.40403, 44.78873], [20.40571, 44.78905], [20.40814, 44.78968], [20.40921, 44.78992], [20.40978, 44.78998], [20.4102, 44.79012], [20.41311, 44.79042], [20.41407, 44.79014], [20.41441, 44.78971], [20.41539, 44.7896], [20.41586, 44.78961], [20.41621, 44.78967], [20.41634, 44.78941], [20.41637, 44.78892], [20.41651, 44.78876], [20.41663, 44.78867], [20.41768, 44.7884], [20.41792, 44.78838], [20.41909, 44.78881], [20.42006, 44.78883], [20.42107, 44.78928], [20.42187, 44.78971], [20.42355, 44.79097], [20.42432, 44.79149], [20.42485, 44.79153], [20.42581, 44.79205], [20.42628, 44.79239], [20.42686, 44.79298], [20.42761, 44.79345], [20.42812, 44.79366], [20.42846, 44.79387], [20.42897, 44.79435], [20.42992, 44.79479], [20.43084, 44.7954], [20.432, 44.79596], [20.43236, 44.79595], [20.43405, 44.79666], [20.43647, 44.79752], [20.43682, 44.79738], [20.4373, 44.79705], [20.4376, 44.79707], [20.4385, 44.79744], [20.43888, 44.79767], [20.43953, 44.79829], [20.43976, 44.79861], [20.4402, 44.79889], [20.44108, 44.799], [20.44149, 44.79891], [20.44164, 44.79868], [20.44185, 44.79864], [20.44247, 44.79866], [20.44275, 44.79873], [20.44301, 44.79894], [20.44315, 44.79893], [20.4434, 44.79886], [20.44494, 44.80044], [20.44545, 44.8008], [20.44552, 44.80092], [20.44599, 44.80129], [20.44743, 44.80229], [20.44937, 44.80335], [20.4501, 44.80384], [20.45102, 44.80488], [20.45139, 44.80549], [20.45164, 44.80617], [20.45179, 44.80703], [20.45173, 44.80823], [20.45188, 44.80875], [20.45235, 44.80957], [20.45269, 44.81], [20.45274, 44.81018], [20.45309, 44.81038], [20.45327, 44.81069], [20.45321, 44.8108], [20.45284, 44.81095], [20.45219, 44.81159], [20.45158, 44.81188], [20.45108, 44.81207], [20.45111, 44.81219], [20.45175, 44.81284], [20.45224, 44.81324], [20.45236, 44.81328], [20.4525, 44.81323], [20.45259, 44.81335], [20.45257, 44.81346], [20.45223, 44.81354], [20.45164, 44.81386], [20.45118, 44.81458], [20.45124, 44.81467], [20.45141, 44.81467], [20.45265, 44.81428], [20.45325, 44.81426], [20.45333, 44.81435], [20.45313, 44.81479], [20.45277, 44.81523], [20.45259, 44.81532], [20.45228, 44.8153], [20.45154, 44.81517], [20.44134, 44.81463], [20.4409, 44.81466], [20.44076, 44.81481], [20.44016, 44.81476], [20.43998, 44.81492], [20.43935, 44.8149], [20.43924, 44.81581], [20.43885, 44.81657], [20.43835, 44.81717], [20.43777, 44.81759], [20.43694, 44.81802], [20.4356, 44.81858], [20.42322, 44.82416], [20.42146, 44.825], [20.42078, 44.82545], [20.42045, 44.82584], [20.42016, 44.82653], [20.41918, 44.83134], [20.41911, 44.83142], [20.41868, 44.83135], [20.41861, 44.83139], [20.41866, 44.83174], [20.41844, 44.8328], [20.41797, 44.83448], [20.41805, 44.83472], [20.4178, 44.83566], [20.4178, 44.83644], [20.41763, 44.83692], [20.41741, 44.83722], [20.41683, 44.83739], [20.41643, 44.83768], [20.41612, 44.83779], [20.41144, 44.83879], [20.41072, 44.8391], [20.40994, 44.83953], [20.40954, 44.83958], [20.40953, 44.83986], [20.40938, 44.83998], [20.40861, 44.84014], [20.40754, 44.84053], [20.40724, 44.84057], [20.40704, 44.84072], [20.40667, 44.84085], [20.40538, 44.84219], [20.40451, 44.84299], [20.40431, 44.84312], [20.40266, 44.84518], [20.40232, 44.84535], [20.40115, 44.84577], [20.40103, 44.84575], [20.39979, 44.84398], [20.39931, 44.8435], [20.39816, 44.84364], [20.39767, 44.84377], [20.39743, 44.84376], [20.3973, 44.84369], [20.3968, 44.84264]]}, "properties": {"id": 18565978930, "name": "Ride", "sport": "Ride", "date": "2026-05-19", "distance_km": 40.93, "moving_time_s": 6743, "elev_gain_m": 77, "avg_speed_kmh": 21.8, "avg_hr": null}}, {"type": "Feature", "geometry": {"type": "LineString", "coordinates": [[20.39676, 44.84265], [20.39722, 44.84346], [20.39742, 44.84366], [20.39754, 44.84374], [20.3977, 44.84376], [20.39872, 44.84363], [20.39926, 44.84349], [20.39942, 44.84351], [20.39998, 44.84427], [20.40055, 44.84496], [20.40104, 44.84576], [20.40108, 44.84577], [20.40109, 44.84583], [20.40126, 44.84592], [20.40169, 44.84647], [20.40192, 44.84683], [20.40218, 44.84706], [20.40224, 44.84708], [20.40237, 44.84704], [20.40296, 44.84674], [20.40321, 44.84665], [20.40343, 44.84663], [20.40409, 44.84665], [20.40489, 44.84658], [20.40558, 44.84646], [20.4062, 44.8464], [20.4067, 44.84643], [20.40739, 44.84654], [20.40816, 44.84655], [20.40834, 44.84654], [20.40892, 44.84638], [20.40909, 44.84636], [20.40979, 44.84652], [20.41102, 44.84654], [20.41151, 44.84662], [20.41232, 44.8467], [20.41338, 44.84687], [20.41433, 44.84689], [20.41448, 44.84684], [20.41466, 44.84666], [20.41484, 44.84634], [20.41502, 44.84611], [20.41512, 44.8461], [20.41522, 44.8462], [20.4153, 44.84622], [20.41545, 44.84612], [20.41574, 44.84578], [20.41611, 44.84517], [20.41634, 44.84497], [20.41669, 44.84424], [20.41687, 44.844], [20.41697, 44.84371], [20.41725, 44.84324], [20.41755, 44.84255], [20.41758, 44.84236], [20.41773, 44.84216], [20.41774, 44.84198], [20.41786, 44.84176], [20.4179, 44.84146], [20.41806, 44.84104], [20.41819, 44.84051], [20.41834, 44.84011], [20.41837, 44.83986], [20.41861, 44.83905], [20.41882, 44.83844], [20.41885, 44.83816], [20.41898, 44.8378], [20.41901, 44.8375], [20.41913, 44.83729], [20.41913, 44.83717], [20.41901, 44.83699], [20.419, 44.83673], [20.41921, 44.83615], [20.41927, 44.83569], [20.4194, 44.83513], [20.4195, 44.83479], [20.4195, 44.8346], [20.4196, 44.83434], [20.42007, 44.83256], [20.42046, 44.8315], [20.42053, 44.83119], [20.42091, 44.83033], [20.42104, 44.82991], [20.42137, 44.82925], [20.42208, 44.82799], [20.42221, 44.82744], [20.42226, 44.82677], [20.42233, 44.82642], [20.42257, 44.82608], [20.42302, 44.8256], [20.42393, 44.82487], [20.42452, 44.8245], [20.42473, 44.82433], [20.42483, 44.82427], [20.42515, 44.82423], [20.42524, 44.82419], [20.42555, 44.82395], [20.42612, 44.82363], [20.42631, 44.82348], [20.42725, 44.8229], [20.42732, 44.82289], [20.4274, 44.82284], [20.42761, 44.82279], [20.42781, 44.8227], [20.42825, 44.82249], [20.4289, 44.82212], [20.42917, 44.82201], [20.42972, 44.82193], [20.43046, 44.82178], [20.43103, 44.82171], [20.43383, 44.82154], [20.43485, 44.82158], [20.43504, 44.82148], [20.43524, 44.82115], [20.43532, 44.82111], [20.43569, 44.8211], [20.43616, 44.82127], [20.43666, 44.82133], [20.43716, 44.82134], [20.43742, 44.82137], [20.43799, 44.82156], [20.43859, 44.82168], [20.43894, 44.8217], [20.4394, 44.82165], [20.43989, 44.82176], [20.43998, 44.82187], [20.44021, 44.82242], [20.44021, 44.82278], [20.44033, 44.82286], [20.44053, 44.8229], [20.44058, 44.82289], [20.44049, 44.82284], [20.44025, 44.8228], [20.44017, 44.82274], [20.44023, 44.82246], [20.43988, 44.82175], [20.43983, 44.82171], [20.43953, 44.82169], [20.43933, 44.82163], [20.43943, 44.8216], [20.43946, 44.82164], [20.4395, 44.82156], [20.43965, 44.82151], [20.43967, 44.82145], [20.43903, 44.82026], [20.43835, 44.81906], [20.43749, 44.8181], [20.43725, 44.81789], [20.43725, 44.81783], [20.43738, 44.81774], [20.4374, 44.8175], [20.4373, 44.81742], [20.43724, 44.81743], [20.43703, 44.81755], [20.43697, 44.81755], [20.43692, 44.81753], [20.43474, 44.81502], [20.43473, 44.81495], [20.43483, 44.81489], [20.43534, 44.81484], [20.43574, 44.81474], [20.43617, 44.81467], [20.43784, 44.81452], [20.43827, 44.8145], [20.43846, 44.81453], [20.43852, 44.81448], [20.43849, 44.81419], [20.43837, 44.81416], [20.43796, 44.81416], [20.43681, 44.81421], [20.43599, 44.81435], [20.43591, 44.81435], [20.43569, 44.8143], [20.4349, 44.81449], [20.43446, 44.81469], [20.43439, 44.81469], [20.43429, 44.81465], [20.43401, 44.81429], [20.43358, 44.81384], [20.43332, 44.81349], [20.43306, 44.81324], [20.43247, 44.81256], [20.43219, 44.81232], [20.43185, 44.81191], [20.43167, 44.81176], [20.43163, 44.81165], [20.43137, 44.8114], [20.43003, 44.80992], [20.42977, 44.80959], [20.42859, 44.80833], [20.42793, 44.8076], [20.42786, 44.80747], [20.42752, 44.80718], [20.42708, 44.80665], [20.42682, 44.80641], [20.42624, 44.80574], [20.42604, 44.80559], [20.42598, 44.80558], [20.4258, 44.80564], [20.42527, 44.80593], [20.42462, 44.80624], [20.42292, 44.80699], [20.42145, 44.80767], [20.42027, 44.80819], [20.42019, 44.80825], [20.42019, 44.80831], [20.42022, 44.80831], [20.42017, 44.80827], [20.42023, 44.80821], [20.42588, 44.80564], [20.42605, 44.80561], [20.42614, 44.80564], [20.42733, 44.80697], [20.42761, 44.8072], [20.42809, 44.80779], [20.42843, 44.80812], [20.42947, 44.8093], [20.42994, 44.80978], [20.43037, 44.81032], [20.43066, 44.81058], [20.43118, 44.81121], [20.43203, 44.81209], [20.43332, 44.81354], [20.43362, 44.81392], [20.43433, 44.81467], [20.43437, 44.81469], [20.4346, 44.81464], [20.435, 44.81447], [20.43573, 44.81433], [20.43607, 44.81439], [20.43698, 44.81421], [20.43789, 44.81416], [20.43847, 44.81418], [20.43852, 44.81422], [20.43857, 44.81433], [20.43855, 44.81447], [20.4385, 44.81455], [20.43845, 44.81458], [20.43756, 44.81457], [20.43689, 44.81462], [20.43602, 44.81473], [20.43488, 44.81491], [20.43473, 44.81495], [20.43466, 44.815], [20.43488, 44.8152], [20.4358, 44.81622], [20.43636, 44.8169], [20.43699, 44.8176], [20.43707, 44.81763], [20.43721, 44.81754], [20.43728, 44.81753], [20.43757, 44.81767], [20.43754, 44.81773], [20.4373, 44.81782], [20.43726, 44.8179], [20.43793, 44.81856], [20.43828, 44.81897], [20.43852, 44.81931], [20.43944, 44.82106], [20.43964, 44.82149], [20.43963, 44.82155], [20.43938, 44.82165], [20.43908, 44.8217], [20.43854, 44.82169], [20.43811, 44.8216], [20.43731, 44.82138], [20.43644, 44.82132], [20.4359, 44.82124], [20.43561, 44.82115], [20.43542, 44.82112], [20.43513, 44.82125], [20.43507, 44.82132], [20.43493, 44.82156], [20.43471, 44.82163], [20.43448, 44.82163], [20.43425, 44.82158], [20.4337, 44.82157], [20.43106, 44.82173], [20.43043, 44.82181], [20.42908, 44.82207], [20.42832, 44.82248], [20.42766, 44.82279], [20.42708, 44.82297], [20.42672, 44.82328], [20.42634, 44.82348], [20.42548, 44.824], [20.42507, 44.82427], [20.42455, 44.8244], [20.42436, 44.82462], [20.4238, 44.82498], [20.42281, 44.82582], [20.42248, 44.82623], [20.42231, 44.82653], [20.42217, 44.8277], [20.422, 44.8282], [20.42174, 44.82858], [20.42169, 44.82876], [20.42125, 44.82949], [20.42065, 44.8309], [20.4202, 44.83222], [20.42011, 44.83239], [20.41998, 44.83286], [20.41996, 44.83309], [20.41973, 44.83372], [20.4192, 44.8362], [20.41907, 44.8365], [20.41899, 44.83689], [20.41902, 44.83698], [20.41893, 44.83708], [20.41875, 44.8378], [20.41852, 44.83848], [20.41775, 44.8414], [20.41752, 44.84194], [20.41689, 44.84331], [20.41647, 44.84405], [20.41611, 44.84459], [20.41564, 44.8452], [20.41515, 44.84598], [20.41458, 44.8467], [20.41452, 44.84686], [20.41445, 44.84693], [20.41399, 44.84686], [20.41303, 44.84682], [20.41057, 44.84652], [20.4101, 44.84649], [20.40953, 44.84649], [20.4091, 44.84642], [20.40908, 44.84632], [20.40927, 44.84613], [20.40986, 44.84564], [20.40984, 44.84557], [20.4075, 44.84388], [20.40569, 44.8424], [20.40535, 44.84225], [20.40518, 44.84228], [20.40431, 44.84314], [20.40361, 44.84394], [20.40308, 44.84461], [20.40268, 44.84515], [20.40237, 44.84534], [20.40186, 44.84553], [20.40153, 44.84562], [20.40131, 44.84572], [20.40105, 44.84577], [20.40097, 44.84559], [20.40045, 44.84486], [20.40016, 44.84452], [20.3998, 44.844], [20.39918, 44.84337], [20.39869, 44.84274], [20.39836, 44.84242], [20.39779, 44.84177]]}, "properties": {"id": 18557809222, "name": "Quick", "sport": "Ride", "date": "2026-05-18", "distance_km": 19.13, "moving_time_s": 2957, "elev_gain_m": 48, "avg_speed_kmh": 23.3, "avg_hr": null}}, {"type": "Feature", "geometry": {"type": "LineString", "coordinates": [[20.42296, 44.82503], [20.42366, 44.82486], [20.42381, 44.82477], [20.42405, 44.82454], [20.42436, 44.82441], [20.42457, 44.82435], [20.42463, 44.82431], [20.42478, 44.82413], [20.42502, 44.82395], [20.42519, 44.82379], [20.42539, 44.82364], [20.42559, 44.82346], [20.4257, 44.82339], [20.42591, 44.82331], [20.42634, 44.8231], [20.42652, 44.82304], [20.42669, 44.82297], [20.42704, 44.82289], [20.42731, 44.82277], [20.42772, 44.82262], [20.42822, 44.82236], [20.42856, 44.82214], [20.42881, 44.822], [20.42881, 44.82197], [20.42895, 44.82195], [20.42909, 44.8219], [20.42932, 44.82188], [20.42937, 44.8219], [20.42939, 44.82193], [20.42944, 44.82192], [20.42954, 44.82189], [20.42998, 44.8218], [20.43019, 44.82172], [20.43041, 44.82166], [20.43059, 44.82163], [20.43184, 44.82156], [20.43208, 44.82153], [20.43252, 44.8215], [20.43305, 44.82148], [20.43349, 44.82145], [20.43397, 44.82141], [20.43404, 44.82139], [20.43406, 44.82135], [20.43413, 44.82136], [20.43421, 44.82139], [20.43464, 44.82119], [20.43502, 44.82107], [20.43558, 44.82101], [20.4359, 44.82106], [20.43623, 44.8212], [20.43642, 44.82125], [20.43737, 44.82136], [20.43797, 44.82153], [20.43859, 44.82166], [20.43882, 44.82167], [20.43916, 44.82165], [20.43944, 44.82158], [20.43979, 44.82139], [20.43982, 44.82135], [20.4398, 44.8213], [20.44005, 44.82114], [20.44024, 44.82081], [20.44039, 44.82043], [20.44043, 44.82029], [20.44049, 44.81986], [20.44056, 44.81956], [20.44064, 44.81937], [20.44069, 44.81917], [20.44085, 44.81883], [20.44097, 44.81864], [20.44106, 44.81853], [20.44127, 44.81836], [20.44147, 44.81814], [20.44157, 44.81807], [20.44221, 44.81772], [20.44233, 44.81763], [20.4424, 44.81754], [20.44243, 44.81741], [20.44243, 44.81728], [20.44229, 44.81697], [20.44228, 44.81687], [20.44225, 44.8167], [20.44222, 44.81665], [20.44204, 44.81644], [20.44201, 44.81638], [20.44207, 44.8162], [20.44205, 44.81605], [20.44206, 44.81593], [20.44212, 44.81583], [20.44219, 44.81575], [20.44231, 44.81568], [20.44249, 44.81565], [20.44252, 44.81561], [20.44269, 44.8156], [20.44277, 44.81552], [20.44291, 44.8153], [20.44302, 44.81524], [20.44312, 44.81521], [20.44339, 44.8152], [20.44357, 44.81522], [20.44414, 44.81524], [20.44427, 44.81531], [20.44438, 44.81538], [20.44442, 44.81542], [20.44449, 44.81554], [20.44453, 44.81569], [20.44453, 44.81572], [20.44449, 44.81587], [20.44438, 44.81611], [20.44436, 44.81619], [20.44409, 44.81646], [20.44387, 44.81657], [20.44363, 44.81661], [20.44338, 44.81663], [20.44327, 44.81667], [20.44318, 44.81672], [20.44315, 44.81675], [20.44313, 44.81684], [20.44314, 44.81689], [20.44319, 44.81701], [20.44319, 44.81705], [20.44316, 44.8171], [20.44311, 44.81714], [20.44298, 44.81717], [20.44296, 44.81722], [20.44288, 44.81729], [20.44271, 44.81725], [20.44266, 44.81726], [20.44261, 44.81731], [20.44243, 44.81738], [20.44239, 44.81742], [20.44234, 44.81758], [20.44225, 44.81767], [20.44189, 44.81789], [20.44167, 44.81799], [20.44148, 44.81811], [20.441, 44.81857], [20.44092, 44.81868], [20.44074, 44.819], [20.44074, 44.81905], [20.44077, 44.81909], [20.44074, 44.81911], [20.44069, 44.81911], [20.44066, 44.81915], [20.44051, 44.81971], [20.44051, 44.81974], [20.44054, 44.81981], [20.44047, 44.8199], [20.44046, 44.82002], [20.44047, 44.82007], [20.44041, 44.82015], [20.44039, 44.82029], [20.44039, 44.82038], [20.44033, 44.82051], [20.4403, 44.82066], [20.44007, 44.82105], [20.44006, 44.8211], [20.4401, 44.8211], [20.4401, 44.82112], [20.44004, 44.82121], [20.43982, 44.82131], [20.43979, 44.82135], [20.43975, 44.82138], [20.43975, 44.8214], [20.43972, 44.82143], [20.43961, 44.82146], [20.43932, 44.82159], [20.43917, 44.82164], [20.43895, 44.82166], [20.43858, 44.82165], [20.43806, 44.82156], [20.43785, 44.8215], [20.43769, 44.82144], [20.43734, 44.82136], [20.43689, 44.82132], [20.43638, 44.82124], [20.43599, 44.82109], [20.43576, 44.82103], [20.4353, 44.82102], [20.43492, 44.8211], [20.43425, 44.82134], [20.43368, 44.82144], [20.43315, 44.82148], [20.43297, 44.82147], [20.43255, 44.82149], [20.43204, 44.82153], [20.43165, 44.82158], [20.4314, 44.82158], [20.43084, 44.82163], [20.43066, 44.82163], [20.4302, 44.82171], [20.42976, 44.82186], [20.42947, 44.8219], [20.42897, 44.82195], [20.42882, 44.82199], [20.42871, 44.82203], [20.42839, 44.82222], [20.42822, 44.82236], [20.42804, 44.82244], [20.42783, 44.82257], [20.42698, 44.82288], [20.42687, 44.8229], [20.42661, 44.82299], [20.4263, 44.82311], [20.42593, 44.8233], [20.4255, 44.82349], [20.42513, 44.82382], [20.42474, 44.82414], [20.42455, 44.82433], [20.42449, 44.82437], [20.4243, 44.82439], [20.42397, 44.82458], [20.42394, 44.82461], [20.42398, 44.82464], [20.42395, 44.82471], [20.42398, 44.82474], [20.42396, 44.82476], [20.42377, 44.82479], [20.4237, 44.82484], [20.42345, 44.82493], [20.42329, 44.82495], [20.42313, 44.825], [20.42269, 44.8251], [20.42256, 44.82517], [20.42241, 44.82521], [20.42216, 44.82534], [20.42207, 44.82539], [20.42194, 44.82556], [20.42182, 44.82566], [20.42176, 44.82574], [20.42171, 44.82582], [20.42167, 44.82596], [20.42157, 44.82608], [20.42152, 44.82617], [20.42136, 44.82627], [20.42102, 44.82653], [20.42088, 44.82667], [20.42084, 44.82669], [20.42083, 44.82673], [20.42087, 44.82681], [20.42087, 44.82685], [20.42086, 44.82693], [20.42082, 44.82715], [20.42078, 44.82725], [20.42076, 44.82735], [20.42073, 44.82738], [20.42078, 44.82731], [20.42079, 44.82719], [20.42082, 44.82713], [20.4208, 44.82695]]}, "properties": {"id": 18547951396, "name": "Nice run", "sport": "Run", "date": "2026-05-17", "distance_km": 5.5, "moving_time_s": 2033, "elev_gain_m": 0, "avg_speed_kmh": 9.7, "avg_hr": null}}, {"type": "Feature", "geometry": {"type": "LineString", "coordinates": [[20.39763, 44.84174], [20.39772, 44.84166], [20.39751, 44.84145], [20.39753, 44.84137], [20.39872, 44.84122], [20.40021, 44.84123], [20.40185, 44.8414], [20.40259, 44.84135], [20.40407, 44.84144], [20.40424, 44.84137], [20.40107, 44.83426], [20.39957, 44.83062], [20.3994, 44.82999], [20.39954, 44.82984], [20.40265, 44.82852], [20.40387, 44.82792], [20.40376, 44.82766], [20.40178, 44.82542], [20.40178, 44.82523], [20.405, 44.82373], [20.40524, 44.8236], [20.40543, 44.82335], [20.40639, 44.82283], [20.40951, 44.82139], [20.40995, 44.82114], [20.41002, 44.82103], [20.40908, 44.8199], [20.40598, 44.81649], [20.4051, 44.81554], [20.40481, 44.81534], [20.40479, 44.8152], [20.40437, 44.81481], [20.40328, 44.8135], [20.40284, 44.81311], [20.4032, 44.81288], [20.40298, 44.81252], [20.4028, 44.81243], [20.40131, 44.81081], [20.40041, 44.80973], [20.40038, 44.80959], [20.40016, 44.80944], [20.39978, 44.80886], [20.39945, 44.80804], [20.39931, 44.80714], [20.39933, 44.80658], [20.39944, 44.80637], [20.39962, 44.80482], [20.39961, 44.80433], [20.39978, 44.80426], [20.40009, 44.80429], [20.40026, 44.80428], [20.39998, 44.80427], [20.4016, 44.80427], [20.40356, 44.80416], [20.40391, 44.80428], [20.4043, 44.80416], [20.40464, 44.80419], [20.41268, 44.80383], [20.41632, 44.80366], [20.41697, 44.80358], [20.41715, 44.80367], [20.41751, 44.8037], [20.41958, 44.8036], [20.42051, 44.80352], [20.42053, 44.80346], [20.42065, 44.80344], [20.42164, 44.80337], [20.42285, 44.803], [20.42403, 44.80234], [20.4244, 44.80195], [20.4246, 44.80156], [20.4264, 44.79317], [20.42638, 44.79277], [20.42607, 44.79243], [20.42412, 44.79133], [20.42168, 44.78961], [20.42034, 44.78895], [20.41979, 44.78881], [20.41903, 44.7888], [20.41784, 44.78839], [20.41651, 44.78875], [20.41635, 44.789], [20.41629, 44.78951], [20.41613, 44.78968], [20.41553, 44.78959], [20.41447, 44.78972], [20.41416, 44.78967], [20.41423, 44.78969], [20.41411, 44.78971], [20.41339, 44.79016], [20.41333, 44.79024], [20.41344, 44.79025], [20.41341, 44.79017], [20.41307, 44.79032], [20.41277, 44.7903], [20.41265, 44.79046], [20.41131, 44.79035], [20.41094, 44.79041], [20.41045, 44.79031], [20.41039, 44.79026], [20.41049, 44.79015], [20.41253, 44.79042], [20.41272, 44.79038], [20.41281, 44.79029], [20.41318, 44.79028], [20.4144, 44.7895], [20.4145, 44.78928], [20.41501, 44.78911], [20.41537, 44.78889], [20.41559, 44.78841], [20.41551, 44.78785], [20.41542, 44.78773], [20.41492, 44.78751], [20.41389, 44.7872], [20.41122, 44.78689], [20.41111, 44.78673], [20.411, 44.7867], [20.40965, 44.78669], [20.40966, 44.78646], [20.40976, 44.78643], [20.40956, 44.78633], [20.40951, 44.78645], [20.40975, 44.78651], [20.4097, 44.78671], [20.40972, 44.78664], [20.40979, 44.78671], [20.41029, 44.78673], [20.41104, 44.78668], [20.41125, 44.78692], [20.41383, 44.78719], [20.4148, 44.78746], [20.4155, 44.78782], [20.41556, 44.78849], [20.4153, 44.78888], [20.41449, 44.78923], [20.41444, 44.78948], [20.41376, 44.78996], [20.41318, 44.79027], [20.41282, 44.79028], [20.4127, 44.79043], [20.41241, 44.79047], [20.41237, 44.79065], [20.41214, 44.79085], [20.41106, 44.7916], [20.41089, 44.79181], [20.41025, 44.79215], [20.4101, 44.79236], [20.40931, 44.79294], [20.40826, 44.79332], [20.40717, 44.7933], [20.40691, 44.79313], [20.40658, 44.79272], [20.40618, 44.79259], [20.40582, 44.79221], [20.40559, 44.79208], [20.40475, 44.79189], [20.40379, 44.79185], [20.40305, 44.7917], [20.40289, 44.79161], [20.40411, 44.78881], [20.40396, 44.78881], [20.40348, 44.78903], [20.40335, 44.78904], [20.40281, 44.78888], [20.40228, 44.78861], [20.40187, 44.78865], [20.40132, 44.7885], [20.39932, 44.7884], [20.39862, 44.78843], [20.3963, 44.78822], [20.39594, 44.78826], [20.3931, 44.78779], [20.39098, 44.78729], [20.38903, 44.78657], [20.38736, 44.7858], [20.38328, 44.7835], [20.38166, 44.78273], [20.38067, 44.78233], [20.37947, 44.78194], [20.37726, 44.78152], [20.37615, 44.78113], [20.37558, 44.78085], [20.37471, 44.78028], [20.37378, 44.77934], [20.37303, 44.77881], [20.37295, 44.77864], [20.37248, 44.77833], [20.37233, 44.77814], [20.37244, 44.77792], [20.37314, 44.77727], [20.37426, 44.77626], [20.37447, 44.77618], [20.37503, 44.77626], [20.37553, 44.77651], [20.37583, 44.77643], [20.37632, 44.77657], [20.377, 44.77696], [20.37791, 44.77764], [20.37915, 44.77827], [20.38026, 44.77871], [20.38197, 44.7795], [20.3828, 44.77952], [20.38323, 44.77965], [20.38431, 44.78042], [20.38459, 44.78047], [20.38584, 44.78089], [20.38691, 44.78139], [20.38813, 44.78183], [20.38919, 44.78205], [20.38955, 44.78206], [20.39042, 44.78238], [20.3906, 44.78237], [20.39118, 44.78259], [20.39142, 44.78261], [20.39299, 44.78307], [20.39368, 44.78323], [20.39448, 44.78332], [20.39508, 44.78351], [20.39552, 44.78356], [20.39695, 44.78411], [20.39973, 44.7848], [20.40081, 44.78497], [20.40139, 44.78496], [20.40422, 44.78517], [20.40562, 44.78551], [20.40605, 44.78575], [20.40644, 44.78575], [20.40683, 44.78585], [20.40705, 44.78596], [20.40733, 44.78625], [20.40772, 44.78641], [20.40868, 44.7866], [20.40964, 44.78669], [20.4097, 44.78652], [20.40969, 44.78656], [20.40965, 44.78643], [20.40956, 44.78646], [20.40952, 44.78639], [20.40959, 44.78651], [20.40964, 44.78645], [20.40975, 44.78669], [20.4111, 44.78669], [20.41125, 44.7869], [20.41377, 44.78717], [20.41477, 44.78744], [20.41554, 44.78782], [20.41557, 44.78847], [20.41553, 44.78852], [20.41521, 44.7885], [20.41557, 44.78852], [20.41523, 44.78893], [20.41443, 44.78928], [20.41442, 44.78947], [20.4142, 44.78963], [20.41421, 44.78971], [20.4145, 44.78973], [20.41543, 44.7896], [20.4162, 44.78968], [20.41636, 44.78898], [20.41654, 44.78874], [20.41772, 44.7884], [20.41801, 44.78841], [20.41909, 44.78881], [20.41993, 44.78881], [20.4209, 44.7892], [20.42183, 44.7897], [20.42411, 44.79131], [20.42569, 44.79217], [20.42619, 44.79251], [20.4264, 44.79278], [20.42641, 44.79314], [20.42472, 44.8012], [20.42455, 44.80171], [20.42429, 44.80209], [20.42387, 44.80246], [20.42341, 44.80274], [20.42231, 44.80319], [20.4215, 44.80339], [20.42091, 44.80346], [20.41802, 44.8036], [20.41771, 44.80355], [20.41738, 44.80362], [20.41696, 44.80357], [20.41676, 44.80364], [20.41594, 44.80369], [20.4047, 44.80419], [20.4042, 44.80417], [20.40411, 44.80428], [20.40417, 44.80457], [20.40399, 44.80507], [20.40381, 44.80633], [20.40391, 44.80703], [20.40419, 44.8075], [20.40493, 44.80837], [20.4073, 44.81095], [20.40488, 44.8118], [20.403, 44.81256], [20.40318, 44.81287], [20.40336, 44.81299], [20.40369, 44.81346], [20.40407, 44.81389], [20.40472, 44.81456], [20.40499, 44.81468], [20.40488, 44.81475], [20.40515, 44.81501], [20.40515, 44.8151], [20.40478, 44.81523], [20.40468, 44.81538], [20.40096, 44.81707], [20.40069, 44.81714], [20.39884, 44.81805], [20.39841, 44.81819], [20.3964, 44.81914], [20.39613, 44.81936], [20.39609, 44.81979], [20.3966, 44.82129], [20.39686, 44.82158], [20.39674, 44.82176], [20.39686, 44.82229], [20.397, 44.82243], [20.39715, 44.82301], [20.39727, 44.82312], [20.39722, 44.82334], [20.39754, 44.82464], [20.39818, 44.82637], [20.3979, 44.82644], [20.39785, 44.82661], [20.39642, 44.8269], [20.39028, 44.8274], [20.38856, 44.82766], [20.38818, 44.8278], [20.39009, 44.8324], [20.3903, 44.8327], [20.39082, 44.83326], [20.39088, 44.83361], [20.39072, 44.8345], [20.39087, 44.83487], [20.39836, 44.83563], [20.39845, 44.83601], [20.39912, 44.83734], [20.4009, 44.83974], [20.40111, 44.84013], [20.40099, 44.84022], [20.3998, 44.84041], [20.39793, 44.84085]]}, "properties": {"id": 18516920218, "name": "Xd", "sport": "Ride", "date": "2026-05-15", "distance_km": 32.14, "moving_time_s": 9568, "elev_gain_m": 88, "avg_speed_kmh": 12.1, "avg_hr": null}}, {"type": "Feature", "geometry": {"type": "LineString", "coordinates": [[20.42326, 44.82496], [20.4235, 44.82491], [20.42366, 44.82485], [20.42385, 44.82473], [20.42389, 44.82468], [20.42411, 44.82453], [20.42424, 44.82448], [20.42434, 44.82442], [20.42453, 44.82439], [20.4246, 44.82435], [20.42467, 44.82429], [20.42473, 44.82418], [20.42481, 44.82408], [20.42507, 44.82389], [20.42567, 44.8234], [20.42592, 44.82332], [20.42607, 44.82323], [20.42651, 44.82304], [20.4267, 44.82297], [20.42703, 44.82289], [20.42729, 44.82277], [20.42786, 44.82257], [20.42805, 44.82247], [20.42837, 44.82228], [20.42864, 44.82208], [20.42879, 44.822], [20.42899, 44.82193], [20.42922, 44.82191], [20.4295, 44.8219], [20.42977, 44.82186], [20.42997, 44.82182], [20.43015, 44.82172], [20.43036, 44.82167], [20.43082, 44.82162], [20.43157, 44.82157], [20.43182, 44.82158], [20.43224, 44.82151], [20.43251, 44.82151], [20.4329, 44.82148], [20.43348, 44.82146], [20.43397, 44.82141], [20.43428, 44.82133], [20.43461, 44.8212], [20.43497, 44.82109], [20.43542, 44.82102], [20.43555, 44.82101], [20.43574, 44.82103], [20.43593, 44.82107], [20.43623, 44.82119], [20.43646, 44.82126], [20.43689, 44.82132], [20.43724, 44.82134], [20.43759, 44.82141], [20.43798, 44.82153], [20.43851, 44.82164], [20.43886, 44.82167], [20.43911, 44.82166], [20.43929, 44.82163], [20.43949, 44.82167], [20.43955, 44.82166], [20.43966, 44.8216], [20.43983, 44.8213], [20.43998, 44.82119], [20.44026, 44.82076], [20.44039, 44.82044], [20.4405, 44.81978], [20.44053, 44.81972], [20.44056, 44.81954], [20.44067, 44.81918], [20.44072, 44.8191], [20.44081, 44.81886], [20.44094, 44.81868], [20.44099, 44.81858], [20.44115, 44.81843], [20.44127, 44.81835], [20.44137, 44.81823], [20.44149, 44.81812], [20.44164, 44.81802], [20.44222, 44.81771], [20.44235, 44.81761], [20.4424, 44.81753], [20.44237, 44.81745], [20.44245, 44.81734], [20.44243, 44.81726], [20.44232, 44.81704], [20.44224, 44.81672], [20.44202, 44.81639], [20.44201, 44.81634], [20.44207, 44.81612], [20.44206, 44.8159], [20.44212, 44.81578], [20.44223, 44.81572], [20.44269, 44.81558], [20.44274, 44.81553], [20.44288, 44.81533], [20.44295, 44.81526], [20.44306, 44.81521], [20.44324, 44.81518], [20.44343, 44.81518], [20.44375, 44.81523], [20.44418, 44.81525], [20.44429, 44.81529], [20.44442, 44.8154], [20.44451, 44.81552], [20.44455, 44.8157], [20.44453, 44.81583], [20.44448, 44.81599], [20.44437, 44.8162], [20.44417, 44.81641], [20.44403, 44.8165], [20.44387, 44.81657], [20.44374, 44.8166], [20.44335, 44.81664], [20.44318, 44.81671], [20.44315, 44.81676], [20.44314, 44.81685], [20.44317, 44.81693], [20.44323, 44.817], [20.44318, 44.81709], [20.44314, 44.81712], [20.44269, 44.81729], [20.44256, 44.81732], [20.44246, 44.81737], [20.44242, 44.81741], [20.44237, 44.81757], [20.44226, 44.81769], [20.44218, 44.81775], [20.44156, 44.81806], [20.44152, 44.81813], [20.44143, 44.81817], [20.4414, 44.8182], [20.44141, 44.81823], [20.4413, 44.8183], [20.44108, 44.81849], [20.44086, 44.81878], [20.44082, 44.81887], [20.44076, 44.81894], [20.44065, 44.819], [20.44057, 44.81899], [20.44058, 44.81904], [20.44068, 44.81916], [20.44049, 44.8198], [20.44044, 44.82006], [20.44045, 44.8202], [20.4403, 44.82067], [20.44031, 44.82072], [20.44024, 44.82082], [20.44022, 44.82088], [20.4401, 44.821], [20.43999, 44.82117], [20.43985, 44.82132], [20.43982, 44.82137], [20.43971, 44.82144], [20.43932, 44.82159], [20.43921, 44.82161], [20.43917, 44.82165], [20.43861, 44.82166], [20.43786, 44.8215], [20.43733, 44.82135], [20.437, 44.82131], [20.43664, 44.82129], [20.43639, 44.82125], [20.43626, 44.82121], [20.43591, 44.82107], [20.43563, 44.82101], [20.43552, 44.821], [20.43509, 44.82105], [20.43496, 44.82108], [20.4348, 44.82115], [20.43456, 44.82123], [20.43418, 44.82139], [20.43392, 44.82145], [20.4327, 44.82149], [20.43265, 44.82149], [20.43262, 44.82146], [20.43246, 44.82152], [20.43236, 44.82152], [20.43231, 44.82149], [20.43219, 44.82153], [20.432, 44.82155], [20.43195, 44.82157], [20.43194, 44.82159], [20.43194, 44.82158], [20.4318, 44.82161], [20.43168, 44.82161], [20.43151, 44.82157], [20.43116, 44.82158], [20.43094, 44.82161], [20.4309, 44.82163], [20.43079, 44.82162], [20.43068, 44.82167], [20.43045, 44.82166], [20.43031, 44.82168], [20.42986, 44.82184], [20.42966, 44.82188], [20.42957, 44.82187], [20.42944, 44.82191], [20.42937, 44.8219], [20.42907, 44.82193], [20.42886, 44.82197], [20.42862, 44.82208], [20.42816, 44.82239], [20.42789, 44.82254], [20.4279, 44.82255], [20.42786, 44.82257], [20.42706, 44.82285], [20.42669, 44.82296], [20.42653, 44.82305], [20.42639, 44.82309], [20.42565, 44.82339], [20.42555, 44.82346], [20.42544, 44.82356], [20.42476, 44.82409], [20.42453, 44.82434], [20.42424, 44.82443], [20.42402, 44.82453], [20.42381, 44.82473], [20.42361, 44.82486], [20.42348, 44.82491], [20.42286, 44.82505], [20.4226, 44.82515], [20.42249, 44.82517], [20.42208, 44.82536], [20.42174, 44.82575], [20.42174, 44.82583], [20.42167, 44.82587], [20.42166, 44.82591], [20.42161, 44.82601], [20.42157, 44.82602], [20.42157, 44.82601], [20.42158, 44.82598], [20.42161, 44.82601], [20.42161, 44.82605], [20.42153, 44.82608], [20.42148, 44.82612], [20.42131, 44.82628], [20.42101, 44.82652], [20.42084, 44.82673], [20.42083, 44.82683], [20.4208, 44.8269], [20.42079, 44.8271], [20.42071, 44.82745], [20.42076, 44.82758], [20.42081, 44.82764], [20.4209, 44.82768], [20.42131, 44.82772], [20.42146, 44.82778], [20.42184, 44.82788], [20.42196, 44.8279], [20.42199, 44.82789], [20.42213, 44.82775], [20.42219, 44.82755], [20.42223, 44.82739], [20.42228, 44.82672]]}, "properties": {"id": 18495112845, "name": "Runic", "sport": "Run", "date": "2026-05-13", "distance_km": 5.85, "moving_time_s": 2085, "elev_gain_m": 0, "avg_speed_kmh": 10.1, "avg_hr": null}}, {"type": "Feature", "geometry": {"type": "LineString", "coordinates": [[20.39679, 44.84268], [20.39697, 44.84299], [20.39717, 44.8434], [20.39738, 44.84363], [20.39749, 44.8437], [20.39757, 44.84372], [20.39771, 44.84372], [20.39885, 44.84358], [20.39922, 44.84347], [20.39934, 44.84349], [20.39944, 44.84354], [20.39959, 44.84373], [20.3998, 44.84394], [20.39999, 44.84422], [20.40019, 44.84446], [20.40073, 44.84524], [20.40101, 44.84568], [20.40105, 44.84572], [20.40114, 44.84575], [20.40133, 44.84605], [20.40142, 44.84614], [20.40147, 44.84616], [20.40147, 44.84621], [20.40154, 44.84629], [20.40162, 44.84641], [20.40206, 44.84691], [20.4021, 44.84695], [20.40221, 44.84699], [20.40227, 44.847], [20.40232, 44.84699], [20.40244, 44.84691], [20.40264, 44.84685], [20.40293, 44.84671], [20.40314, 44.84666], [20.40338, 44.84664], [20.40403, 44.84663], [20.40463, 44.8466], [20.40567, 44.84644], [20.40607, 44.8464], [20.40655, 44.84643], [20.40671, 44.84647], [20.40707, 44.84653], [20.40791, 44.84656], [20.40844, 44.84652], [20.40883, 44.84641], [20.40911, 44.84637], [20.40982, 44.84651], [20.41053, 44.84653], [20.41087, 44.84655], [20.41169, 44.84664], [20.41327, 44.84684], [20.41413, 44.84689], [20.41428, 44.84687], [20.4144, 44.84684], [20.41453, 44.84677], [20.41461, 44.8467], [20.41477, 44.84645], [20.41489, 44.8462], [20.41495, 44.84614], [20.41506, 44.84613], [20.4152, 44.84617], [20.41529, 44.84617], [20.41537, 44.84614], [20.4158, 44.84562], [20.41629, 44.84491], [20.41635, 44.8448], [20.4165, 44.84463], [20.41667, 44.84426], [20.41684, 44.84402], [20.41703, 44.84363], [20.4171, 44.84342], [20.41729, 44.84317], [20.41735, 44.84301], [20.41741, 44.84273], [20.4175, 44.84245], [20.41766, 44.84225], [20.4177, 44.84219], [20.41782, 44.84171], [20.41809, 44.84082], [20.41839, 44.83971], [20.41861, 44.83905], [20.41871, 44.83883], [20.41894, 44.83779], [20.41907, 44.8375], [20.41915, 44.83718], [20.41913, 44.83709], [20.41906, 44.837], [20.41901, 44.83691], [20.419, 44.8368], [20.41908, 44.83656], [20.41913, 44.83622], [20.41921, 44.83602], [20.41922, 44.83579], [20.41946, 44.8349], [20.4196, 44.8342], [20.41969, 44.83397], [20.41987, 44.83319], [20.41994, 44.83295], [20.42012, 44.8324], [20.42028, 44.83201], [20.42035, 44.83171], [20.42043, 44.83146], [20.4206, 44.83102], [20.42087, 44.83042], [20.42105, 44.8299], [20.42116, 44.82974], [20.42126, 44.82949], [20.42155, 44.82891], [20.42203, 44.8281], [20.42205, 44.82797], [20.42216, 44.82763], [20.42223, 44.82719], [20.42228, 44.82672], [20.42238, 44.82634], [20.42254, 44.82611], [20.42272, 44.8259], [20.42326, 44.82538], [20.42393, 44.82485], [20.42441, 44.82456], [20.42455, 44.82445], [20.42466, 44.82433], [20.42475, 44.8243], [20.42508, 44.82425], [20.42517, 44.82421], [20.42546, 44.82397], [20.42598, 44.82368], [20.4264, 44.82341], [20.42692, 44.82313], [20.42714, 44.82295], [20.42732, 44.82286], [20.42761, 44.82278], [20.4278, 44.82271], [20.42806, 44.82257], [20.42843, 44.82241], [20.42891, 44.82213], [20.42918, 44.82202], [20.42982, 44.82191], [20.43023, 44.82182], [20.43087, 44.82173], [20.43274, 44.82161], [20.43318, 44.82159], [20.43389, 44.82154], [20.43456, 44.82159], [20.43479, 44.82158], [20.43489, 44.82155], [20.43506, 44.82143], [20.43511, 44.82136], [20.43517, 44.82122], [20.43524, 44.82116], [20.43533, 44.82113], [20.43544, 44.82111], [20.43565, 44.82112], [20.43595, 44.82123], [20.43623, 44.82129], [20.43671, 44.82134], [20.43708, 44.82135], [20.43736, 44.82138], [20.43761, 44.82144], [20.43785, 44.82152], [20.43842, 44.82164], [20.43866, 44.82167], [20.43905, 44.82167], [20.43912, 44.82166], [20.43926, 44.82161], [20.43932, 44.82162], [20.43933, 44.82164], [20.43929, 44.82166], [20.4392, 44.82164], [20.43889, 44.82168], [20.43848, 44.82165], [20.43793, 44.82155], [20.43751, 44.82142], [20.43728, 44.82137], [20.43689, 44.82133], [20.43657, 44.82132], [20.43625, 44.82128], [20.43602, 44.82124], [20.43555, 44.82111], [20.43548, 44.82111], [20.43534, 44.82115], [20.43515, 44.82123], [20.43498, 44.82147], [20.43485, 44.82154], [20.4347, 44.82159], [20.43453, 44.82159], [20.43413, 44.82155], [20.43385, 44.82154], [20.43094, 44.82172], [20.43044, 44.82179], [20.42911, 44.82204], [20.42862, 44.82229], [20.42842, 44.82241], [20.42762, 44.82279], [20.42735, 44.82286], [20.42711, 44.82296], [20.4268, 44.82321], [20.42632, 44.82345], [20.42575, 44.82383], [20.42543, 44.824], [20.42514, 44.82421], [20.42497, 44.82428], [20.42468, 44.82433], [20.42461, 44.82436], [20.42439, 44.82457], [20.424, 44.82481], [20.4238, 44.82496], [20.42317, 44.82546], [20.42272, 44.82589], [20.42247, 44.82618], [20.42233, 44.82644], [20.42229, 44.82659], [20.42219, 44.82746], [20.422, 44.82814], [20.42195, 44.82827], [20.42148, 44.82902], [20.42136, 44.82933], [20.42121, 44.82955], [20.4211, 44.82978], [20.42092, 44.83021], [20.42089, 44.83035], [20.42078, 44.83056], [20.42061, 44.83099], [20.42037, 44.83169], [20.42029, 44.83185], [20.42002, 44.83279], [20.41994, 44.83296], [20.41949, 44.83464], [20.41947, 44.83484], [20.41938, 44.83512], [20.41922, 44.83596], [20.41916, 44.83616], [20.41909, 44.83651], [20.41899, 44.83686], [20.41902, 44.837], [20.41912, 44.83715], [20.41916, 44.83723], [20.41904, 44.8375], [20.41899, 44.83767], [20.41893, 44.83798], [20.41884, 44.83822], [20.41882, 44.83835], [20.41869, 44.83874], [20.41869, 44.83886], [20.41866, 44.83889], [20.41858, 44.83913], [20.41841, 44.8398], [20.41826, 44.84017], [20.41817, 44.84064], [20.41808, 44.84097], [20.4177, 44.84223], [20.41767, 44.84229], [20.41755, 44.84246], [20.41732, 44.84312], [20.41711, 44.84346], [20.41695, 44.84383], [20.41672, 44.84425], [20.41637, 44.84482], [20.41619, 44.84508], [20.41609, 44.84528], [20.41609, 44.84532], [20.41612, 44.84532], [20.41615, 44.84529], [20.41616, 44.84526], [20.41614, 44.84527], [20.41616, 44.84527], [20.41616, 44.84525], [20.41615, 44.84528], [20.41613, 44.84527], [20.41611, 44.8453], [20.41603, 44.84533], [20.41574, 44.84575], [20.41561, 44.84587], [20.41554, 44.84597], [20.41537, 44.84613], [20.41525, 44.84618], [20.41498, 44.84614], [20.41482, 44.84639], [20.4147, 44.84654], [20.41448, 44.8469], [20.41444, 44.84692], [20.41413, 44.84686], [20.41361, 44.84685], [20.41302, 44.8468], [20.41263, 44.84676], [20.41196, 44.84665], [20.41069, 44.84652], [20.41044, 44.84647], [20.40985, 44.84649], [20.40974, 44.8465], [20.40963, 44.84649], [20.40941, 44.84643], [20.40922, 44.8464], [20.40893, 44.8464], [20.40869, 44.84643], [20.40851, 44.84647], [20.40841, 44.84653], [20.40807, 44.84664], [20.4079, 44.84671], [20.40753, 44.84691], [20.40689, 44.84729], [20.40677, 44.84733], [20.40673, 44.84729], [20.40664, 44.84732], [20.40636, 44.8476], [20.406, 44.8478], [20.40577, 44.84789], [20.40569, 44.84798], [20.40548, 44.84813], [20.40498, 44.84838], [20.4047, 44.8485], [20.40402, 44.8487], [20.40349, 44.84891], [20.40294, 44.84905], [20.40211, 44.84937], [20.40202, 44.84939], [20.40198, 44.84937], [20.40203, 44.84934], [20.40235, 44.84925], [20.40258, 44.84916], [20.40273, 44.84908], [20.40318, 44.84895], [20.40354, 44.84881], [20.40357, 44.84878], [20.40358, 44.84874], [20.40354, 44.84865], [20.40339, 44.84852], [20.40223, 44.84711], [20.40194, 44.84683], [20.40178, 44.84658], [20.40164, 44.84643], [20.40156, 44.84633], [20.40149, 44.84629], [20.40144, 44.84624], [20.40133, 44.84607], [20.40114, 44.84587], [20.40108, 44.84583], [20.40103, 44.84578], [20.40102, 44.8457], [20.40095, 44.84558], [20.40062, 44.84514], [20.40046, 44.84488], [20.40046, 44.84485], [20.40032, 44.8447], [20.40018, 44.84452], [20.39999, 44.8442], [20.3998, 44.84397], [20.39947, 44.84365], [20.39936, 44.84353], [20.39932, 44.8435], [20.39926, 44.84348], [20.39912, 44.84348], [20.39889, 44.84356], [20.39872, 44.8436], [20.39855, 44.84363], [20.39826, 44.84363], [20.39756, 44.84378], [20.39746, 44.84378], [20.39736, 44.84371], [20.39726, 44.84356], [20.39714, 44.84334], [20.39682, 44.84266]]}, "properties": {"id": 18487867222, "name": "Quickie", "sport": "Ride", "date": "2026-05-13", "distance_km": 12.19, "moving_time_s": 2113, "elev_gain_m": 35, "avg_speed_kmh": 20.8, "avg_hr": null}}, {"type": "Feature", "geometry": {"type": "LineString", "coordinates": [[20.41713, 44.84345], [20.41725, 44.84316], [20.41733, 44.843], [20.41749, 44.84282], [20.4175, 44.8428], [20.41748, 44.84273], [20.4175, 44.84268], [20.41776, 44.84212], [20.41787, 44.84169], [20.41792, 44.84157], [20.41793, 44.84147], [20.41803, 44.84107], [20.41816, 44.84069], [20.41816, 44.8406], [20.41819, 44.84047], [20.41836, 44.8401], [20.41837, 44.83996], [20.41844, 44.83974], [20.41848, 44.83952], [20.41858, 44.83929], [20.41861, 44.8392], [20.41861, 44.83911], [20.41866, 44.83898], [20.41868, 44.83885], [20.41878, 44.83855], [20.41886, 44.83819], [20.41893, 44.83802], [20.41894, 44.83785], [20.4191, 44.83742], [20.41912, 44.83718], [20.41907, 44.83706], [20.41902, 44.83698], [20.41901, 44.83685], [20.41907, 44.83665], [20.4191, 44.83642], [20.41916, 44.83616], [20.41941, 44.83527], [20.41942, 44.83513], [20.41949, 44.83484], [20.41954, 44.83468], [20.41959, 44.83436], [20.41965, 44.83415], [20.41966, 44.83402], [20.41971, 44.83393], [20.4197, 44.83381], [20.41976, 44.83365], [20.41982, 44.83336], [20.41987, 44.83325], [20.41994, 44.83292], [20.42, 44.8328], [20.42007, 44.83255], [20.42016, 44.83234], [20.4202, 44.83218], [20.42027, 44.83202], [20.42039, 44.83166], [20.42044, 44.83145], [20.4206, 44.831], [20.42069, 44.83077], [20.42081, 44.83055], [20.42093, 44.83027], [20.42093, 44.83023], [20.42091, 44.83019], [20.42105, 44.83], [20.42103, 44.82994], [20.42107, 44.82988], [20.42108, 44.82982], [20.4213, 44.82937], [20.42167, 44.82874], [20.42184, 44.82841], [20.42203, 44.82812], [20.42209, 44.82794], [20.42211, 44.82792], [20.42218, 44.8279], [20.4222, 44.82786], [20.42242, 44.82753], [20.42262, 44.82727], [20.42281, 44.82699], [20.42309, 44.82662], [20.42327, 44.82644], [20.42363, 44.82596], [20.42364, 44.82591], [20.42353, 44.82597], [20.42351, 44.82601], [20.42343, 44.82607], [20.42333, 44.82627], [20.42318, 44.82645], [20.42317, 44.82652], [20.42302, 44.82665], [20.42294, 44.82681], [20.42286, 44.82687], [20.42204, 44.82808], [20.42193, 44.82828], [20.42159, 44.82883], [20.42134, 44.8293], [20.42113, 44.82978], [20.42103, 44.82996], [20.42099, 44.83008], [20.42094, 44.83015], [20.42086, 44.83042], [20.42055, 44.83113], [20.42042, 44.83156], [20.42031, 44.8318], [20.42028, 44.83193], [20.42016, 44.8322], [20.42017, 44.83229], [20.4201, 44.83244], [20.42008, 44.83254], [20.42009, 44.83258], [20.42003, 44.83265], [20.42001, 44.83272], [20.41995, 44.83299], [20.41991, 44.83307], [20.4199, 44.8332], [20.41975, 44.83356], [20.41972, 44.83371], [20.4197, 44.83389], [20.41961, 44.83426], [20.41962, 44.83429], [20.41951, 44.83446], [20.41939, 44.83519], [20.41935, 44.83529], [20.41925, 44.83571], [20.4192, 44.83577], [20.41921, 44.83579], [20.41923, 44.83575], [20.41918, 44.8359], [20.4191, 44.83627], [20.41903, 44.83647], [20.41895, 44.83694], [20.41896, 44.83701], [20.41901, 44.83707], [20.41903, 44.83724], [20.419, 44.83733], [20.41901, 44.8374], [20.419, 44.83755], [20.41902, 44.8376], [20.41901, 44.83773], [20.41893, 44.83783], [20.41888, 44.83793], [20.41884, 44.83809], [20.41883, 44.83821], [20.41876, 44.83836], [20.41876, 44.83851], [20.41872, 44.8386], [20.41874, 44.83863], [20.41872, 44.83866], [20.41867, 44.83871], [20.4186, 44.83873], [20.41855, 44.83881], [20.41852, 44.83895], [20.41855, 44.8391], [20.41855, 44.83922], [20.4185, 44.8393], [20.41845, 44.8395], [20.41834, 44.83977], [20.41835, 44.83996], [20.41828, 44.8401], [20.41819, 44.84043], [20.41812, 44.8406], [20.41812, 44.84068], [20.41808, 44.84075], [20.41803, 44.84099], [20.41799, 44.84109], [20.41794, 44.84114], [20.41791, 44.84135], [20.41784, 44.84167], [20.41768, 44.84209], [20.41758, 44.84241], [20.41752, 44.84254], [20.41747, 44.84262]]}, "properties": {"id": 18443034031, "name": "Runn", "sport": "Run", "date": "2026-05-09", "distance_km": 4.56, "moving_time_s": 1792, "elev_gain_m": 0, "avg_speed_kmh": 9.2, "avg_hr": null}}, {"type": "Feature", "geometry": {"type": "LineString", "coordinates": [[20.39684, 44.84273], [20.39718, 44.8434], [20.39752, 44.8437], [20.39861, 44.84361], [20.3993, 44.84343], [20.39939, 44.84348], [20.40009, 44.84429], [20.40109, 44.84571], [20.4012, 44.84572], [20.40236, 44.84529], [20.40269, 44.84508], [20.40318, 44.84438], [20.40443, 44.84294], [20.40519, 44.84217], [20.4066, 44.84092], [20.40669, 44.84075], [20.40831, 44.83919], [20.40847, 44.83917], [20.4095, 44.8395], [20.40984, 44.83948], [20.41167, 44.8387], [20.41268, 44.83851], [20.41426, 44.83814], [20.4159, 44.83795], [20.41611, 44.83788], [20.41638, 44.83767], [20.4167, 44.83751], [20.41717, 44.83714], [20.41747, 44.83684], [20.41778, 44.83619], [20.41784, 44.83584], [20.41777, 44.83575], [20.41795, 44.83539], [20.41875, 44.83152], [20.41898, 44.83079], [20.4194, 44.82846], [20.41934, 44.82812], [20.41939, 44.82807], [20.41975, 44.82811], [20.41984, 44.82803], [20.4203, 44.82607], [20.42081, 44.8254], [20.42121, 44.82513], [20.42272, 44.82438], [20.43065, 44.82084], [20.43765, 44.81764], [20.43825, 44.81723], [20.43899, 44.81638], [20.43924, 44.81573], [20.4394, 44.81475], [20.44077, 44.8148], [20.44087, 44.81477], [20.4409, 44.81467], [20.44126, 44.81464], [20.45155, 44.81518], [20.45191, 44.81525], [20.45209, 44.8152], [20.45235, 44.81522], [20.45293, 44.81517], [20.45319, 44.81526], [20.45375, 44.81518], [20.45445, 44.81498], [20.45545, 44.81482], [20.45613, 44.81464], [20.45629, 44.81467], [20.4563, 44.81452], [20.45645, 44.81441], [20.45821, 44.81412], [20.46021, 44.81339], [20.46065, 44.81345], [20.46074, 44.81342], [20.46264, 44.80987], [20.46315, 44.80898], [20.46334, 44.80877], [20.46363, 44.80807], [20.46425, 44.80723], [20.46438, 44.80676], [20.46475, 44.80597], [20.46599, 44.80373], [20.46618, 44.80311], [20.46613, 44.80299], [20.46584, 44.80276], [20.46592, 44.80266], [20.4659, 44.80237], [20.46619, 44.80209], [20.46622, 44.80194], [20.46619, 44.8018], [20.46602, 44.80159], [20.46601, 44.8013], [20.46554, 44.79906], [20.4655, 44.79849], [20.46511, 44.79667], [20.46509, 44.79569], [20.4653, 44.79496], [20.46584, 44.79403], [20.46595, 44.79347], [20.46615, 44.79301], [20.46611, 44.79272], [20.46623, 44.79251], [20.46643, 44.79239], [20.46661, 44.79166], [20.46659, 44.79133], [20.46599, 44.78931], [20.46564, 44.78821], [20.46539, 44.78767], [20.46525, 44.78757], [20.46559, 44.78727], [20.46558, 44.78624], [20.46595, 44.78471], [20.46783, 44.78046], [20.46831, 44.7797], [20.46912, 44.77888], [20.46964, 44.77847], [20.47199, 44.7771], [20.47251, 44.77656], [20.47268, 44.77629], [20.47348, 44.77387], [20.47598, 44.77044], [20.47848, 44.76388], [20.47911, 44.76264], [20.48005, 44.76127], [20.48001, 44.76101], [20.48016, 44.76091], [20.48028, 44.76089], [20.48068, 44.76102], [20.48132, 44.761], [20.48191, 44.76105], [20.48439, 44.76164], [20.48549, 44.76184], [20.4857, 44.76184], [20.4864, 44.76158], [20.48668, 44.76157], [20.48707, 44.76167], [20.48862, 44.76241], [20.49004, 44.76302], [20.49145, 44.76382], [20.49173, 44.76406], [20.49186, 44.76427], [20.49195, 44.76466], [20.49194, 44.76502], [20.49208, 44.7651], [20.49226, 44.76506], [20.49306, 44.76446], [20.49346, 44.76424], [20.49428, 44.76368], [20.49524, 44.76319], [20.49632, 44.76277], [20.49656, 44.7626], [20.49684, 44.7626], [20.49832, 44.76344], [20.49849, 44.76345], [20.49855, 44.7634], [20.49853, 44.76345], [20.49853, 44.76336], [20.49858, 44.76342], [20.49815, 44.76353], [20.49802, 44.7635], [20.49714, 44.76298], [20.49696, 44.76282], [20.49673, 44.76272], [20.49661, 44.76272], [20.49515, 44.76334], [20.49433, 44.76377], [20.49242, 44.76498], [20.49194, 44.76537], [20.49122, 44.76623], [20.49032, 44.76755], [20.48963, 44.76874], [20.48693, 44.77293], [20.48675, 44.77296], [20.48657, 44.77292], [20.48608, 44.77267], [20.48472, 44.77148], [20.48441, 44.77134], [20.48398, 44.77138], [20.48247, 44.77205], [20.48234, 44.77215], [20.48211, 44.77346], [20.48153, 44.77537], [20.481, 44.77658], [20.48013, 44.77837], [20.48011, 44.77855], [20.47917, 44.77989], [20.47872, 44.78132], [20.47812, 44.78196], [20.47595, 44.78402], [20.47436, 44.78528], [20.47369, 44.78566], [20.473, 44.78594], [20.47146, 44.78636], [20.47026, 44.78687], [20.46906, 44.78711], [20.46713, 44.78733], [20.46635, 44.78757], [20.46596, 44.78794], [20.46543, 44.78788], [20.46574, 44.78829], [20.46597, 44.7891], [20.46601, 44.78957], [20.46658, 44.79136], [20.46659, 44.79171], [20.46635, 44.79245], [20.46607, 44.79269], [20.46603, 44.7929], [20.46609, 44.79308], [20.46577, 44.79378], [20.46566, 44.79423], [20.46523, 44.79512], [20.46506, 44.7957], [20.46508, 44.79656], [20.46539, 44.79829], [20.46553, 44.79873], [20.46548, 44.79889], [20.46559, 44.79883], [20.46561, 44.79888], [20.46563, 44.79928], [20.4655, 44.79933], [20.46549, 44.79938], [20.4657, 44.80049], [20.46586, 44.80062], [20.46595, 44.80116], [20.4662, 44.80147], [20.46635, 44.80211], [20.46669, 44.80248], [20.46659, 44.80292], [20.46687, 44.80317], [20.46671, 44.80321], [20.46657, 44.80313], [20.46643, 44.8032], [20.46622, 44.80368], [20.4647, 44.80624], [20.46224, 44.81077], [20.4604, 44.81458], [20.46041, 44.81497], [20.46052, 44.81534], [20.46077, 44.81576], [20.46118, 44.81581], [20.46227, 44.81569], [20.46256, 44.81477], [20.46249, 44.81458], [20.46219, 44.81445], [20.4616, 44.8143], [20.46069, 44.8142], [20.46068, 44.81404], [20.46061, 44.81399], [20.4619, 44.81443], [20.45814, 44.81415], [20.45794, 44.81425], [20.45309, 44.81525], [20.45292, 44.8152], [20.45237, 44.81524], [20.45205, 44.81521], [20.45188, 44.81526], [20.45118, 44.81515], [20.44147, 44.81464], [20.44089, 44.81466], [20.44085, 44.81476], [20.44112, 44.81492], [20.44541, 44.81513], [20.44551, 44.81517], [20.44557, 44.81531], [20.44527, 44.81629], [20.44473, 44.81747], [20.44455, 44.81813], [20.44392, 44.81868], [20.44261, 44.82049], [20.44226, 44.82086], [20.44194, 44.8211], [20.44135, 44.8214], [20.4408, 44.82156], [20.44018, 44.82164], [20.43959, 44.82152], [20.43941, 44.82161], [20.4391, 44.82167], [20.43837, 44.82163], [20.43725, 44.82136], [20.43659, 44.82134], [20.43596, 44.82124], [20.43548, 44.82111], [20.43518, 44.82121], [20.43497, 44.8215], [20.43471, 44.8216], [20.43393, 44.82155], [20.43113, 44.82171], [20.42917, 44.82204], [20.42776, 44.82276], [20.42711, 44.82299], [20.42512, 44.82425], [20.42463, 44.82439], [20.42389, 44.82493], [20.42321, 44.82546], [20.42258, 44.82609], [20.42233, 44.82648], [20.4222, 44.82743], [20.42201, 44.82815], [20.42111, 44.82979], [20.42043, 44.83144], [20.4201, 44.83236], [20.41964, 44.83399], [20.41944, 44.83516], [20.41933, 44.83531], [20.41899, 44.83684], [20.41914, 44.83732], [20.41846, 44.83953], [20.41825, 44.84045], [20.41813, 44.84068], [20.41789, 44.84067], [20.41783, 44.84073], [20.41773, 44.84138], [20.41698, 44.8431], [20.4166, 44.84385], [20.41587, 44.84487], [20.4158, 44.84486], [20.41574, 44.84474], [20.41554, 44.84469], [20.41445, 44.84403], [20.41392, 44.84386], [20.41386, 44.84366], [20.41251, 44.84319], [20.41102, 44.84473], [20.41053, 44.84514], [20.41045, 44.84529], [20.40991, 44.84565], [20.40853, 44.84465], [20.40631, 44.8429], [20.40531, 44.84225], [20.40516, 44.84234], [20.40389, 44.84355], [20.40262, 44.84519], [20.4022, 44.84539], [20.40127, 44.84572], [20.40112, 44.84573], [20.40099, 44.84568], [20.39982, 44.84398], [20.39939, 44.84352], [20.39922, 44.84347], [20.39877, 44.8436], [20.39766, 44.84376], [20.39739, 44.84374], [20.39727, 44.84361], [20.39679, 44.84266]]}, "properties": {"id": 18428822803, "name": "Ride", "sport": "Ride", "date": "2026-05-08", "distance_km": 33.19, "moving_time_s": 6913, "elev_gain_m": 280, "avg_speed_kmh": 17.3, "avg_hr": null}}, {"type": "Feature", "geometry": {"type": "LineString", "coordinates": [[20.41953, 44.82809], [20.41975, 44.82811], [20.41987, 44.82809], [20.42037, 44.82787], [20.4206, 44.82781], [20.42067, 44.8278], [20.42075, 44.82786], [20.42087, 44.82787], [20.42099, 44.82791], [20.42119, 44.82801], [20.42126, 44.82804], [20.42132, 44.82803], [20.42138, 44.82808], [20.42168, 44.8282], [20.42175, 44.82823], [20.42174, 44.82829], [20.42173, 44.82828], [20.42176, 44.82826], [20.42197, 44.82822], [20.422, 44.82819], [20.42198, 44.82818], [20.422, 44.8282], [20.42187, 44.82835], [20.42182, 44.82843], [20.42177, 44.82855], [20.42167, 44.82872], [20.42166, 44.82884], [20.42157, 44.82901], [20.42147, 44.82909], [20.42141, 44.82924], [20.42136, 44.82927], [20.42136, 44.82931], [20.4214, 44.82935], [20.42135, 44.82941], [20.4212, 44.8297], [20.42089, 44.83036], [20.42082, 44.83044], [20.42074, 44.83057], [20.4207, 44.83067], [20.42069, 44.83081], [20.42062, 44.83108], [20.42048, 44.83144], [20.42037, 44.83163], [20.42036, 44.83178], [20.42029, 44.83201], [20.42021, 44.83214], [20.42015, 44.83243], [20.42009, 44.83258], [20.42008, 44.83269], [20.41996, 44.83301], [20.41993, 44.83317], [20.41985, 44.83333], [20.4198, 44.83357], [20.41975, 44.8337], [20.41968, 44.83416], [20.41961, 44.83428], [20.41954, 44.8347], [20.41951, 44.83479], [20.41943, 44.83518], [20.41939, 44.83527], [20.41934, 44.83561], [20.41927, 44.83584], [20.41923, 44.83604], [20.41916, 44.83625], [20.41914, 44.83639], [20.41908, 44.83657], [20.41905, 44.83679], [20.41902, 44.83688], [20.41902, 44.83692], [20.41909, 44.83706], [20.41913, 44.83727], [20.41905, 44.83771], [20.41895, 44.83806], [20.41891, 44.83815], [20.41888, 44.83832], [20.41878, 44.83852], [20.41874, 44.83866], [20.41876, 44.83877], [20.41872, 44.83887], [20.41871, 44.83897], [20.41865, 44.8391], [20.41861, 44.83924], [20.41853, 44.83938], [20.41848, 44.83952], [20.41845, 44.83961], [20.41845, 44.83974], [20.41833, 44.84014], [20.4183, 44.84033], [20.41826, 44.84044], [20.4182, 44.8405], [20.41818, 44.84079], [20.41815, 44.84088], [20.41807, 44.84102], [20.41804, 44.84124], [20.41799, 44.84133], [20.41799, 44.84144], [20.41793, 44.84154], [20.41791, 44.84171], [20.41784, 44.8418], [20.41781, 44.84189], [20.41778, 44.84193], [20.41777, 44.84202], [20.41779, 44.84212], [20.41759, 44.84246], [20.41742, 44.84285], [20.41736, 44.84293], [20.41737, 44.84299], [20.41726, 44.84321], [20.4172, 44.84335], [20.41713, 44.8434], [20.41709, 44.84348], [20.41705, 44.84363], [20.41698, 44.84379], [20.4169, 44.8439], [20.41675, 44.84423], [20.41667, 44.84436], [20.41634, 44.84479], [20.41612, 44.84519], [20.41597, 44.84537], [20.41601, 44.84537], [20.41598, 44.84538], [20.41596, 44.84536], [20.41593, 44.84542], [20.41596, 44.84534], [20.41596, 44.84536], [20.41595, 44.84538], [20.41594, 44.84538], [20.41596, 44.84532], [20.41596, 44.84539], [20.41595, 44.84538], [20.41597, 44.84533], [20.41593, 44.84538], [20.41597, 44.84533], [20.41593, 44.84536], [20.41595, 44.84532], [20.4159, 44.84539], [20.41596, 44.84536], [20.41595, 44.8454], [20.41594, 44.84539], [20.41597, 44.84533], [20.41594, 44.84536], [20.41593, 44.84535], [20.41589, 44.84542], [20.41596, 44.84532], [20.41598, 44.8453], [20.41596, 44.84538], [20.41599, 44.84533], [20.41602, 44.84532], [20.41607, 44.84521], [20.41614, 44.84514], [20.41616, 44.8451], [20.41631, 44.84498], [20.41633, 44.84493], [20.41634, 44.84486], [20.41643, 44.84473], [20.4166, 44.84443], [20.41668, 44.84434], [20.41673, 44.8442], [20.41687, 44.84398], [20.41694, 44.84386], [20.417, 44.84385], [20.41703, 44.84382], [20.41708, 44.84356], [20.41719, 44.84337], [20.41722, 44.84328], [20.41729, 44.84319], [20.41732, 44.84311], [20.41731, 44.84302], [20.41739, 44.84289], [20.41741, 44.8428], [20.41771, 44.84225], [20.41772, 44.84219], [20.41782, 44.84197], [20.41789, 44.84164], [20.41799, 44.84138], [20.41799, 44.8413], [20.41806, 44.84112], [20.41811, 44.84092], [20.41821, 44.84059], [20.41826, 44.8405], [20.41833, 44.8403], [20.41838, 44.84002], [20.41841, 44.83996], [20.41845, 44.83977], [20.41849, 44.83966], [20.41859, 44.83924], [20.41865, 44.83908], [20.41872, 44.83899], [20.41877, 44.83855], [20.41886, 44.83833], [20.41888, 44.83823], [20.4189, 44.83818], [20.41892, 44.83811], [20.41892, 44.83803], [20.41898, 44.83797], [20.41896, 44.83791], [20.41907, 44.83763], [20.41908, 44.83757], [20.41913, 44.83749], [20.41914, 44.83719], [20.41896, 44.83696], [20.41895, 44.83689], [20.41899, 44.83681], [20.41901, 44.83672], [20.41907, 44.83664], [20.41912, 44.83633], [20.41926, 44.83583], [20.4193, 44.83562], [20.41938, 44.83537], [20.41943, 44.83508], [20.41948, 44.83491], [20.41947, 44.83484], [20.4195, 44.83474], [20.41953, 44.83454], [20.41962, 44.83423], [20.41966, 44.83419], [20.41964, 44.8341], [20.41967, 44.83385], [20.41977, 44.83367], [20.4198, 44.83358], [20.41979, 44.83353], [20.41984, 44.83346], [20.41983, 44.83336], [20.41996, 44.83298], [20.41998, 44.83285], [20.42006, 44.83271], [20.42009, 44.83262], [20.42014, 44.83239], [20.42014, 44.8323], [20.42025, 44.83211], [20.42035, 44.83175], [20.42041, 44.83164], [20.42041, 44.83152], [20.42048, 44.83137], [20.42053, 44.8313], [20.42064, 44.83096], [20.42072, 44.83082], [20.42085, 44.83044], [20.42092, 44.83035], [20.42096, 44.83017], [20.42106, 44.82992], [20.42126, 44.82954], [20.4213, 44.82941], [20.42136, 44.82932], [20.42143, 44.82915], [20.42188, 44.82843], [20.42192, 44.82834], [20.42198, 44.82825], [20.42204, 44.8282], [20.42217, 44.82791], [20.42223, 44.82783], [20.42227, 44.82773], [20.42275, 44.82711], [20.4228, 44.82701], [20.42287, 44.82696], [20.42297, 44.8268], [20.4232, 44.8265], [20.42321, 44.82646], [20.42333, 44.8263], [20.42345, 44.82616], [20.42352, 44.82609], [20.42373, 44.82586], [20.42379, 44.82574], [20.42393, 44.82562], [20.42402, 44.82551], [20.42451, 44.82502], [20.42462, 44.82495], [20.42452, 44.82497], [20.42444, 44.82504], [20.42443, 44.8251], [20.42433, 44.82522], [20.42358, 44.82599], [20.42341, 44.82623], [20.42328, 44.82637], [20.42315, 44.82656]]}, "properties": {"id": 18403645454, "name": "Run", "sport": "Run", "date": "2026-05-06", "distance_km": 5.31, "moving_time_s": 1927, "elev_gain_m": 0, "avg_speed_kmh": 9.9, "avg_hr": null}}, {"type": "Feature", "geometry": {"type": "LineString", "coordinates": [[20.39773, 44.84142], [20.39785, 44.84138], [20.39817, 44.84135], [20.39859, 44.84129], [20.39928, 44.84125], [20.39939, 44.84129], [20.39953, 44.84128], [20.39957, 44.8413], [20.39967, 44.84129], [20.39981, 44.84132], [20.40012, 44.84132], [20.40088, 44.84137], [20.40192, 44.84147], [20.40271, 44.84142], [20.40345, 44.84141], [20.40387, 44.84147], [20.40407, 44.84148], [20.40415, 44.84151], [20.40446, 44.84167], [20.40505, 44.84209], [20.40509, 44.84211], [20.40513, 44.84211], [20.40532, 44.84205], [20.4054, 44.842], [20.40587, 44.84158], [20.40602, 44.84137], [20.40661, 44.84081], [20.40667, 44.84079], [20.40677, 44.84082], [20.40685, 44.84088], [20.407, 44.84122], [20.40714, 44.84138], [20.40761, 44.84157], [20.40804, 44.84182], [20.40828, 44.84189], [20.40846, 44.84197], [20.40853, 44.84196], [20.40862, 44.84192], [20.4088, 44.84189], [20.40906, 44.84182], [20.40926, 44.84184], [20.40968, 44.84179], [20.40999, 44.84166], [20.41024, 44.8416], [20.41034, 44.84156], [20.41042, 44.84155], [20.41048, 44.84153], [20.41057, 44.84147], [20.41062, 44.84133], [20.41066, 44.84128], [20.41073, 44.84111], [20.41078, 44.84105], [20.41092, 44.84102], [20.41111, 44.84085], [20.4114, 44.84074], [20.41155, 44.8407], [20.41202, 44.84069], [20.41224, 44.84061], [20.41243, 44.8405], [20.41269, 44.84022], [20.41274, 44.84015], [20.41312, 44.83975], [20.41311, 44.83973], [20.4126, 44.83937], [20.41225, 44.83904], [20.41219, 44.83897], [20.41185, 44.83867], [20.41178, 44.83863], [20.41169, 44.83864], [20.41089, 44.83901], [20.41071, 44.83906], [20.41011, 44.83938], [20.40977, 44.8395], [20.4097, 44.83954], [20.4096, 44.83967], [20.40955, 44.8397], [20.40941, 44.83969], [20.40887, 44.83954], [20.40855, 44.83947], [20.40843, 44.83947], [20.40828, 44.83952], [20.40804, 44.83978], [20.40793, 44.83987], [20.4071, 44.84066], [20.40669, 44.84101], [20.4066, 44.84111], [20.40662, 44.84117], [20.40686, 44.84127], [20.40751, 44.84153], [20.40796, 44.84174], [20.40847, 44.84193], [20.40856, 44.84191], [20.40874, 44.84181], [20.40889, 44.84175], [20.40905, 44.84174], [20.40949, 44.84176], [20.40968, 44.84173], [20.40991, 44.84162], [20.40996, 44.84159], [20.40999, 44.84153], [20.40992, 44.84146], [20.4096, 44.84135], [20.40911, 44.84115], [20.40879, 44.84098], [20.40848, 44.84087], [20.40768, 44.84063], [20.40745, 44.84055], [20.40732, 44.84052], [20.4072, 44.84055], [20.4071, 44.84064], [20.40698, 44.8407], [20.40676, 44.84077], [20.40655, 44.8408], [20.40654, 44.84084], [20.40648, 44.84089], [20.40635, 44.84095], [20.4061, 44.84116], [20.40603, 44.84127], [20.40596, 44.84133], [20.40579, 44.84157], [20.4055, 44.84182], [20.40546, 44.84192], [20.40527, 44.84207], [20.4052, 44.84209], [20.40511, 44.8421], [20.40486, 44.84198], [20.40462, 44.8418], [20.40426, 44.84147], [20.40418, 44.84144], [20.40351, 44.84143], [20.40328, 44.84141], [20.40312, 44.84142], [20.40292, 44.84141], [20.40196, 44.84146], [20.40172, 44.84146], [20.40139, 44.84143], [20.40018, 44.84128], [20.39971, 44.84126], [20.39871, 44.84129], [20.39814, 44.84137], [20.39782, 44.84143]]}, "properties": {"id": 18364607658, "name": "Fast", "sport": "Run", "date": "2026-05-03", "distance_km": 4.03, "moving_time_s": 1196, "elev_gain_m": 19, "avg_speed_kmh": 12.1, "avg_hr": null}}, {"type": "Feature", "geometry": {"type": "LineString", "coordinates": [[20.39668, 44.84244], [20.39687, 44.84277], [20.39687, 44.84283], [20.39691, 44.84294], [20.39712, 44.84324], [20.3972, 44.8434], [20.39729, 44.84351], [20.39742, 44.84361], [20.39747, 44.84367], [20.39753, 44.84372], [20.39796, 44.84369], [20.39813, 44.84366], [20.39849, 44.84365], [20.39883, 44.84354], [20.3991, 44.84351], [20.39915, 44.84351], [20.39931, 44.84359], [20.39939, 44.84365], [20.39977, 44.84408], [20.39989, 44.84417], [20.40001, 44.84439], [20.40008, 44.84447], [20.40029, 44.84478], [20.40045, 44.84494], [20.4005, 44.84503], [20.40066, 44.84521], [20.40099, 44.84569], [20.40101, 44.84575], [20.40099, 44.84578], [20.40099, 44.8458], [20.40109, 44.84587], [20.40115, 44.84593], [20.40141, 44.84624], [20.40166, 44.8466], [20.40186, 44.84685], [20.40214, 44.84712], [20.40233, 44.84736], [20.40275, 44.8478], [20.40291, 44.84801], [20.40314, 44.84824], [20.40327, 44.84843], [20.4035, 44.84867], [20.40351, 44.84871], [20.4035, 44.84875], [20.40343, 44.84881], [20.40337, 44.84895], [20.40348, 44.84918], [20.40354, 44.84939], [20.4036, 44.84948], [20.40365, 44.8495], [20.4041, 44.84954], [20.40436, 44.84951], [20.40448, 44.84947], [20.40461, 44.84952], [20.40474, 44.84948], [20.40512, 44.84954], [20.40522, 44.84958], [20.40599, 44.8496], [20.40682, 44.8495], [20.40739, 44.84946], [20.40768, 44.84942], [20.40889, 44.84935], [20.4094, 44.84933], [20.40957, 44.84935], [20.40979, 44.84933], [20.41008, 44.84926], [20.41023, 44.84919], [20.41087, 44.84879], [20.41138, 44.84841], [20.41159, 44.84827], [20.41202, 44.84808], [20.41221, 44.84791], [20.4123, 44.84779], [20.41237, 44.84775], [20.41254, 44.84778], [20.41278, 44.84788], [20.41304, 44.84801], [20.41312, 44.84808], [20.4133, 44.84806], [20.41361, 44.84781], [20.41392, 44.84753], [20.41405, 44.84743], [20.4142, 44.84727], [20.41426, 44.84717], [20.41434, 44.84711], [20.41445, 44.847], [20.41459, 44.8469], [20.41463, 44.8468], [20.41464, 44.84669], [20.41471, 44.84655], [20.41486, 44.84636], [20.41493, 44.84623], [20.41498, 44.84617], [20.41503, 44.84615], [20.41507, 44.84616], [20.41524, 44.8462], [20.41529, 44.8462], [20.41542, 44.84611], [20.41559, 44.84596], [20.41565, 44.84583], [20.41575, 44.84573], [20.41578, 44.84564], [20.41602, 44.84533], [20.41633, 44.84485], [20.41641, 44.84479], [20.41651, 44.84467], [20.41656, 44.84456], [20.41663, 44.84445], [20.41669, 44.84428], [20.41679, 44.84407], [20.41704, 44.84373], [20.41718, 44.84337], [20.41737, 44.84309], [20.41741, 44.84292], [20.41751, 44.84272], [20.41757, 44.84255], [20.41764, 44.84244], [20.41764, 44.84241], [20.41761, 44.84235], [20.41745, 44.84224], [20.41744, 44.84217], [20.41757, 44.84199], [20.41774, 44.8416], [20.41778, 44.84145], [20.41788, 44.84123], [20.41793, 44.84095], [20.41798, 44.84087], [20.41801, 44.8407], [20.41806, 44.84057], [20.4181, 44.84052], [20.4181, 44.84036], [20.41813, 44.84024], [20.41822, 44.83963], [20.41824, 44.83958], [20.41834, 44.83943], [20.41843, 44.83913], [20.41842, 44.83906], [20.41846, 44.839], [20.41844, 44.83892], [20.41848, 44.83885], [20.41854, 44.83853], [20.41868, 44.8381], [20.41876, 44.83794], [20.41882, 44.83769], [20.41886, 44.83756], [20.41887, 44.83747], [20.4189, 44.83742], [20.41896, 44.83722], [20.41898, 44.83705], [20.419, 44.83702], [20.41905, 44.83699], [20.41901, 44.8369], [20.41902, 44.83672], [20.41904, 44.83663], [20.41903, 44.83654], [20.41911, 44.83631], [20.41914, 44.83626], [20.41922, 44.83623], [20.41932, 44.83623], [20.4194, 44.83619], [20.41957, 44.83571], [20.41958, 44.83552], [20.41969, 44.83537], [20.41974, 44.83529], [20.41987, 44.83486], [20.41991, 44.83469], [20.4199, 44.8346], [20.41992, 44.83452], [20.41999, 44.83429], [20.42013, 44.83396], [20.42014, 44.83375], [20.4202, 44.83357], [20.42027, 44.83329], [20.42031, 44.8332], [20.42031, 44.83305], [20.42035, 44.83294], [20.42046, 44.83271], [20.4205, 44.83254], [20.4206, 44.83229], [20.42075, 44.8318], [20.42074, 44.83176], [20.42066, 44.83171], [20.42037, 44.83164], [20.42003, 44.83159], [20.41983, 44.83155], [20.41913, 44.83149], [20.41878, 44.83142], [20.4187, 44.83142], [20.41863, 44.83145], [20.41861, 44.83148], [20.41864, 44.83154], [20.41863, 44.83161], [20.41849, 44.83195], [20.4184, 44.83268], [20.41834, 44.83283], [20.41824, 44.83321], [20.41814, 44.83371], [20.41806, 44.834], [20.418, 44.83408], [20.41798, 44.83429], [20.41792, 44.83443], [20.41792, 44.83447], [20.41797, 44.8345], [20.41801, 44.83463], [20.41795, 44.83473], [20.41788, 44.83493], [20.41787, 44.83501], [20.4177, 44.83568], [20.41771, 44.83601], [20.41751, 44.83638], [20.41746, 44.83665], [20.41738, 44.83679], [20.41726, 44.83691], [20.41718, 44.837], [20.41699, 44.83715], [20.41685, 44.8373], [20.41671, 44.83741], [20.41621, 44.83772], [20.41603, 44.8378], [20.41589, 44.83783], [20.41551, 44.83788], [20.41415, 44.83838], [20.41368, 44.83833], [20.41352, 44.83833], [20.41327, 44.8384], [20.41305, 44.83844], [20.41275, 44.83846], [20.412, 44.83861], [20.41175, 44.83864], [20.41156, 44.8387], [20.41138, 44.83881], [20.41132, 44.83884], [20.41114, 44.83886], [20.41099, 44.83894], [20.41086, 44.83897], [20.41062, 44.83908], [20.41032, 44.83918], [20.40989, 44.83938], [20.40967, 44.83944], [20.40956, 44.83945], [20.40939, 44.83943], [20.40909, 44.83958], [20.40899, 44.83957], [20.40861, 44.83948], [20.40847, 44.83948], [20.40834, 44.83951], [20.40817, 44.83963], [20.40793, 44.83989], [20.40752, 44.8403], [20.40713, 44.84064], [20.407, 44.84071], [20.40693, 44.84072], [20.40668, 44.84076], [20.40656, 44.84074], [20.40652, 44.84076], [20.4065, 44.84081], [20.40631, 44.84095], [20.40611, 44.84118], [20.40597, 44.8413], [20.40579, 44.84156], [20.40568, 44.84165], [20.40559, 44.84178], [20.40538, 44.84198], [20.40528, 44.84205], [20.40524, 44.8421], [20.4052, 44.84213], [20.40511, 44.84212], [20.40498, 44.84205], [20.40478, 44.8419], [20.40468, 44.84178], [20.40441, 44.84158], [20.40422, 44.84153], [20.40393, 44.84152], [20.40361, 44.84146], [20.40349, 44.84147], [20.40317, 44.84142], [20.40286, 44.84142], [20.40262, 44.84144], [20.4018, 44.84148], [20.40052, 44.84132], [20.39989, 44.84127], [20.39978, 44.84124], [20.39936, 44.84124], [20.39914, 44.84127], [20.39903, 44.84126], [20.39875, 44.84127], [20.39822, 44.84133], [20.39784, 44.8414]]}, "properties": {"id": 18348864791, "name": "Lets goo", "sport": "Run", "date": "2026-05-02", "distance_km": 6.83, "moving_time_s": 2024, "elev_gain_m": 33, "avg_speed_kmh": 12.2, "avg_hr": null}}, {"type": "Feature", "geometry": {"type": "LineString", "coordinates": [[21.2082, 45.75825], [21.2079, 45.75832], [21.20728, 45.75837], [21.20693, 45.75843], [21.20643, 45.75848], [21.20614, 45.75852], [21.20576, 45.7586], [21.20568, 45.75859], [21.20543, 45.7586], [21.20502, 45.75869], [21.20475, 45.75871], [21.20397, 45.75882], [21.20379, 45.75881], [21.20348, 45.75883], [21.20328, 45.75881], [21.20313, 45.75881], [21.20294, 45.75883], [21.20251, 45.75885], [21.20229, 45.75882], [21.2017, 45.75882], [21.20155, 45.75881], [21.20148, 45.75881], [21.20141, 45.75884], [21.20131, 45.75881], [21.20084, 45.7588], [21.20014, 45.75872], [21.19954, 45.75863], [21.19886, 45.75849], [21.19862, 45.75842], [21.19818, 45.75834], [21.19804, 45.7583], [21.19746, 45.7582], [21.19692, 45.75808], [21.19668, 45.758], [21.19656, 45.75798], [21.1961, 45.7578], [21.19585, 45.75772], [21.1956, 45.7576], [21.1952, 45.75745], [21.19479, 45.75725], [21.19474, 45.75721], [21.19441, 45.75702], [21.19422, 45.75695], [21.19407, 45.75692], [21.19388, 45.7569], [21.19378, 45.75687], [21.19367, 45.75679], [21.19366, 45.75675], [21.19363, 45.75672], [21.19328, 45.75653], [21.19263, 45.75607], [21.19259, 45.75601], [21.19235, 45.75579], [21.19209, 45.75557], [21.19198, 45.75549], [21.19193, 45.75548], [21.19174, 45.75529], [21.19136, 45.75484], [21.19097, 45.75443], [21.19085, 45.75424], [21.1908, 45.75421], [21.19068, 45.754], [21.19062, 45.75396], [21.19063, 45.75386], [21.19058, 45.75377], [21.19051, 45.75369], [21.19039, 45.75359], [21.19038, 45.75357], [21.1904, 45.75353], [21.19037, 45.75352], [21.19036, 45.75347], [21.19026, 45.75336], [21.19019, 45.75315], [21.19007, 45.75291], [21.19007, 45.75288], [21.1901, 45.75283], [21.1901, 45.7528], [21.18997, 45.75271], [21.18992, 45.75241], [21.18984, 45.75214], [21.18976, 45.75192], [21.18973, 45.75166], [21.18968, 45.75139], [21.18967, 45.75113], [21.18964, 45.75094], [21.18967, 45.75089], [21.18977, 45.75087], [21.18988, 45.75088], [21.18993, 45.75092], [21.18999, 45.75138], [21.18998, 45.75157], [21.19, 45.75171], [21.19005, 45.75198], [21.19018, 45.75232], [21.19025, 45.75265], [21.19032, 45.7528], [21.19062, 45.75334], [21.19076, 45.75372], [21.19093, 45.75395], [21.19108, 45.7541], [21.19125, 45.75442], [21.19136, 45.75455], [21.19163, 45.75481], [21.19197, 45.75515], [21.19224, 45.75537], [21.1924, 45.75551], [21.19259, 45.75564], [21.19312, 45.75612], [21.19384, 45.75663], [21.19431, 45.75684], [21.19441, 45.75686], [21.1945, 45.7569], [21.1946, 45.757], [21.19471, 45.75706], [21.19527, 45.75729], [21.19565, 45.7574], [21.19677, 45.75778], [21.19698, 45.75782], [21.1973, 45.75792], [21.19785, 45.75805], [21.19804, 45.75812], [21.1985, 45.7582], [21.19888, 45.7583], [21.19934, 45.75837], [21.19966, 45.75839], [21.19999, 45.7585], [21.20026, 45.75855], [21.20053, 45.75857], [21.20089, 45.75857], [21.20126, 45.7586], [21.20157, 45.75858], [21.2018, 45.7586], [21.20228, 45.75858], [21.20267, 45.75863], [21.20271, 45.75862], [21.2027, 45.7586], [21.20266, 45.7586], [21.20262, 45.75863], [21.2026, 45.75858], [21.20255, 45.75855], [21.20255, 45.75856], [21.20259, 45.75854], [21.20278, 45.75845], [21.20283, 45.75845], [21.20315, 45.75848], [21.20336, 45.75856], [21.20349, 45.75858], [21.20382, 45.75858], [21.20437, 45.75852], [21.20472, 45.75855], [21.20544, 45.75848], [21.20658, 45.75829], [21.20699, 45.75826], [21.20752, 45.75818], [21.20828, 45.75801], [21.20847, 45.75796], [21.20883, 45.75789], [21.20887, 45.7579], [21.20887, 45.75791], [21.20891, 45.75789], [21.20913, 45.75783], [21.20932, 45.75781], [21.20953, 45.75769], [21.20975, 45.75761], [21.20993, 45.75758], [21.2104, 45.75744], [21.21055, 45.75742], [21.2108, 45.75734], [21.21111, 45.7573], [21.21142, 45.75721], [21.21196, 45.75714], [21.21236, 45.75705], [21.21264, 45.75701], [21.21299, 45.75694], [21.21425, 45.75679], [21.21431, 45.75675], [21.21445, 45.75674], [21.21461, 45.75668], [21.21505, 45.75668], [21.21622, 45.75657], [21.21644, 45.75657], [21.21656, 45.75659], [21.21672, 45.7566], [21.21676, 45.75662], [21.21674, 45.7566], [21.21673, 45.75664], [21.21675, 45.75669], [21.21673, 45.7567], [21.21678, 45.75679], [21.21678, 45.75683], [21.21673, 45.75685], [21.21646, 45.75681], [21.21618, 45.75681], [21.21593, 45.75686], [21.21547, 45.7569], [21.21513, 45.75691], [21.21477, 45.75696], [21.21474, 45.75697], [21.21471, 45.75703], [21.21464, 45.75705], [21.2146, 45.7571], [21.21437, 45.75715], [21.21423, 45.75716], [21.21419, 45.75715], [21.21415, 45.75708], [21.21407, 45.75705], [21.21366, 45.75705], [21.21315, 45.7571], [21.21223, 45.75727]]}, "properties": {"id": 18169735625, "name": "Run", "sport": "Run", "date": "2026-04-19", "distance_km": 5.42, "moving_time_s": 1849, "elev_gain_m": 4, "avg_speed_kmh": 10.5, "avg_hr": null}}, {"type": "Feature", "geometry": {"type": "LineString", "coordinates": [[21.20955, 45.76079], [21.20959, 45.76091], [21.20957, 45.76109], [21.20959, 45.76117], [21.20965, 45.76131], [21.2097, 45.7615], [21.20969, 45.76173], [21.20984, 45.76193], [21.21, 45.76233], [21.21026, 45.76275], [21.21053, 45.76314], [21.21062, 45.76334], [21.21069, 45.76344], [21.21087, 45.76381], [21.21098, 45.76398], [21.21103, 45.76403], [21.21112, 45.76407], [21.21122, 45.76422], [21.21159, 45.76459], [21.21201, 45.76491], [21.21272, 45.76541], [21.21284, 45.76553], [21.21296, 45.76562], [21.21325, 45.76576], [21.21503, 45.76698], [21.21536, 45.76725], [21.21559, 45.76735], [21.21588, 45.76761], [21.21605, 45.76772], [21.21638, 45.76795], [21.21673, 45.76816], [21.21719, 45.76829], [21.21738, 45.76838], [21.21753, 45.76843], [21.21779, 45.76855], [21.21808, 45.76864], [21.21842, 45.76867], [21.21878, 45.76874], [21.21915, 45.76874], [21.21928, 45.76876], [21.21951, 45.76876], [21.21984, 45.76879], [21.21987, 45.76884], [21.21979, 45.76894], [21.21981, 45.76898], [21.21985, 45.769], [21.21983, 45.76897], [21.2199, 45.76898], [21.21999, 45.76905], [21.22013, 45.7691], [21.22022, 45.76922], [21.22035, 45.76927], [21.22048, 45.7693], [21.22064, 45.76942], [21.22094, 45.76953], [21.22128, 45.76963], [21.22184, 45.76978], [21.22214, 45.76989], [21.22243, 45.76996], [21.22282, 45.77009], [21.22288, 45.77013], [21.22289, 45.77018], [21.2228, 45.7703], [21.22269, 45.77052], [21.22264, 45.77073], [21.22264, 45.77085], [21.22258, 45.77114], [21.22247, 45.77136], [21.22243, 45.77167], [21.22241, 45.77177], [21.22233, 45.77193], [21.22224, 45.77231], [21.22216, 45.77247], [21.22211, 45.77266], [21.22204, 45.77279], [21.22198, 45.77296], [21.22188, 45.77311], [21.22193, 45.77322], [21.22192, 45.77331], [21.22186, 45.77344], [21.22179, 45.77353], [21.22171, 45.77377], [21.2216, 45.77394], [21.22154, 45.77408], [21.22144, 45.77415], [21.22137, 45.77422], [21.22132, 45.77433], [21.2213, 45.77448], [21.22132, 45.77456], [21.22133, 45.77457], [21.22136, 45.77456], [21.22143, 45.77467], [21.2215, 45.77463], [21.22156, 45.77463], [21.22175, 45.77464], [21.22186, 45.77444], [21.22191, 45.7743], [21.22201, 45.77409], [21.22211, 45.77383], [21.22214, 45.77369], [21.22214, 45.77355], [21.22218, 45.77341], [21.22232, 45.77311], [21.22231, 45.77298], [21.22236, 45.7728], [21.22267, 45.77192], [21.22277, 45.77172], [21.2228, 45.77156], [21.22293, 45.77116], [21.22299, 45.77094], [21.223, 45.77087], [21.22316, 45.7705], [21.22332, 45.77026], [21.22338, 45.77009], [21.22343, 45.76988], [21.22357, 45.76966], [21.2236, 45.76957], [21.22365, 45.76947], [21.22375, 45.76923], [21.22387, 45.76903], [21.22388, 45.76894], [21.224, 45.76871], [21.2241, 45.76857], [21.22419, 45.76851], [21.2242, 45.76855], [21.2242, 45.76852], [21.22422, 45.7685], [21.2241, 45.76843], [21.22412, 45.76845], [21.22418, 45.76843], [21.22416, 45.76841], [21.22419, 45.7684], [21.22414, 45.76841], [21.22418, 45.76839], [21.22417, 45.76835], [21.22411, 45.7683], [21.22405, 45.76827], [21.22379, 45.76824], [21.22362, 45.76819], [21.22347, 45.76819], [21.22325, 45.76809], [21.22288, 45.768], [21.22242, 45.76781], [21.22232, 45.76776], [21.22207, 45.76759], [21.22196, 45.76754], [21.22193, 45.76747], [21.22203, 45.76738], [21.22203, 45.76736], [21.22199, 45.76735], [21.222, 45.76738], [21.22202, 45.76737], [21.22179, 45.7673], [21.22154, 45.76716], [21.22088, 45.76687], [21.22047, 45.76665], [21.21983, 45.76634], [21.21933, 45.76607], [21.2193, 45.76597], [21.2192, 45.76589], [21.21909, 45.76586], [21.21898, 45.76589], [21.21893, 45.76585], [21.21888, 45.76587], [21.21875, 45.76599], [21.21859, 45.76598], [21.21857, 45.76597], [21.21859, 45.76586], [21.21862, 45.76584], [21.21862, 45.76581], [21.21837, 45.76567], [21.21814, 45.76559], [21.21798, 45.76555], [21.21778, 45.76545], [21.21766, 45.76541], [21.21758, 45.76534], [21.21736, 45.7653], [21.21718, 45.76529], [21.21704, 45.76524], [21.21662, 45.76499], [21.2165, 45.76488], [21.21629, 45.7648], [21.21613, 45.76467], [21.216, 45.7646], [21.21586, 45.76448], [21.21554, 45.76427], [21.2153, 45.76415], [21.21523, 45.7641], [21.21509, 45.76387], [21.21502, 45.7638], [21.21495, 45.76366], [21.21479, 45.76348], [21.21476, 45.76344], [21.21476, 45.76335], [21.21456, 45.7631], [21.21456, 45.76307], [21.21454, 45.76301], [21.21429, 45.76271], [21.21408, 45.76255], [21.21404, 45.76247], [21.21388, 45.76235], [21.21379, 45.76225], [21.21377, 45.76219], [21.21372, 45.76212], [21.2134, 45.76216], [21.21302, 45.76227], [21.21215, 45.76261], [21.21193, 45.76273], [21.21165, 45.76283], [21.21146, 45.76295], [21.21111, 45.76306], [21.21102, 45.76306], [21.21099, 45.76304], [21.21092, 45.76291], [21.21091, 45.76281], [21.21078, 45.76274], [21.21071, 45.76262], [21.21058, 45.76228], [21.21051, 45.76216], [21.21045, 45.76197], [21.21035, 45.76176], [21.21029, 45.76168], [21.21017, 45.76138], [21.21003, 45.76116], [21.20999, 45.76095], [21.20991, 45.76075], [21.20987, 45.76055]]}, "properties": {"id": 18144639865, "name": "Temis 1", "sport": "Run", "date": "2026-04-17", "distance_km": 5.38, "moving_time_s": 1942, "elev_gain_m": 5, "avg_speed_kmh": 10.0, "avg_hr": null}}, {"type": "Feature", "geometry": {"type": "LineString", "coordinates": [[20.39781, 44.84134], [20.39941, 44.84118], [20.40198, 44.8414], [20.40286, 44.84134], [20.40395, 44.84144], [20.40418, 44.84134], [20.40152, 44.83539], [20.39942, 44.83], [20.39954, 44.82972], [20.40084, 44.82927], [20.40173, 44.82875], [20.40379, 44.82789], [20.4039, 44.82764], [20.4035, 44.82703], [20.40247, 44.82607], [20.40193, 44.82541], [20.40187, 44.82509], [20.40499, 44.82364], [20.40584, 44.82309], [20.40589, 44.82289], [20.40815, 44.82193], [20.40991, 44.821], [20.40477, 44.81536], [20.40011, 44.8101], [20.39981, 44.81003], [20.39846, 44.81058], [20.39733, 44.81006], [20.39737, 44.81011], [20.39834, 44.81051], [20.39871, 44.81046], [20.4009, 44.80953], [20.40409, 44.80802], [20.40804, 44.80656], [20.41012, 44.80644], [20.41137, 44.80665], [20.41253, 44.80695], [20.41297, 44.80437], [20.41321, 44.80394], [20.42119, 44.80347], [20.42266, 44.80313], [20.4238, 44.80256], [20.4243, 44.80213], [20.42401, 44.80185], [20.42445, 44.8019], [20.42473, 44.80116], [20.42696, 44.79118], [20.42789, 44.78998], [20.42983, 44.78871], [20.4317, 44.78623], [20.43275, 44.7855], [20.43527, 44.78449], [20.43649, 44.78381], [20.4373, 44.78374], [20.44019, 44.78257], [20.44301, 44.78084], [20.44908, 44.78055], [20.45263, 44.7801], [20.45803, 44.77815], [20.45821, 44.77724], [20.45901, 44.77687], [20.45991, 44.77606], [20.46187, 44.77363], [20.46488, 44.77035], [20.4658, 44.76959], [20.46766, 44.76842], [20.47375, 44.7616], [20.47424, 44.76127], [20.47578, 44.7609], [20.47958, 44.76105], [20.4803, 44.76093], [20.48186, 44.76105], [20.4854, 44.76183], [20.48646, 44.76157], [20.48693, 44.76162], [20.48992, 44.76295], [20.49134, 44.76375], [20.49179, 44.7642], [20.49195, 44.76503], [20.49212, 44.76511], [20.49423, 44.76373], [20.49658, 44.76258], [20.49836, 44.76344], [20.49853, 44.76334], [20.49852, 44.76352], [20.49908, 44.76393], [20.49955, 44.7641], [20.49911, 44.76399], [20.49837, 44.76347], [20.49805, 44.76344], [20.49697, 44.76283], [20.49659, 44.76274], [20.49467, 44.76355], [20.49203, 44.76515], [20.49166, 44.76413], [20.49122, 44.76375], [20.48918, 44.76266], [20.48693, 44.76168], [20.48638, 44.76163], [20.48514, 44.76195], [20.48161, 44.76119], [20.48014, 44.76122], [20.48013, 44.76093], [20.48114, 44.75975], [20.48332, 44.75629], [20.48297, 44.75572], [20.48194, 44.75501], [20.48172, 44.75455], [20.48218, 44.75154], [20.48158, 44.75044], [20.48103, 44.7501], [20.48027, 44.75005], [20.47934, 44.75018], [20.47849, 44.74991], [20.47736, 44.74999], [20.47698, 44.74987], [20.47667, 44.7495], [20.47658, 44.74841], [20.4771, 44.74642], [20.47744, 44.74579], [20.48194, 44.74295], [20.48405, 44.74218], [20.48666, 44.73976], [20.4866, 44.73939], [20.48596, 44.73901], [20.48566, 44.73866], [20.4857, 44.73742], [20.48421, 44.73579], [20.48365, 44.73489], [20.48278, 44.73167], [20.48325, 44.73047], [20.48637, 44.72725], [20.487, 44.72668], [20.48756, 44.72645], [20.48827, 44.72641], [20.48984, 44.72662], [20.49138, 44.72606], [20.49214, 44.72593], [20.49316, 44.72602], [20.49561, 44.72669], [20.49616, 44.72668], [20.49704, 44.72626], [20.49783, 44.72608], [20.49819, 44.72577], [20.49794, 44.72509], [20.49742, 44.72439], [20.49697, 44.72401], [20.49612, 44.72366], [20.49583, 44.72336], [20.49588, 44.72283], [20.49623, 44.72244], [20.49729, 44.72191], [20.50018, 44.72102], [20.50084, 44.72109], [20.50163, 44.72191], [20.50207, 44.72207], [20.50271, 44.72199], [20.50304, 44.72166], [20.50407, 44.71931], [20.5039, 44.71696], [20.50421, 44.71575], [20.50455, 44.71512], [20.50591, 44.7133], [20.50572, 44.71194], [20.50586, 44.71126], [20.50636, 44.71033], [20.50734, 44.70941], [20.50779, 44.7082], [20.50852, 44.70729], [20.50868, 44.7067], [20.5084, 44.7056], [20.50747, 44.70487], [20.50362, 44.70035], [20.50299, 44.69876], [20.50225, 44.69772], [20.50198, 44.69602], [20.50229, 44.6959], [20.50235, 44.69597], [20.50197, 44.69606], [20.50325, 44.69598], [20.50331, 44.69618], [20.50373, 44.69638], [20.50359, 44.69574], [20.50203, 44.69604], [20.5023, 44.69768], [20.50302, 44.69867], [20.50346, 44.69997], [20.50385, 44.70057], [20.50755, 44.70486], [20.50856, 44.70567], [20.50873, 44.70717], [20.50792, 44.70818], [20.50742, 44.70948], [20.50646, 44.71038], [20.50602, 44.71121], [20.50585, 44.71196], [20.50598, 44.71346], [20.50432, 44.71573], [20.50401, 44.71704], [20.50412, 44.71939], [20.50293, 44.7219], [20.50241, 44.72213], [20.50182, 44.72209], [20.50144, 44.72185], [20.50089, 44.72119], [20.50037, 44.72105], [20.49677, 44.72218], [20.49595, 44.72273], [20.49586, 44.72329], [20.49616, 44.72365], [20.49706, 44.72408], [20.49773, 44.72467], [20.49821, 44.7256], [20.4981, 44.72601], [20.4959, 44.72678], [20.49244, 44.72598], [20.49148, 44.7261], [20.48976, 44.72666], [20.48803, 44.72645], [20.48723, 44.72661], [20.48685, 44.72686], [20.48344, 44.73041], [20.48299, 44.73111], [20.48287, 44.73204], [20.48367, 44.73477], [20.48416, 44.73565], [20.48578, 44.73748], [20.48573, 44.73867], [20.48602, 44.73901], [20.48663, 44.73934], [20.48676, 44.73972], [20.484, 44.7423], [20.48209, 44.74295], [20.47762, 44.74579], [20.47718, 44.74652], [20.47665, 44.74864], [20.47673, 44.74954], [20.47711, 44.74989], [20.47842, 44.74988], [20.47943, 44.75012], [20.48082, 44.75], [20.48161, 44.75035], [20.48232, 44.75182], [20.48196, 44.75288], [20.48205, 44.75352], [20.4818, 44.75471], [20.48204, 44.75505], [20.4832, 44.75587], [20.48336, 44.75644], [20.48051, 44.7609], [20.4805, 44.76118], [20.48016, 44.76147], [20.47909, 44.76318], [20.47627, 44.77043], [20.47375, 44.77389], [20.47291, 44.77639], [20.47192, 44.77741], [20.46968, 44.77872], [20.46845, 44.77995], [20.46625, 44.78454], [20.46573, 44.78657], [20.46577, 44.78719], [20.46526, 44.78763], [20.46577, 44.7887], [20.46658, 44.79169], [20.46636, 44.79247], [20.46505, 44.79581], [20.46566, 44.8004], [20.46624, 44.8019], [20.46606, 44.80212], [20.4648, 44.80283], [20.46585, 44.80366], [20.46594, 44.80413], [20.46517, 44.80497], [20.4643, 44.80656], [20.46417, 44.80739], [20.46346, 44.80823], [20.46285, 44.80969], [20.4624, 44.81016], [20.46168, 44.81188], [20.46167, 44.81219], [20.46062, 44.81323], [20.46011, 44.81325], [20.45815, 44.81423], [20.45787, 44.81404], [20.45802, 44.81415], [20.45785, 44.81417], [20.45803, 44.8141], [20.45817, 44.81357], [20.45825, 44.81392], [20.45763, 44.81398], [20.45767, 44.81423], [20.45745, 44.81413], [20.45757, 44.81437], [20.45731, 44.81414], [20.45415, 44.81499], [20.45344, 44.81511], [20.45321, 44.81499], [20.45315, 44.81521], [20.44093, 44.81467], [20.44091, 44.81485], [20.44525, 44.81513], [20.44589, 44.81522], [20.44598, 44.81534], [20.44574, 44.81629], [20.44489, 44.81798], [20.44118, 44.82289], [20.44079, 44.82294], [20.44021, 44.82276], [20.43983, 44.82172], [20.43833, 44.82161], [20.43722, 44.82134], [20.43544, 44.82114], [20.43468, 44.82159], [20.43098, 44.82171], [20.42918, 44.82202], [20.42718, 44.82291], [20.42514, 44.82417], [20.42462, 44.82435], [20.42286, 44.82573], [20.42233, 44.82638], [20.42199, 44.82811], [20.42125, 44.82942], [20.42004, 44.83253], [20.41898, 44.83662], [20.41828, 44.84021], [20.41794, 44.84048], [20.41683, 44.84337], [20.41448, 44.84688], [20.41336, 44.84685], [20.40885, 44.84634], [20.40809, 44.84653], [20.4061, 44.84639], [20.40315, 44.84666], [20.40215, 44.84696], [20.40111, 44.84586], [20.39938, 44.84358], [20.39749, 44.84372], [20.39717, 44.8434], [20.39681, 44.84262]]}, "properties": {"id": 18067733110, "name": "Let the season begin", "sport": "Ride", "date": "2026-04-11", "distance_km": 55.17, "moving_time_s": 12608, "elev_gain_m": 654, "avg_speed_kmh": 15.8, "avg_hr": null}}, {"type": "Feature", "geometry": {"type": "LineString", "coordinates": [[20.39728, 44.84006], [20.39745, 44.83991], [20.3975, 44.83989], [20.39758, 44.83982], [20.39778, 44.83975], [20.39805, 44.83967], [20.39844, 44.83959], [20.3991, 44.83948], [20.40015, 44.83922], [20.40026, 44.83919], [20.40033, 44.83914], [20.40035, 44.8391], [20.4004, 44.83903], [20.40038, 44.83897], [20.40005, 44.83846], [20.3997, 44.838], [20.39948, 44.83774], [20.39943, 44.83766], [20.39941, 44.83758], [20.39929, 44.83738], [20.39895, 44.83695], [20.39892, 44.83689], [20.39887, 44.83685], [20.39856, 44.8362], [20.39839, 44.83597], [20.39833, 44.83578], [20.39824, 44.8356], [20.39735, 44.8355], [20.39688, 44.83549], [20.396, 44.83536], [20.39568, 44.83535], [20.39496, 44.83521], [20.39433, 44.83514], [20.39344, 44.8351], [20.39306, 44.83506], [20.39223, 44.83491], [20.39141, 44.83486], [20.39104, 44.83486], [20.39097, 44.83485], [20.3909, 44.8348], [20.39084, 44.83469], [20.39083, 44.83457], [20.39085, 44.83452], [20.39089, 44.83448], [20.39098, 44.83433], [20.39097, 44.83392], [20.39098, 44.83386], [20.3911, 44.83365], [20.39115, 44.83362], [20.39124, 44.8336], [20.39191, 44.83369], [20.39233, 44.83372], [20.39257, 44.83371], [20.39335, 44.8338], [20.39377, 44.83382], [20.39418, 44.83388], [20.39467, 44.83392], [20.3952, 44.83401], [20.39558, 44.83405], [20.3958, 44.83405], [20.39586, 44.83402], [20.39588, 44.83398], [20.39583, 44.83384], [20.39581, 44.83363], [20.39574, 44.83347], [20.39572, 44.83334], [20.39562, 44.83316], [20.39558, 44.83299], [20.39561, 44.83298], [20.39562, 44.83301], [20.39566, 44.83294], [20.39566, 44.83288], [20.39565, 44.83284], [20.39545, 44.83262], [20.39541, 44.83247], [20.39539, 44.83233], [20.39531, 44.83217], [20.39525, 44.83212], [20.39523, 44.83205], [20.3952, 44.83176], [20.39513, 44.83164], [20.39497, 44.83152], [20.39493, 44.83147], [20.39487, 44.83136], [20.39481, 44.83115], [20.39473, 44.83102], [20.39459, 44.83099], [20.39415, 44.83111], [20.39389, 44.83111], [20.3938, 44.83108], [20.39359, 44.83098], [20.39342, 44.83094], [20.39306, 44.83089], [20.39302, 44.83087], [20.39264, 44.82997], [20.39257, 44.82983], [20.39244, 44.8297], [20.39243, 44.82963], [20.39232, 44.8294], [20.39228, 44.82939], [20.39228, 44.82937], [20.39222, 44.82931], [20.39224, 44.82928], [20.39229, 44.82928], [20.39237, 44.82924], [20.39239, 44.82921], [20.39221, 44.82902], [20.39216, 44.82894], [20.3921, 44.82873], [20.3921, 44.82868], [20.39212, 44.82865], [20.39221, 44.82861], [20.39258, 44.82858], [20.39295, 44.82851], [20.39307, 44.82847], [20.39323, 44.82847], [20.39338, 44.8285], [20.39352, 44.82846], [20.3936, 44.82849], [20.39368, 44.82858], [20.39389, 44.82864], [20.3941, 44.82869], [20.39429, 44.82869], [20.39443, 44.82872], [20.39455, 44.82871], [20.39458, 44.82876], [20.39459, 44.82886], [20.39461, 44.82888], [20.39475, 44.82881], [20.39484, 44.82879], [20.39507, 44.82882], [20.39513, 44.82885], [20.3953, 44.82898], [20.3956, 44.82928], [20.39571, 44.82934], [20.39591, 44.82942], [20.39593, 44.82947], [20.3959, 44.82951], [20.39581, 44.82957], [20.39564, 44.82962], [20.39546, 44.82961], [20.39531, 44.82956], [20.39506, 44.82959], [20.39457, 44.8297], [20.39441, 44.8297], [20.39435, 44.82968], [20.39431, 44.82964], [20.39425, 44.82955], [20.39426, 44.82951], [20.39434, 44.82938], [20.39448, 44.82924], [20.39455, 44.8291], [20.3946, 44.82907], [20.39473, 44.82899], [20.39482, 44.82896], [20.39517, 44.82889], [20.39533, 44.82893], [20.39539, 44.82899], [20.39545, 44.82909], [20.39559, 44.82919], [20.39567, 44.82929], [20.39587, 44.82942], [20.39587, 44.82946], [20.39585, 44.82949], [20.39571, 44.82955], [20.39564, 44.82961], [20.39566, 44.82965], [20.39572, 44.82966], [20.39588, 44.82966], [20.39612, 44.82962], [20.39643, 44.82953], [20.3965, 44.82948], [20.39653, 44.82942], [20.39651, 44.82926], [20.39656, 44.82911], [20.39642, 44.82879], [20.39633, 44.82872], [20.39632, 44.82868], [20.39635, 44.82865], [20.39648, 44.82861], [20.39652, 44.82863], [20.3972, 44.82852], [20.39718, 44.82852], [20.39718, 44.8285], [20.39721, 44.82848], [20.39755, 44.8284], [20.39782, 44.82832], [20.39782, 44.82822], [20.39817, 44.82812], [20.39835, 44.82811], [20.39845, 44.82809], [20.39849, 44.82812], [20.39859, 44.82824], [20.39874, 44.82836], [20.39881, 44.82846], [20.39885, 44.82854], [20.39885, 44.82862], [20.3989, 44.82873], [20.39894, 44.82878], [20.39896, 44.82885], [20.39903, 44.82897], [20.39909, 44.8292], [20.39923, 44.82947], [20.39932, 44.82981], [20.39934, 44.82983], [20.39941, 44.82985], [20.39952, 44.82985], [20.39965, 44.82979], [20.39977, 44.82978], [20.40013, 44.82963], [20.40031, 44.8296], [20.40076, 44.82947], [20.40076, 44.82943], [20.40071, 44.82937], [20.40047, 44.8292], [20.40039, 44.82911], [20.40036, 44.82904], [20.40032, 44.82891], [20.40033, 44.82881], [20.40035, 44.82877], [20.4004, 44.82877], [20.40044, 44.82868], [20.40054, 44.82857], [20.40055, 44.82855], [20.40053, 44.8285], [20.40042, 44.82843], [20.40033, 44.8284], [20.40029, 44.82826], [20.40027, 44.82822], [20.40003, 44.82801], [20.39999, 44.82794], [20.4, 44.82791], [20.39998, 44.82783], [20.39992, 44.82774], [20.39994, 44.82766], [20.39983, 44.82753], [20.39986, 44.82749], [20.3998, 44.82739], [20.3998, 44.82723], [20.39978, 44.82715]]}, "properties": {"id": 17924010568, "name": "Run", "sport": "Run", "date": "2026-03-31", "distance_km": 4.73, "moving_time_s": 1847, "elev_gain_m": 26, "avg_speed_kmh": 9.2, "avg_hr": null}}, {"type": "Feature", "geometry": {"type": "LineString", "coordinates": [[20.39644, 44.8396], [20.39622, 44.83908], [20.39614, 44.83883], [20.39611, 44.83879], [20.39597, 44.83878], [20.39556, 44.8389], [20.39543, 44.83889], [20.39505, 44.83902], [20.395, 44.83901], [20.39495, 44.83897], [20.39486, 44.83881], [20.39482, 44.83855], [20.39466, 44.83856], [20.39441, 44.83864], [20.39406, 44.83867], [20.3938, 44.83871], [20.39333, 44.83873], [20.39315, 44.83877], [20.3931, 44.83875], [20.39307, 44.83872], [20.39301, 44.83854], [20.39288, 44.83825], [20.39284, 44.83812], [20.39274, 44.83799], [20.39274, 44.83795], [20.39275, 44.83792], [20.39287, 44.83786], [20.39303, 44.83783], [20.39307, 44.83778], [20.39322, 44.83771], [20.39333, 44.83757], [20.39349, 44.83746], [20.39408, 44.83723], [20.39434, 44.83719], [20.39438, 44.83722], [20.39442, 44.83749], [20.39454, 44.83792], [20.39459, 44.83804], [20.39473, 44.83816], [20.39472, 44.83821], [20.3947, 44.83822], [20.39381, 44.83835], [20.39379, 44.83833], [20.39381, 44.83825], [20.39379, 44.83815], [20.39372, 44.83802], [20.39364, 44.83797], [20.39347, 44.83789], [20.39303, 44.83772], [20.39298, 44.83773], [20.3929, 44.8378], [20.39272, 44.83788], [20.39264, 44.83796], [20.39263, 44.838], [20.39271, 44.83817], [20.39271, 44.83826], [20.39278, 44.83837], [20.3928, 44.83839], [20.39283, 44.83837], [20.39284, 44.83828], [20.3929, 44.83825], [20.393, 44.83823], [20.39307, 44.83824], [20.39328, 44.83834], [20.39379, 44.83838], [20.39445, 44.8383], [20.39471, 44.83824], [20.39476, 44.83826], [20.39477, 44.8383], [20.39475, 44.83839], [20.39476, 44.83853], [20.39481, 44.83859], [20.39487, 44.8386], [20.39534, 44.83846], [20.39568, 44.83838], [20.39574, 44.83839], [20.39577, 44.83842], [20.39581, 44.83842], [20.39639, 44.83835], [20.39651, 44.83844], [20.39664, 44.83857], [20.39661, 44.83853], [20.39656, 44.8385], [20.39661, 44.83854], [20.39662, 44.83873], [20.39666, 44.83884], [20.39672, 44.83889], [20.39681, 44.83904], [20.39698, 44.83938], [20.39711, 44.83974], [20.39715, 44.8398], [20.3972, 44.83984], [20.39732, 44.83983], [20.3978, 44.83968], [20.39814, 44.8396], [20.39882, 44.83945], [20.39938, 44.83937], [20.40032, 44.83915], [20.40048, 44.83918], [20.40093, 44.83983], [20.40098, 44.83984], [20.4013, 44.83979], [20.40134, 44.83981], [20.40147, 44.83994], [20.40154, 44.8401], [20.40161, 44.84032], [20.40159, 44.8404], [20.40145, 44.84054], [20.40146, 44.84057], [20.40156, 44.8406], [20.40164, 44.84061], [20.4021, 44.84053], [20.40222, 44.84055], [20.40233, 44.84062], [20.40256, 44.84094], [20.40262, 44.84121], [20.4027, 44.84134], [20.4027, 44.84142], [20.40271, 44.84144], [20.40304, 44.84143], [20.40389, 44.84148], [20.40412, 44.84151], [20.40439, 44.84159], [20.40447, 44.84168], [20.40476, 44.84191], [20.40514, 44.84219], [20.40514, 44.84227], [20.40512, 44.8423], [20.40508, 44.84232], [20.40509, 44.8423], [20.40511, 44.84228], [20.40515, 44.84231], [20.40514, 44.84233], [20.40514, 44.8423], [20.40512, 44.84231], [20.40518, 44.84232], [20.40512, 44.84226], [20.4051, 44.84229], [20.40514, 44.84235], [20.40521, 44.84236], [20.40534, 44.84234], [20.4055, 44.84241], [20.40557, 44.84245], [20.40565, 44.84256], [20.40573, 44.84263], [20.40637, 44.843], [20.40642, 44.84309], [20.40662, 44.84324], [20.40667, 44.84333], [20.40679, 44.84344], [20.407, 44.84359], [20.40716, 44.84365], [20.4075, 44.8439], [20.4076, 44.84393], [20.40768, 44.84393], [20.40773, 44.84391], [20.40781, 44.84382], [20.40859, 44.84315], [20.40874, 44.843], [20.40885, 44.84283], [20.40918, 44.84245], [20.40919, 44.8424], [20.40917, 44.84236], [20.40892, 44.84223], [20.40891, 44.8422], [20.40895, 44.84216], [20.409, 44.84202], [20.40905, 44.842], [20.40908, 44.84194], [20.40907, 44.84185], [20.40908, 44.84179], [20.40918, 44.84172], [20.40942, 44.84164], [20.40949, 44.8416], [20.40955, 44.84154], [20.40967, 44.84137], [20.40983, 44.84109], [20.41, 44.84085], [20.41007, 44.84073], [20.41031, 44.84039], [20.4105, 44.84017], [20.41053, 44.84011], [20.41054, 44.84006], [20.41047, 44.83999], [20.41036, 44.83993], [20.40994, 44.83977], [20.40964, 44.83974], [20.40949, 44.83974], [20.40858, 44.83951], [20.40847, 44.83951], [20.40841, 44.83954], [20.4079, 44.83991], [20.40754, 44.84022], [20.40715, 44.8406], [20.40674, 44.84094], [20.40666, 44.841], [20.40649, 44.84104], [20.40644, 44.84106], [20.40635, 44.84117], [20.40626, 44.84123], [20.40609, 44.84139], [20.40574, 44.84175], [20.40573, 44.8418], [20.40567, 44.84182], [20.40555, 44.84193], [20.40548, 44.84195], [20.40539, 44.84201], [20.4053, 44.84203], [20.4052, 44.84211], [20.40502, 44.84231], [20.40474, 44.84255], [20.40436, 44.84293], [20.40432, 44.84302], [20.40427, 44.8431], [20.4039, 44.84348], [20.40334, 44.8442], [20.40295, 44.84466], [20.40272, 44.84499], [20.40263, 44.84509], [20.40254, 44.84516], [20.40215, 44.84535], [20.40147, 44.84561], [20.40123, 44.8457], [20.4011, 44.8457], [20.40102, 44.84572], [20.40078, 44.84586], [20.40047, 44.84597], [20.4004, 44.84603], [20.40017, 44.84609], [20.40007, 44.84614], [20.39959, 44.84629], [20.39812, 44.84683], [20.39703, 44.84725], [20.39676, 44.84734], [20.3967, 44.84734], [20.39663, 44.8473], [20.39649, 44.84707], [20.39591, 44.84602], [20.39581, 44.84589], [20.3958, 44.84586], [20.39581, 44.84583], [20.3959, 44.84576], [20.39591, 44.84573], [20.39586, 44.84564], [20.39583, 44.84561], [20.39569, 44.84557], [20.39566, 44.84546], [20.3956, 44.84538], [20.39549, 44.84534], [20.39542, 44.84527], [20.39534, 44.84511], [20.39525, 44.84498], [20.39496, 44.84464], [20.39474, 44.84432], [20.39466, 44.84412], [20.39434, 44.84364], [20.39424, 44.84345], [20.39422, 44.84338], [20.39427, 44.84333], [20.39438, 44.84329], [20.39477, 44.84324], [20.39501, 44.84323], [20.39529, 44.84319], [20.39555, 44.84314], [20.39599, 44.84302], [20.3968, 44.84285], [20.39685, 44.84283], [20.39686, 44.84279], [20.39678, 44.84267]]}, "properties": {"id": 17821596340, "name": "Run", "sport": "Run", "date": "2026-03-22", "distance_km": 6.12, "moving_time_s": 2239, "elev_gain_m": 45, "avg_speed_kmh": 9.8, "avg_hr": null}}, {"type": "Feature", "geometry": {"type": "LineString", "coordinates": [[20.39729, 44.84004], [20.39733, 44.84004], [20.39735, 44.83999], [20.39739, 44.83996], [20.39768, 44.83978], [20.39822, 44.83956], [20.3983, 44.83953], [20.39837, 44.83954], [20.39855, 44.83948], [20.3992, 44.83941], [20.39993, 44.83926], [20.40018, 44.83917], [20.40023, 44.83912], [20.40022, 44.83908], [20.40033, 44.83908], [20.40028, 44.83898], [20.4001, 44.83879], [20.40001, 44.83859], [20.39992, 44.83846], [20.39963, 44.8382], [20.39953, 44.83807], [20.3994, 44.83778], [20.39903, 44.83725], [20.39896, 44.83709], [20.39882, 44.83686], [20.39863, 44.83638], [20.39851, 44.83618], [20.39846, 44.83599], [20.39842, 44.83591], [20.39837, 44.83589], [20.39834, 44.83586], [20.39831, 44.83572], [20.39828, 44.83568], [20.39776, 44.83559], [20.39747, 44.83552], [20.39727, 44.83549], [20.39695, 44.83548], [20.39654, 44.83543], [20.39619, 44.83542], [20.39567, 44.83536], [20.3952, 44.83527], [20.39481, 44.83523], [20.39409, 44.83521], [20.39357, 44.83512], [20.39323, 44.83509], [20.393, 44.83504], [20.39294, 44.83502], [20.39282, 44.83499], [20.39267, 44.83498], [20.3923, 44.83501], [20.39207, 44.83501], [20.39137, 44.83492], [20.39116, 44.83487], [20.39108, 44.83488], [20.39106, 44.83485], [20.39107, 44.83479], [20.39099, 44.83458], [20.39096, 44.83442], [20.39091, 44.83428], [20.39087, 44.83397], [20.39094, 44.83379], [20.39098, 44.83374], [20.39107, 44.83371], [20.39155, 44.8336], [20.39164, 44.83359], [20.39178, 44.8336], [20.3921, 44.83364], [20.39231, 44.83372], [20.39253, 44.83374], [20.39289, 44.8337], [20.39336, 44.83373], [20.3938, 44.83365], [20.39441, 44.83377], [20.39455, 44.83384], [20.39473, 44.83395], [20.39479, 44.83397], [20.39506, 44.83399], [20.39531, 44.83406], [20.39548, 44.83401], [20.39561, 44.83394], [20.39571, 44.8339], [20.39578, 44.83389], [20.39594, 44.83389], [20.39599, 44.83385], [20.39603, 44.83373], [20.39618, 44.83365], [20.39631, 44.83354], [20.39643, 44.83349], [20.3965, 44.83349], [20.39689, 44.83337], [20.39702, 44.83342], [20.39716, 44.8335], [20.39725, 44.83351], [20.39737, 44.83348], [20.39749, 44.83343], [20.39754, 44.83339], [20.39758, 44.8333], [20.39763, 44.83327], [20.39773, 44.83327], [20.39777, 44.83329], [20.39786, 44.83327], [20.39788, 44.83328], [20.39802, 44.83327], [20.39808, 44.83325], [20.39815, 44.83316], [20.39815, 44.83311], [20.39804, 44.8329], [20.39793, 44.83281], [20.39788, 44.83256], [20.39777, 44.83244], [20.39762, 44.83235], [20.39771, 44.83224], [20.39771, 44.83221], [20.39774, 44.83206], [20.39763, 44.83199], [20.3976, 44.83196], [20.39759, 44.83188], [20.39755, 44.83181], [20.39754, 44.83168], [20.39745, 44.83154], [20.39745, 44.83144], [20.39738, 44.8313], [20.39737, 44.83125], [20.39739, 44.83122], [20.39727, 44.83111], [20.39715, 44.83092], [20.39714, 44.83086], [20.39718, 44.83066], [20.39715, 44.83051], [20.39717, 44.83039], [20.39693, 44.83047], [20.39672, 44.83058], [20.39652, 44.83075], [20.39647, 44.83077], [20.39604, 44.8308], [20.39578, 44.83089], [20.39572, 44.83088], [20.39562, 44.83081], [20.39467, 44.83098], [20.39457, 44.83102], [20.39452, 44.831], [20.39445, 44.83101], [20.39427, 44.8311], [20.39422, 44.83105], [20.39411, 44.83103], [20.39379, 44.83105], [20.39373, 44.83101], [20.39364, 44.83099], [20.39106, 44.82787], [20.39097, 44.82788], [20.39058, 44.82799], [20.39036, 44.828], [20.39012, 44.82795], [20.38986, 44.82797], [20.38975, 44.82794], [20.38957, 44.82782], [20.38945, 44.82765], [20.38929, 44.82763], [20.38921, 44.82763], [20.38912, 44.8277], [20.38907, 44.82771], [20.38875, 44.82777], [20.3886, 44.82777], [20.38852, 44.8278], [20.38835, 44.8279], [20.3883, 44.82798], [20.38845, 44.82818], [20.38846, 44.82826], [20.38843, 44.8284], [20.38844, 44.82854], [20.38847, 44.82864], [20.38851, 44.82872], [20.38857, 44.8288], [20.38869, 44.82911], [20.38881, 44.82927], [20.38888, 44.82934], [20.38892, 44.82954], [20.38904, 44.8298], [20.38907, 44.83001], [20.38909, 44.83005], [20.38918, 44.83014], [20.38937, 44.83054], [20.38946, 44.83069], [20.38952, 44.83085], [20.38954, 44.83098], [20.38964, 44.83114], [20.38972, 44.83154], [20.3898, 44.83171], [20.38989, 44.83186], [20.38998, 44.83199], [20.39005, 44.83205], [20.39013, 44.8322], [20.39026, 44.83232], [20.39033, 44.83246], [20.39031, 44.83252], [20.39032, 44.83255], [20.39046, 44.83267], [20.39054, 44.83279], [20.39053, 44.83284], [20.39073, 44.83321], [20.39076, 44.83322], [20.39092, 44.83334], [20.39105, 44.8334], [20.39107, 44.83345], [20.39106, 44.83354], [20.39099, 44.83374], [20.39094, 44.83382], [20.39088, 44.83388], [20.39087, 44.83392], [20.39088, 44.83404], [20.3908, 44.83426], [20.3908, 44.83439], [20.39078, 44.83451], [20.39096, 44.83468], [20.39099, 44.83477], [20.39099, 44.83482], [20.39102, 44.83485], [20.39108, 44.83487], [20.39121, 44.83486], [20.39134, 44.83487], [20.39148, 44.83491], [20.39169, 44.83493], [20.39186, 44.83496], [20.39211, 44.83498], [20.39249, 44.83506], [20.39273, 44.83503], [20.3929, 44.83499], [20.39303, 44.83501], [20.39332, 44.83509], [20.3936, 44.83512], [20.39381, 44.83511], [20.39404, 44.83513], [20.39426, 44.83519], [20.39458, 44.83521], [20.39477, 44.83523], [20.39489, 44.83527], [20.39515, 44.83528], [20.39541, 44.83533], [20.39545, 44.83533], [20.39549, 44.83536], [20.39559, 44.83537], [20.39587, 44.83533], [20.39594, 44.83533], [20.39616, 44.83538], [20.39619, 44.83542], [20.39632, 44.83542], [20.39642, 44.83553], [20.39665, 44.83555], [20.39676, 44.83554], [20.39693, 44.83558], [20.39701, 44.83556], [20.39717, 44.83558], [20.39723, 44.83557], [20.39735, 44.83559], [20.39739, 44.83559], [20.39729, 44.83558], [20.39732, 44.83559], [20.39766, 44.83562], [20.39771, 44.83564], [20.39789, 44.8356], [20.39819, 44.83567], [20.39825, 44.83566], [20.3983, 44.83567], [20.39833, 44.83572], [20.39838, 44.83594], [20.39849, 44.83605], [20.39869, 44.83631], [20.39873, 44.83642], [20.39879, 44.8365], [20.39885, 44.83665], [20.39898, 44.83691], [20.39907, 44.8371], [20.39918, 44.83723], [20.39944, 44.8376], [20.39973, 44.83809], [20.40013, 44.8386], [20.40014, 44.83863], [20.40013, 44.83864], [20.40021, 44.83877], [20.40058, 44.83921], [20.40051, 44.83918], [20.40056, 44.83919], [20.40092, 44.83968], [20.40109, 44.83999], [20.40114, 44.84011], [20.40111, 44.84016], [20.40106, 44.84018], [20.40084, 44.84019], [20.4005, 44.84026], [20.40027, 44.84032], [20.40009, 44.84039], [20.39969, 44.84046], [20.39896, 44.84064], [20.39876, 44.8407], [20.3985, 44.84074], [20.39786, 44.84088]]}, "properties": {"id": 17743254610, "name": "Run", "sport": "Run", "date": "2026-03-16", "distance_km": 5.77, "moving_time_s": 2103, "elev_gain_m": 31, "avg_speed_kmh": 9.9, "avg_hr": null}}, {"type": "Feature", "geometry": {"type": "LineString", "coordinates": [[20.39713, 44.84003], [20.39734, 44.83993], [20.39755, 44.83978], [20.39773, 44.83973], [20.39778, 44.83968], [20.39788, 44.83963], [20.39852, 44.83954], [20.39899, 44.83943], [20.39933, 44.83938], [20.40027, 44.83914], [20.40036, 44.8391], [20.40032, 44.83898], [20.40019, 44.83882], [20.3998, 44.83827], [20.39947, 44.83776], [20.39924, 44.83734], [20.39895, 44.83698], [20.39872, 44.83652], [20.3986, 44.8362], [20.39843, 44.83594], [20.39838, 44.83572], [20.39833, 44.83564], [20.39822, 44.8356], [20.39816, 44.8356], [20.3976, 44.83562], [20.39746, 44.83563], [20.39724, 44.83562], [20.39683, 44.83557], [20.39643, 44.83549], [20.39634, 44.8355], [20.39591, 44.83537], [20.39558, 44.83533], [20.39544, 44.83532], [20.39492, 44.83522], [20.39473, 44.83521], [20.39448, 44.83522], [20.3937, 44.83518], [20.39291, 44.8351], [20.39225, 44.83498], [20.39179, 44.83496], [20.39108, 44.83489], [20.39101, 44.83487], [20.39091, 44.83477], [20.39082, 44.83465], [20.39079, 44.83456], [20.39079, 44.83437], [20.39089, 44.83399], [20.39092, 44.83385], [20.39096, 44.83379], [20.39106, 44.83373], [20.3911, 44.83364], [20.39118, 44.83361], [20.39153, 44.8336], [20.39189, 44.83361], [20.39273, 44.83371], [20.39316, 44.83373], [20.39367, 44.83378], [20.39444, 44.83383], [20.39493, 44.83392], [20.39584, 44.834], [20.39591, 44.83398], [20.39592, 44.83393], [20.39584, 44.83372], [20.39573, 44.83337], [20.39557, 44.83302], [20.39556, 44.83291], [20.39551, 44.83274], [20.3954, 44.83249], [20.39532, 44.83228], [20.39521, 44.83206], [20.39509, 44.8317], [20.39491, 44.83129], [20.39492, 44.83122], [20.39482, 44.83101], [20.39479, 44.83074], [20.39475, 44.83059], [20.39465, 44.83036], [20.39427, 44.82964], [20.39415, 44.82947], [20.39401, 44.82913], [20.39398, 44.82899], [20.39389, 44.82875], [20.3938, 44.82857], [20.39369, 44.82828], [20.39342, 44.8278], [20.39338, 44.82768], [20.39329, 44.82752], [20.39325, 44.82741], [20.39323, 44.8274], [20.39325, 44.82737], [20.39323, 44.82734], [20.39325, 44.82729], [20.39321, 44.82723], [20.39318, 44.82723], [20.39271, 44.8273], [20.39233, 44.82733], [20.39203, 44.82738], [20.39176, 44.8274], [20.39166, 44.82745], [20.3915, 44.82748], [20.3908, 44.82754], [20.39044, 44.82756], [20.38982, 44.82763], [20.38946, 44.82763], [20.38936, 44.8276], [20.38931, 44.8276], [20.38916, 44.82765], [20.38863, 44.82772], [20.38825, 44.82785], [20.38822, 44.82789], [20.38822, 44.82793], [20.38833, 44.82815], [20.38847, 44.82849], [20.38852, 44.82855], [20.38858, 44.8287], [20.38861, 44.82879], [20.38868, 44.82891], [20.38872, 44.82905], [20.38879, 44.82919], [20.38881, 44.82936], [20.38897, 44.8297], [20.38917, 44.83023], [20.38922, 44.83042], [20.38933, 44.8306], [20.38948, 44.83095], [20.38956, 44.83117], [20.38971, 44.83142], [20.38988, 44.83185], [20.39001, 44.83212], [20.39009, 44.83223], [20.39018, 44.8324], [20.39036, 44.83266], [20.39076, 44.83302], [20.39087, 44.83324], [20.39092, 44.8334], [20.39093, 44.83354], [20.3909, 44.83371], [20.39081, 44.83387], [20.39076, 44.83423], [20.39076, 44.83443], [20.39077, 44.83453], [20.39082, 44.8347], [20.39087, 44.8348], [20.39089, 44.83482], [20.39102, 44.83486], [20.39135, 44.83489], [20.39219, 44.83492], [20.39234, 44.83497], [20.39263, 44.83501], [20.39284, 44.83506], [20.3934, 44.83514], [20.39365, 44.83516], [20.39373, 44.83515], [20.39377, 44.83518], [20.39389, 44.83518], [20.39404, 44.83516], [20.39434, 44.83516], [20.39489, 44.83524], [20.39505, 44.83523], [20.39564, 44.83533], [20.39611, 44.83533], [20.39628, 44.83534], [20.39656, 44.83543], [20.39674, 44.83545], [20.39697, 44.8355], [20.39746, 44.83552], [20.39775, 44.83557], [20.39822, 44.8356], [20.39828, 44.8356], [20.39832, 44.83564], [20.39845, 44.83597], [20.39864, 44.83632], [20.39865, 44.83641], [20.39881, 44.83677], [20.39898, 44.83706], [20.3991, 44.83721], [20.3992, 44.83741], [20.39948, 44.83782], [20.40001, 44.83852], [20.4001, 44.83866], [20.40037, 44.83901], [20.40046, 44.83917], [20.40078, 44.83958], [20.40089, 44.83969], [20.40105, 44.83993], [20.4011, 44.83997], [20.40114, 44.84007], [20.4011, 44.84011], [20.40086, 44.84018], [20.40069, 44.84021], [20.40044, 44.84029], [20.40019, 44.84033], [20.39981, 44.84045], [20.39751, 44.84098], [20.39744, 44.84099], [20.39732, 44.84096], [20.39724, 44.84101], [20.39719, 44.84109], [20.3972, 44.84108], [20.39716, 44.84108], [20.39718, 44.84107], [20.39717, 44.84104], [20.39717, 44.84109], [20.39714, 44.84111], [20.39714, 44.84113], [20.39731, 44.84131], [20.39743, 44.84141], [20.39762, 44.84164], [20.39776, 44.84177], [20.39784, 44.84188], [20.39812, 44.84209], [20.39823, 44.84212], [20.39844, 44.84248], [20.39851, 44.84266], [20.39862, 44.84283], [20.39881, 44.84289], [20.39893, 44.8431], [20.39907, 44.84316], [20.39965, 44.84372], [20.39998, 44.84413], [20.40001, 44.8442], [20.40018, 44.84444], [20.4002, 44.84449], [20.40022, 44.84462], [20.40026, 44.84466], [20.40029, 44.84473], [20.40041, 44.84483], [20.40066, 44.8452], [20.40074, 44.84527], [20.40102, 44.84571], [20.40102, 44.84574], [20.40091, 44.84581], [20.40073, 44.84587], [20.40066, 44.84588], [20.40049, 44.84598], [20.40006, 44.84614], [20.39953, 44.84631], [20.39827, 44.84677], [20.39797, 44.84685], [20.39774, 44.84694], [20.39763, 44.84701], [20.3974, 44.84707], [20.39708, 44.84722], [20.3968, 44.8473], [20.39671, 44.84728], [20.39663, 44.84722], [20.39646, 44.84699], [20.39639, 44.84691], [20.39633, 44.84678], [20.39632, 44.84673], [20.39622, 44.84659], [20.3961, 44.84637], [20.39605, 44.84633], [20.39603, 44.8462], [20.39593, 44.84607], [20.39586, 44.84595], [20.39587, 44.8459], [20.39594, 44.84578], [20.39584, 44.84547], [20.39579, 44.84541], [20.39571, 44.84536], [20.39553, 44.8453], [20.3955, 44.84527], [20.39544, 44.84514], [20.39534, 44.84503], [20.39529, 44.84492], [20.39507, 44.8446], [20.39496, 44.84438], [20.3949, 44.84431], [20.39483, 44.84433], [20.39468, 44.84414], [20.39458, 44.84392], [20.39449, 44.84382], [20.39446, 44.84375], [20.39421, 44.84339], [20.39409, 44.84317], [20.39384, 44.84278], [20.39379, 44.84265]]}, "properties": {"id": 17577937993, "name": "Run mond", "sport": "Run", "date": "2026-03-02", "distance_km": 7.53, "moving_time_s": 2618, "elev_gain_m": 34, "avg_speed_kmh": 10.4, "avg_hr": null}}, {"type": "Feature", "geometry": {"type": "LineString", "coordinates": [[20.39721, 44.83993], [20.3975, 44.83981], [20.39777, 44.83975], [20.39802, 44.83964], [20.39823, 44.8396], [20.39838, 44.83956], [20.39878, 44.83952], [20.39889, 44.83955], [20.39926, 44.83958], [20.39951, 44.83954], [20.39967, 44.83943], [20.39983, 44.83924], [20.39992, 44.83918], [20.40001, 44.83913], [20.40016, 44.8391], [20.40024, 44.83903], [20.40019, 44.83894], [20.40021, 44.83891], [20.4001, 44.83875], [20.40006, 44.83859], [20.39997, 44.83846], [20.39975, 44.83823], [20.39948, 44.83803], [20.39937, 44.83792], [20.39929, 44.8378], [20.39932, 44.83772], [20.39929, 44.83762], [20.39888, 44.83709], [20.39884, 44.83698], [20.39872, 44.83685], [20.39872, 44.83682], [20.39877, 44.83682], [20.39878, 44.83676], [20.39882, 44.8367], [20.39869, 44.8366], [20.39866, 44.83652], [20.39846, 44.83616], [20.39834, 44.836], [20.39831, 44.83591], [20.39834, 44.83578], [20.39833, 44.83569], [20.39831, 44.83566], [20.39828, 44.83564], [20.3978, 44.83558], [20.39741, 44.83559], [20.39712, 44.83558], [20.39684, 44.83553], [20.39641, 44.83548], [20.39605, 44.8354], [20.39582, 44.83537], [20.3956, 44.83538], [20.39529, 44.83532], [20.39493, 44.83528], [20.3947, 44.83524], [20.39402, 44.8352], [20.39382, 44.83516], [20.39307, 44.83507], [20.39165, 44.83498], [20.3914, 44.83493], [20.3912, 44.83492], [20.3911, 44.83487], [20.39103, 44.83478], [20.39096, 44.83475], [20.39085, 44.83465], [20.39078, 44.83456], [20.3907, 44.83441], [20.39072, 44.8343], [20.39081, 44.83403], [20.39091, 44.83387], [20.39096, 44.83374], [20.39095, 44.83364], [20.39092, 44.83346], [20.39083, 44.83325], [20.39077, 44.83315], [20.3907, 44.83307], [20.39041, 44.83291], [20.39023, 44.83276], [20.39019, 44.83269], [20.38984, 44.83224], [20.38976, 44.83211], [20.38962, 44.83196], [20.38961, 44.83176], [20.38942, 44.83125], [20.38931, 44.83112], [20.38922, 44.83095], [20.38908, 44.83079], [20.38906, 44.83073], [20.38903, 44.8306], [20.38898, 44.8305], [20.38894, 44.82998], [20.3888, 44.8298], [20.38873, 44.82969], [20.38867, 44.82951], [20.38856, 44.82938], [20.38852, 44.82923], [20.38837, 44.82903], [20.38831, 44.82871], [20.38821, 44.8285], [20.38824, 44.82835], [20.38823, 44.82829], [20.38809, 44.82819], [20.38798, 44.82809], [20.38794, 44.828], [20.38796, 44.82793], [20.38808, 44.82787], [20.3883, 44.82781], [20.38853, 44.82769], [20.38883, 44.82767], [20.38902, 44.82761], [20.38929, 44.82757], [20.38976, 44.82757], [20.38992, 44.82755], [20.39033, 44.82752], [20.39062, 44.82743], [20.39095, 44.8274], [20.39124, 44.82728], [20.39143, 44.82723], [20.39186, 44.82721], [20.39203, 44.82725], [20.39224, 44.82726], [20.39255, 44.82722], [20.39289, 44.82724], [20.39307, 44.82721], [20.39311, 44.82722], [20.3931, 44.82727], [20.39299, 44.82725], [20.39297, 44.8273], [20.39307, 44.82752], [20.39307, 44.82769], [20.39319, 44.82784], [20.39339, 44.82799], [20.3935, 44.82826], [20.39356, 44.82835], [20.39367, 44.82863], [20.3938, 44.82884], [20.39383, 44.82895], [20.39389, 44.82906], [20.3939, 44.82913], [20.39392, 44.82916], [20.39395, 44.82928], [20.3941, 44.82961], [20.39421, 44.82978], [20.39431, 44.83011], [20.39447, 44.83035], [20.3946, 44.83079], [20.39463, 44.83082], [20.39463, 44.83094], [20.39543, 44.83277], [20.39566, 44.83319], [20.39569, 44.8333], [20.39565, 44.83334], [20.39565, 44.83339], [20.39569, 44.83353], [20.39581, 44.83369], [20.39589, 44.83373], [20.39595, 44.83379], [20.39599, 44.83385], [20.396, 44.83392], [20.396, 44.83395], [20.3959, 44.83399], [20.39569, 44.83398], [20.39544, 44.83401], [20.3949, 44.83392], [20.39451, 44.83392], [20.39401, 44.83385], [20.39362, 44.83386], [20.39346, 44.83384], [20.39307, 44.83382], [20.39261, 44.83377], [20.39205, 44.83366], [20.39113, 44.83355], [20.39107, 44.83358], [20.39103, 44.83363], [20.391, 44.83374], [20.3909, 44.83388], [20.39087, 44.83396], [20.3908, 44.83429], [20.39082, 44.83442], [20.39078, 44.83452], [20.39079, 44.8346], [20.39091, 44.83485], [20.39102, 44.8349], [20.39117, 44.83492], [20.3915, 44.8349], [20.39204, 44.83504], [20.39226, 44.83508], [20.39246, 44.83508], [20.39255, 44.83506], [20.39287, 44.8351], [20.39295, 44.83509], [20.39329, 44.83517], [20.39365, 44.83519], [20.39437, 44.83532], [20.39453, 44.83533], [20.39486, 44.83526], [20.395, 44.83525], [20.39531, 44.83534], [20.39549, 44.83538], [20.39553, 44.83538], [20.39561, 44.83535], [20.39566, 44.83535], [20.39579, 44.83538], [20.39582, 44.83543], [20.39601, 44.83554], [20.39627, 44.83547], [20.39643, 44.83552], [20.39657, 44.83552], [20.39677, 44.83555], [20.39693, 44.83555], [20.39704, 44.83556], [20.39731, 44.83555], [20.39744, 44.83559], [20.39758, 44.83558], [20.39792, 44.83561], [20.39814, 44.83561], [20.39818, 44.83561], [20.39823, 44.83564], [20.39831, 44.83579], [20.39838, 44.83587], [20.39841, 44.83593], [20.39843, 44.83603], [20.39847, 44.83609], [20.39846, 44.8361], [20.39847, 44.83615], [20.39856, 44.83634], [20.39855, 44.83637], [20.39859, 44.83648], [20.39872, 44.83659], [20.39885, 44.83675], [20.39894, 44.83699], [20.3991, 44.83722], [20.39919, 44.83743], [20.39927, 44.83756], [20.39926, 44.8376], [20.39931, 44.8377], [20.39944, 44.83788], [20.39951, 44.83793], [20.39964, 44.83817], [20.39977, 44.83832], [20.3998, 44.83839], [20.40006, 44.83868], [20.40009, 44.83877], [20.4002, 44.83896], [20.40047, 44.83922], [20.40047, 44.83927], [20.40059, 44.83934], [20.40065, 44.83954], [20.40066, 44.83961], [20.4008, 44.83977], [20.40091, 44.83985], [20.40101, 44.84], [20.40096, 44.84006], [20.4008, 44.84013], [20.40051, 44.84015], [20.40026, 44.84019], [20.40021, 44.84024], [20.40008, 44.84027], [20.40001, 44.84031], [20.39985, 44.84035], [20.3998, 44.84038], [20.39968, 44.84039], [20.39956, 44.84043], [20.39941, 44.84046], [20.39896, 44.84052], [20.3989, 44.84051], [20.39878, 44.84058], [20.39868, 44.84061], [20.39824, 44.84066], [20.39777, 44.84075]]}, "properties": {"id": 17498234852, "name": "Run", "sport": "Run", "date": "2026-02-23", "distance_km": 5.68, "moving_time_s": 1839, "elev_gain_m": 24, "avg_speed_kmh": 11.1, "avg_hr": null}}, {"type": "Feature", "geometry": {"type": "LineString", "coordinates": [[20.3968, 44.84269], [20.39705, 44.84309], [20.39726, 44.84346], [20.39738, 44.84359], [20.39739, 44.84364], [20.39728, 44.84378], [20.39717, 44.84383], [20.39701, 44.84384], [20.39601, 44.84398], [20.39493, 44.84422], [20.3948, 44.84433], [20.39474, 44.84439], [20.39475, 44.84447], [20.39481, 44.84457], [20.3948, 44.8446], [20.39459, 44.84468], [20.39323, 44.84497], [20.39304, 44.845], [20.39268, 44.84508], [20.39239, 44.84512], [20.39177, 44.84529], [20.3912, 44.84537], [20.39084, 44.84546], [20.39071, 44.84548], [20.39065, 44.84544], [20.39061, 44.84533], [20.39061, 44.84524], [20.3906, 44.84515], [20.39057, 44.84507], [20.39052, 44.84499], [20.39039, 44.84483], [20.39037, 44.84479], [20.3903, 44.84476], [20.39019, 44.84464], [20.39021, 44.84461], [20.39027, 44.8446], [20.39057, 44.84456], [20.39065, 44.84457], [20.39078, 44.84456], [20.39136, 44.84441], [20.39191, 44.84429], [20.39197, 44.84426], [20.392, 44.84421], [20.392, 44.84403], [20.39195, 44.84393], [20.39186, 44.84384], [20.39186, 44.84379], [20.39193, 44.84377], [20.39218, 44.84375], [20.39245, 44.84371], [20.39268, 44.84363], [20.39298, 44.84359], [20.39338, 44.8435], [20.39342, 44.84345], [20.39341, 44.8434], [20.39346, 44.84341], [20.39348, 44.8434], [20.39329, 44.84312], [20.39317, 44.84267], [20.39344, 44.84246], [20.39347, 44.8424], [20.39352, 44.84237], [20.39371, 44.84232], [20.39374, 44.8423], [20.39373, 44.84225], [20.39366, 44.84216], [20.39363, 44.8421], [20.39366, 44.84204], [20.3938, 44.84201], [20.39412, 44.84198], [20.39416, 44.84197], [20.39416, 44.84192], [20.39414, 44.84187], [20.39406, 44.84177], [20.39401, 44.84167], [20.39405, 44.84165], [20.39412, 44.84163], [20.39415, 44.8416], [20.39413, 44.8415], [20.39415, 44.84146], [20.39462, 44.84136], [20.39478, 44.84141], [20.39501, 44.84142], [20.39518, 44.84147], [20.39536, 44.8415], [20.3955, 44.8415], [20.39581, 44.84146], [20.396, 44.84146], [20.39617, 44.8415], [20.39645, 44.84148], [20.39682, 44.8415], [20.39688, 44.84149], [20.3969, 44.84143], [20.39682, 44.84125], [20.39706, 44.84113], [20.39717, 44.84104], [20.39728, 44.84101], [20.39741, 44.841], [20.39745, 44.84101], [20.39769, 44.84098], [20.39809, 44.84083], [20.39903, 44.84062], [20.3994, 44.84056], [20.40036, 44.84033], [20.40092, 44.84023], [20.40107, 44.84019], [20.40111, 44.84015], [20.40109, 44.84009], [20.40079, 44.83964], [20.40048, 44.83914], [20.3998, 44.83827], [20.39944, 44.83777], [20.39921, 44.83742], [20.3989, 44.83701], [20.39854, 44.83617], [20.39839, 44.83591], [20.39839, 44.83578], [20.39834, 44.83561], [20.39827, 44.83559], [20.39797, 44.83559], [20.39772, 44.83557], [20.39711, 44.8355], [20.39615, 44.83542], [20.39589, 44.83539], [20.3955, 44.83537], [20.39524, 44.83531], [20.39493, 44.83526], [20.39467, 44.83526], [20.39394, 44.83518], [20.3923, 44.83505], [20.392, 44.835], [20.39152, 44.83498], [20.39101, 44.83493], [20.39093, 44.8349], [20.39083, 44.83471], [20.39079, 44.83467], [20.39076, 44.83452], [20.39077, 44.83429], [20.3908, 44.83413], [20.39082, 44.83386], [20.39093, 44.83376], [20.39095, 44.8337], [20.39095, 44.83362], [20.39086, 44.83335], [20.39071, 44.83308], [20.39062, 44.83296], [20.39046, 44.8328], [20.39029, 44.83266], [20.3902, 44.83254], [20.39008, 44.83233], [20.38994, 44.83199], [20.38971, 44.83155], [20.38954, 44.83107], [20.38925, 44.83045], [20.38912, 44.83007], [20.38894, 44.82972], [20.38888, 44.82955], [20.38885, 44.8295], [20.38877, 44.82921], [20.38866, 44.82904], [20.38867, 44.82894], [20.38865, 44.82885], [20.38845, 44.82848], [20.3884, 44.82831], [20.38825, 44.82801], [20.3883, 44.82801], [20.38827, 44.82793], [20.38828, 44.82785], [20.38838, 44.82775], [20.38845, 44.82772], [20.38856, 44.82769], [20.38896, 44.82763], [20.38967, 44.82757], [20.39009, 44.8275], [20.39058, 44.82746], [20.39135, 44.82736], [20.39145, 44.82733], [20.3916, 44.82722], [20.39166, 44.82721], [20.39344, 44.82711], [20.39368, 44.82705], [20.39381, 44.82707], [20.3948, 44.827]]}, "properties": {"id": 17418852599, "name": "Run", "sport": "Run", "date": "2026-02-16", "distance_km": 4.95, "moving_time_s": 1814, "elev_gain_m": 21, "avg_speed_kmh": 9.8, "avg_hr": null}}, {"type": "Feature", "geometry": {"type": "LineString", "coordinates": [[20.39782, 44.84099], [20.39804, 44.84088], [20.39815, 44.84079], [20.39823, 44.84075], [20.39843, 44.84073], [20.39922, 44.84058], [20.39956, 44.84048], [20.40011, 44.84036], [20.40034, 44.84029], [20.40082, 44.84022], [20.40096, 44.84017], [20.401, 44.84011], [20.40092, 44.83996], [20.40085, 44.83986], [20.40074, 44.83976], [20.40066, 44.83962], [20.40062, 44.83947], [20.40061, 44.8394], [20.40043, 44.83909], [20.40022, 44.8389], [20.4002, 44.83886], [20.40005, 44.83873], [20.40003, 44.83868], [20.39994, 44.83857], [20.39983, 44.83847], [20.39973, 44.83832], [20.39958, 44.83818], [20.39926, 44.83767], [20.3992, 44.83751], [20.39907, 44.83736], [20.39895, 44.83726], [20.39892, 44.83721], [20.39878, 44.8371], [20.39881, 44.83706], [20.39877, 44.83692], [20.39877, 44.83688], [20.3987, 44.83669], [20.39865, 44.8366], [20.39859, 44.83645], [20.39845, 44.83625], [20.39834, 44.83613], [20.39832, 44.83607], [20.39825, 44.83597], [20.39824, 44.83592], [20.39827, 44.83588], [20.39831, 44.83576], [20.3983, 44.83567], [20.39826, 44.8356], [20.3982, 44.83556], [20.398, 44.83555], [20.39788, 44.83552], [20.39739, 44.83548], [20.39697, 44.8355], [20.39654, 44.8355], [20.39627, 44.83544], [20.39605, 44.83543], [20.39571, 44.83534], [20.39559, 44.83535], [20.39549, 44.83534], [20.39535, 44.83535], [20.39527, 44.83532], [20.39484, 44.83528], [20.39457, 44.83523], [20.39412, 44.83524], [20.39325, 44.83513], [20.39303, 44.83514], [20.39282, 44.83514], [20.39257, 44.83508], [20.39234, 44.83499], [20.39211, 44.83497], [20.39177, 44.835], [20.39166, 44.83499], [20.39147, 44.83487], [20.39127, 44.8348], [20.39109, 44.83478], [20.39095, 44.83479], [20.39088, 44.83484], [20.39088, 44.83488], [20.39094, 44.83501], [20.39091, 44.83513], [20.391, 44.83524], [20.39106, 44.83542], [20.3911, 44.83549], [20.39114, 44.83552], [20.39123, 44.83553], [20.39129, 44.83555], [20.39133, 44.83558], [20.39137, 44.83565], [20.39136, 44.83574], [20.39147, 44.83596], [20.39152, 44.83615], [20.39156, 44.83659], [20.39161, 44.83661], [20.39166, 44.83674], [20.39177, 44.83693], [20.39189, 44.83699], [20.39197, 44.83708], [20.39204, 44.83711], [20.3921, 44.83718], [20.39208, 44.83721], [20.39201, 44.83724], [20.39162, 44.83733], [20.39134, 44.83742], [20.39129, 44.83742], [20.39068, 44.8376], [20.38996, 44.83786], [20.3899, 44.83786], [20.38974, 44.83792], [20.38972, 44.83795], [20.38972, 44.83803], [20.38985, 44.83821], [20.39001, 44.83837], [20.39014, 44.83846], [20.39016, 44.83852], [20.39025, 44.83859], [20.39029, 44.83872], [20.39042, 44.83892], [20.3904, 44.83896], [20.39041, 44.83901], [20.39047, 44.83908], [20.39056, 44.83915], [20.3908, 44.83948], [20.39101, 44.83965], [20.39108, 44.83974], [20.39128, 44.83989], [20.39139, 44.84001], [20.39143, 44.84013], [20.39139, 44.84019], [20.39142, 44.84031], [20.39148, 44.84034], [20.39155, 44.84046], [20.39161, 44.84047], [20.39165, 44.84051], [20.39159, 44.84059], [20.39149, 44.84064], [20.39126, 44.84064], [20.39112, 44.8406], [20.39102, 44.8406], [20.39096, 44.84068], [20.39096, 44.84076], [20.39099, 44.84082], [20.39107, 44.84085], [20.3911, 44.84092], [20.3911, 44.84097], [20.39102, 44.84101], [20.39075, 44.84106], [20.39052, 44.84098], [20.39044, 44.84099], [20.39014, 44.84098], [20.3901, 44.84105], [20.39015, 44.84138], [20.39014, 44.84145], [20.39012, 44.84149], [20.3897, 44.84167], [20.38954, 44.84171], [20.38941, 44.84172], [20.38934, 44.84175], [20.38929, 44.84179], [20.38929, 44.84186], [20.38928, 44.84188], [20.38919, 44.84196], [20.38914, 44.84198], [20.38883, 44.84198], [20.38869, 44.8419], [20.38861, 44.8419], [20.38839, 44.84197], [20.38836, 44.84202], [20.38828, 44.84202], [20.38819, 44.84208], [20.38818, 44.84212], [20.38823, 44.84225], [20.38842, 44.84249], [20.38848, 44.8426], [20.38855, 44.84268], [20.38857, 44.84276], [20.38872, 44.84303], [20.38879, 44.84311], [20.38883, 44.84312], [20.3889, 44.84316], [20.38901, 44.84329], [20.38903, 44.84331], [20.38901, 44.84338], [20.38904, 44.84347], [20.3891, 44.84355], [20.38917, 44.84358], [20.38921, 44.84365], [20.3893, 44.84373], [20.38945, 44.84395], [20.38951, 44.84402], [20.38955, 44.84411], [20.3895, 44.84417], [20.38951, 44.8442], [20.3897, 44.84438], [20.38981, 44.84461], [20.38995, 44.8448], [20.39, 44.84483], [20.39008, 44.84491], [20.39014, 44.84491], [20.39018, 44.84494], [20.39021, 44.84499], [20.39021, 44.84507], [20.39023, 44.84516], [20.39032, 44.84525], [20.39035, 44.84535], [20.39045, 44.84551], [20.39046, 44.8456], [20.39052, 44.84565], [20.39056, 44.84578], [20.39062, 44.8459], [20.39072, 44.84605], [20.39086, 44.84615], [20.39093, 44.84623], [20.39095, 44.84626], [20.39094, 44.84628], [20.39095, 44.8463], [20.39102, 44.84635], [20.39125, 44.84642], [20.39126, 44.84644], [20.39132, 44.84644], [20.39147, 44.84639], [20.39147, 44.84642], [20.39165, 44.84638], [20.39163, 44.84647], [20.39167, 44.84648], [20.39185, 44.84645], [20.39191, 44.84642], [20.39208, 44.8464], [20.39219, 44.84636], [20.39222, 44.84639], [20.39235, 44.84636], [20.39246, 44.84629], [20.39264, 44.84626], [20.39269, 44.84621], [20.39281, 44.84617], [20.39295, 44.84618], [20.39324, 44.84614], [20.39335, 44.84612], [20.39346, 44.84606], [20.39361, 44.84604], [20.39382, 44.84597], [20.3939, 44.84597], [20.39404, 44.84591], [20.39412, 44.84592], [20.39453, 44.84576], [20.39457, 44.84578], [20.39461, 44.84577], [20.39482, 44.84567], [20.39501, 44.84567], [20.39513, 44.84562], [20.39522, 44.84556], [20.39523, 44.8455], [20.39527, 44.84546], [20.39544, 44.84533], [20.39575, 44.84541], [20.39619, 44.84529], [20.39648, 44.84524], [20.39687, 44.84515], [20.39703, 44.84512], [20.39708, 44.84508], [20.39727, 44.84504], [20.39812, 44.84491], [20.39861, 44.84478], [20.39881, 44.84477], [20.39936, 44.84463], [20.3995, 44.8446], [20.39955, 44.84462], [20.39958, 44.84468], [20.39959, 44.84477], [20.39957, 44.84487], [20.39965, 44.84499], [20.39971, 44.845], [20.39986, 44.84496], [20.39997, 44.8449], [20.40009, 44.84485], [20.40028, 44.84482], [20.40034, 44.84482], [20.40053, 44.84506], [20.40061, 44.84511], [20.40066, 44.84524], [20.40071, 44.84528], [20.40092, 44.84559], [20.40097, 44.8456], [20.40106, 44.84571], [20.40105, 44.84574], [20.40101, 44.84575], [20.40035, 44.846], [20.39954, 44.84629], [20.39901, 44.8465], [20.39809, 44.84681], [20.39678, 44.84731], [20.39659, 44.84737], [20.39641, 44.84751], [20.3961, 44.84759], [20.39528, 44.84784], [20.39463, 44.84815], [20.39426, 44.84829], [20.39403, 44.84839], [20.39367, 44.84849], [20.39343, 44.84854], [20.39304, 44.84867], [20.39179, 44.84911], [20.39173, 44.84915], [20.39167, 44.84915], [20.39164, 44.8491], [20.39159, 44.84883], [20.39149, 44.84871], [20.39125, 44.84836], [20.39116, 44.8482], [20.39118, 44.84815], [20.39117, 44.84811], [20.39096, 44.84784], [20.39082, 44.84761], [20.39082, 44.84756], [20.39092, 44.8475], [20.391, 44.84747], [20.39105, 44.84744], [20.39106, 44.8474], [20.39104, 44.84663], [20.39082, 44.84633], [20.39067, 44.84617], [20.39065, 44.84605], [20.39068, 44.84599], [20.3904, 44.84561], [20.39, 44.84493], [20.38989, 44.84477], [20.38988, 44.84472], [20.38989, 44.8447], [20.38993, 44.84468], [20.391, 44.84452], [20.39112, 44.84449], [20.39121, 44.84444], [20.39166, 44.84433], [20.39341, 44.84399], [20.39379, 44.84389], [20.39424, 44.84381], [20.39428, 44.84379], [20.39429, 44.84378], [20.39427, 44.84373], [20.39416, 44.84362], [20.39413, 44.84356], [20.39404, 44.84347], [20.3938, 44.84305], [20.39382, 44.84301], [20.39388, 44.84298], [20.39392, 44.84287], [20.39379, 44.8427], [20.39377, 44.84264], [20.39377, 44.84259]]}, "properties": {"id": 17343966082, "name": "Nice run", "sport": "Run", "date": "2026-02-09", "distance_km": 6.64, "moving_time_s": 2416, "elev_gain_m": 28, "avg_speed_kmh": 9.9, "avg_hr": null}}, {"type": "Feature", "geometry": {"type": "LineString", "coordinates": [[20.39373, 44.84261], [20.39359, 44.84262], [20.39336, 44.8426], [20.39286, 44.84269], [20.39242, 44.84271], [20.39219, 44.84281], [20.39185, 44.84285], [20.39141, 44.84293], [20.39127, 44.84297], [20.391, 44.84299], [20.39074, 44.84298], [20.39043, 44.84311], [20.39033, 44.84313], [20.38963, 44.84316], [20.38933, 44.84321], [20.38913, 44.84318], [20.38908, 44.84319], [20.38903, 44.84322], [20.38901, 44.84326], [20.38916, 44.84369], [20.38933, 44.84397], [20.38945, 44.84413], [20.38949, 44.84423], [20.38959, 44.84439], [20.38957, 44.84442], [20.38965, 44.84456], [20.38968, 44.84478], [20.38967, 44.84482], [20.38971, 44.84491], [20.38969, 44.84497], [20.38967, 44.84507], [20.38962, 44.84525], [20.38955, 44.84539], [20.38958, 44.84569], [20.38958, 44.84594], [20.38954, 44.84599], [20.38948, 44.84603], [20.38947, 44.84613], [20.38942, 44.84625], [20.3894, 44.8464], [20.38943, 44.84667], [20.38941, 44.84685], [20.38943, 44.84704], [20.38942, 44.84726], [20.38934, 44.84759], [20.38936, 44.84772], [20.3894, 44.84786], [20.38942, 44.84803], [20.38941, 44.84817], [20.38938, 44.84824], [20.38934, 44.84848], [20.38933, 44.84862], [20.38935, 44.84893], [20.3893, 44.84916], [20.38931, 44.84938], [20.38934, 44.84948], [20.38942, 44.84955], [20.38964, 44.84955], [20.39046, 44.84948], [20.39105, 44.8493], [20.39131, 44.84926], [20.39185, 44.8492], [20.3922, 44.84902], [20.39284, 44.84881], [20.39343, 44.84856], [20.39402, 44.84835], [20.39473, 44.84815], [20.39488, 44.84809], [20.39514, 44.84793], [20.39533, 44.84785], [20.39544, 44.84788], [20.39571, 44.84787], [20.39576, 44.84785], [20.39594, 44.84772], [20.39605, 44.84768], [20.39617, 44.84761], [20.39647, 44.8475], [20.3965, 44.84739], [20.39662, 44.84732], [20.39692, 44.84725], [20.39694, 44.84723], [20.39706, 44.84724], [20.39724, 44.84721], [20.3974, 44.84715], [20.39747, 44.84707], [20.39759, 44.84704], [20.39773, 44.84697], [20.39824, 44.84686], [20.39886, 44.84663], [20.39935, 44.84637], [20.39962, 44.84626], [20.39986, 44.8462], [20.4002, 44.84608], [20.40034, 44.84605], [20.40098, 44.84584], [20.40099, 44.84581], [20.40096, 44.84575], [20.40096, 44.8457], [20.40093, 44.84561], [20.40059, 44.84515], [20.40052, 44.84501], [20.4004, 44.84488], [20.40034, 44.84485], [20.40022, 44.84487], [20.40011, 44.8449], [20.39979, 44.84508], [20.39973, 44.84509], [20.39971, 44.84507], [20.39968, 44.84503], [20.39965, 44.84491], [20.39952, 44.84476], [20.39946, 44.84464], [20.39946, 44.84459], [20.39951, 44.84444], [20.3995, 44.84438], [20.39945, 44.84431], [20.39936, 44.84426], [20.39928, 44.84425], [20.39915, 44.84427], [20.39805, 44.84449], [20.39797, 44.84447], [20.39793, 44.84442], [20.39785, 44.84425], [20.39762, 44.84391], [20.3974, 44.84375], [20.39719, 44.84355], [20.39704, 44.84318], [20.39689, 44.84291], [20.39685, 44.84279], [20.39677, 44.84266]]}, "properties": {"id": 17310922174, "name": "Shortie", "sport": "Run", "date": "2026-02-06", "distance_km": 3.12, "moving_time_s": 1095, "elev_gain_m": 12, "avg_speed_kmh": 10.3, "avg_hr": null}}, {"type": "Feature", "geometry": {"type": "LineString", "coordinates": [[20.39289, 44.84057], [20.39283, 44.84052], [20.39281, 44.84043], [20.39275, 44.8404], [20.39268, 44.8404], [20.39249, 44.84051], [20.39238, 44.84054], [20.39225, 44.84049], [20.39182, 44.84047], [20.39169, 44.84039], [20.39152, 44.84024], [20.39141, 44.84009], [20.39116, 44.83982], [20.39106, 44.83968], [20.39073, 44.8393], [20.39067, 44.83915], [20.39041, 44.83887], [20.39034, 44.83875], [20.39002, 44.83833], [20.39003, 44.83829], [20.3899, 44.83817], [20.38977, 44.83798], [20.38977, 44.83794], [20.38981, 44.83791], [20.39013, 44.83781], [20.39042, 44.83765], [20.39129, 44.83743], [20.39163, 44.8374], [20.39189, 44.83733], [20.39189, 44.8373], [20.39179, 44.83721], [20.39179, 44.83716], [20.39188, 44.83699], [20.39189, 44.83693], [20.39187, 44.83689], [20.39177, 44.83678], [20.39168, 44.83664], [20.39158, 44.83641], [20.39152, 44.83618], [20.3914, 44.83601], [20.39135, 44.83583], [20.39125, 44.83568], [20.391, 44.83513], [20.39092, 44.83492], [20.39087, 44.83468], [20.39081, 44.83455], [20.39081, 44.83422], [20.39086, 44.83402], [20.39083, 44.83392], [20.39084, 44.83388], [20.39094, 44.83377], [20.39097, 44.83369], [20.39095, 44.83351], [20.39086, 44.83333], [20.39089, 44.83319], [20.39087, 44.83313], [20.39082, 44.83304], [20.39072, 44.83293], [20.3904, 44.83267], [20.39022, 44.83251], [20.39011, 44.83232], [20.38999, 44.832], [20.38978, 44.83165], [20.38975, 44.83151], [20.38966, 44.83138], [20.38965, 44.83127], [20.38954, 44.83106], [20.3895, 44.83092], [20.38939, 44.83066], [20.38934, 44.83058], [20.38908, 44.82999], [20.38902, 44.82991], [20.38902, 44.82987], [20.38905, 44.82982], [20.38904, 44.82979], [20.38896, 44.82961], [20.38892, 44.82946], [20.38882, 44.82924], [20.3887, 44.82902], [20.38861, 44.82869], [20.38847, 44.82839], [20.3883, 44.82821], [20.38824, 44.82788], [20.38825, 44.82783], [20.38832, 44.82775], [20.38844, 44.82773], [20.38867, 44.82774], [20.38878, 44.82773], [20.38995, 44.82751], [20.39057, 44.8275], [20.39077, 44.82747], [20.39104, 44.82746], [20.39139, 44.8274], [20.39179, 44.8274], [20.39205, 44.82735], [20.39226, 44.82734], [20.3925, 44.82735], [20.3932, 44.82724], [20.39325, 44.82725], [20.39325, 44.8273], [20.39323, 44.82734], [20.39319, 44.82733], [20.39318, 44.82727], [20.39316, 44.82735], [20.39314, 44.82739], [20.39326, 44.82754], [20.39329, 44.82777], [20.39342, 44.82803], [20.39349, 44.82832], [20.3935, 44.8285], [20.39374, 44.82881], [20.39377, 44.82892], [20.39374, 44.82899], [20.39374, 44.82905], [20.39378, 44.82917], [20.39392, 44.82936], [20.39397, 44.82948], [20.39416, 44.82984], [20.39436, 44.8303], [20.39452, 44.8306], [20.39459, 44.83077], [20.39458, 44.83081], [20.39462, 44.83085], [20.39463, 44.83092], [20.39469, 44.83103], [20.39472, 44.83114], [20.3948, 44.83136], [20.39481, 44.83144], [20.39485, 44.83156], [20.39511, 44.83213], [20.39514, 44.83225], [20.39519, 44.83235], [20.39525, 44.83243], [20.39527, 44.83252], [20.39533, 44.83265], [20.39547, 44.83287], [20.39557, 44.83315], [20.39563, 44.83337], [20.39581, 44.8337], [20.39583, 44.83381], [20.39583, 44.83393], [20.3958, 44.83398], [20.39575, 44.83402], [20.39562, 44.83401], [20.39549, 44.83404], [20.39532, 44.834], [20.3952, 44.83401], [20.39515, 44.83394], [20.39505, 44.8339], [20.39488, 44.83391], [20.39468, 44.83396], [20.39434, 44.83395], [20.39399, 44.83389], [20.39366, 44.83388], [20.39329, 44.83383], [20.39304, 44.83381], [20.3926, 44.83376], [20.39219, 44.83374], [20.39177, 44.83375], [20.39116, 44.83367], [20.39109, 44.83368], [20.39104, 44.83371], [20.39082, 44.83392], [20.39083, 44.83397], [20.39079, 44.83418], [20.39082, 44.83427], [20.39076, 44.83442], [20.39077, 44.83451], [20.39082, 44.83468], [20.39089, 44.83486], [20.39092, 44.8349], [20.39098, 44.83491], [20.39115, 44.83488], [20.39144, 44.83488], [20.39235, 44.83503], [20.39299, 44.83503], [20.39314, 44.83506], [20.39337, 44.83507], [20.39371, 44.83506], [20.39381, 44.83511], [20.39419, 44.83516], [20.3946, 44.83525], [20.39497, 44.83524], [20.3951, 44.83528], [20.39522, 44.83528], [20.39534, 44.83534], [20.39567, 44.8354], [20.39603, 44.83541], [20.39623, 44.83539], [20.39653, 44.83542], [20.39666, 44.83541], [20.39689, 44.83548], [20.39729, 44.83552], [20.39751, 44.83558], [20.3979, 44.83564], [20.39797, 44.83563], [20.39801, 44.83556], [20.39806, 44.83557], [20.39825, 44.83563], [20.39828, 44.83565], [20.39829, 44.83569], [20.39839, 44.83573], [20.3984, 44.83576], [20.39837, 44.83582], [20.39837, 44.83585], [20.39838, 44.83605], [20.39851, 44.83621], [20.39863, 44.8364], [20.39877, 44.83676], [20.39891, 44.83705], [20.3993, 44.83756], [20.39938, 44.8377], [20.39947, 44.83781], [20.40001, 44.83857], [20.40044, 44.83913], [20.40072, 44.83953], [20.40084, 44.83965], [20.40093, 44.83979], [20.40099, 44.83984], [20.40113, 44.84008], [20.4011, 44.84013], [20.40055, 44.84028], [20.39998, 44.84041], [20.39961, 44.84048], [20.39857, 44.84071], [20.39783, 44.8409]]}, "properties": {"id": 17264877765, "name": "Cold run", "sport": "Run", "date": "2026-02-02", "distance_km": 5.69, "moving_time_s": 2093, "elev_gain_m": 27, "avg_speed_kmh": 9.8, "avg_hr": null}}, {"type": "Feature", "geometry": {"type": "LineString", "coordinates": [[20.39777, 44.84088], [20.40012, 44.84034], [20.40103, 44.84018], [20.40107, 44.84015], [20.40109, 44.8401], [20.40105, 44.84], [20.40106, 44.83997], [20.40106, 44.83988], [20.4011, 44.83987], [20.40113, 44.83988], [20.40105, 44.83984], [20.40095, 44.83967], [20.40057, 44.83914], [20.40051, 44.83902], [20.40028, 44.83873], [20.40005, 44.8384], [20.3996, 44.83788], [20.39923, 44.83736], [20.39893, 44.837], [20.39874, 44.83664], [20.39866, 44.83642], [20.39859, 44.83619], [20.3985, 44.83603], [20.39841, 44.8359], [20.3984, 44.83577], [20.39834, 44.83561], [20.39823, 44.83557], [20.39717, 44.83552], [20.39678, 44.83545], [20.39653, 44.83538], [20.39639, 44.83538], [20.39614, 44.83535], [20.39561, 44.83536], [20.39539, 44.83533], [20.39522, 44.83533], [20.39508, 44.83529], [20.39481, 44.83526], [20.39467, 44.83522], [20.39434, 44.83518], [20.39426, 44.83515], [20.39365, 44.83506], [20.39269, 44.83503], [20.39234, 44.83504], [20.39225, 44.83501], [20.39187, 44.83498], [20.39155, 44.83491], [20.39116, 44.83489], [20.39099, 44.83486], [20.39082, 44.83457], [20.39094, 44.83437], [20.39097, 44.83404], [20.391, 44.8339], [20.39105, 44.83379], [20.39102, 44.83363], [20.39093, 44.83339], [20.39088, 44.83329], [20.3907, 44.83309], [20.39068, 44.83303], [20.39049, 44.83285], [20.39043, 44.83275], [20.39026, 44.83261], [20.39021, 44.83252], [20.39008, 44.83236], [20.39005, 44.83228], [20.38998, 44.83217], [20.38998, 44.83205], [20.38986, 44.83161], [20.38981, 44.8315], [20.38972, 44.83146], [20.3897, 44.83141], [20.38971, 44.83129], [20.38977, 44.83122], [20.38979, 44.83114], [20.38979, 44.83086], [20.38982, 44.83066], [20.38972, 44.83029], [20.38968, 44.82989], [20.38961, 44.8297], [20.38957, 44.82949], [20.38944, 44.82917], [20.38935, 44.82901], [20.38912, 44.82872], [20.38907, 44.82859], [20.38897, 44.82845], [20.38875, 44.8281], [20.38873, 44.82795], [20.38877, 44.82785], [20.38889, 44.8278], [20.38919, 44.82779], [20.38957, 44.82769], [20.38962, 44.82771], [20.3898, 44.82767], [20.38993, 44.82763], [20.39007, 44.82762], [20.39068, 44.82754], [20.39129, 44.82741], [20.39178, 44.82739], [20.39225, 44.82732], [20.3926, 44.82728], [20.39287, 44.82727], [20.39324, 44.82722], [20.39331, 44.82722], [20.39333, 44.82724], [20.39335, 44.82731], [20.39327, 44.82739], [20.39326, 44.82737], [20.39329, 44.82738], [20.39327, 44.82742], [20.39331, 44.82744], [20.39329, 44.82748], [20.39329, 44.82759], [20.39337, 44.82775], [20.3936, 44.82814], [20.3938, 44.82864], [20.39385, 44.82886], [20.39405, 44.82923], [20.39416, 44.82962], [20.39422, 44.8297], [20.39417, 44.82956], [20.39418, 44.82952], [20.39409, 44.8292], [20.39406, 44.82886], [20.39402, 44.8287], [20.39393, 44.82858], [20.39386, 44.82853], [20.39376, 44.82841], [20.39356, 44.82802], [20.39335, 44.82774], [20.39333, 44.8277], [20.39332, 44.82764], [20.3931, 44.8273], [20.39308, 44.82725], [20.39309, 44.82722], [20.3932, 44.82712], [20.39318, 44.8271], [20.39211, 44.82724], [20.39205, 44.82724], [20.39202, 44.82721], [20.39198, 44.8272], [20.39189, 44.82723], [20.39178, 44.82724], [20.3916, 44.82729], [20.39136, 44.82732], [20.39132, 44.82735], [20.39126, 44.82736], [20.3913, 44.82738], [20.39121, 44.8274], [20.39117, 44.82743], [20.39108, 44.82737], [20.39087, 44.82736], [20.39061, 44.82746], [20.39043, 44.82745], [20.39036, 44.82743], [20.38996, 44.82754], [20.38979, 44.82755], [20.38941, 44.82763], [20.38892, 44.82761], [20.38876, 44.82763], [20.38869, 44.82769], [20.38845, 44.82772], [20.38829, 44.82778], [20.38827, 44.82782], [20.38829, 44.82794], [20.38834, 44.82802], [20.38832, 44.82809], [20.38838, 44.82819], [20.38857, 44.82842], [20.38861, 44.82852], [20.38859, 44.8286], [20.38861, 44.82868], [20.38869, 44.82882], [20.38891, 44.82898], [20.38899, 44.82909], [20.38901, 44.82933], [20.38899, 44.82948], [20.389, 44.82954], [20.3891, 44.82975], [20.38929, 44.82994], [20.38936, 44.83003], [20.3894, 44.83016], [20.38938, 44.83042], [20.38939, 44.8305], [20.38947, 44.83068], [20.38957, 44.83082], [20.3896, 44.83091], [20.38965, 44.83102], [20.38971, 44.83136], [20.38982, 44.83151], [20.38982, 44.83156], [20.3898, 44.83158], [20.38981, 44.83162], [20.38986, 44.83172], [20.38995, 44.83185], [20.39012, 44.83206], [20.39015, 44.83213], [20.39024, 44.83225], [20.39021, 44.83233], [20.39028, 44.83253], [20.39038, 44.83264], [20.39038, 44.83268], [20.3904, 44.8327], [20.39051, 44.83277], [20.39055, 44.83283], [20.39084, 44.83309], [20.39089, 44.83318], [20.39095, 44.8333], [20.39095, 44.83348], [20.39105, 44.83376], [20.39101, 44.83382], [20.39093, 44.83388], [20.39091, 44.83393], [20.39093, 44.83401], [20.39089, 44.83414], [20.39089, 44.83422], [20.39086, 44.83434], [20.39086, 44.83442], [20.39082, 44.83452], [20.39081, 44.83465], [20.39082, 44.8347], [20.3909, 44.83488], [20.39101, 44.83493], [20.39142, 44.83491], [20.39153, 44.83493], [20.39181, 44.8349], [20.39193, 44.83493], [20.39212, 44.83493], [20.39236, 44.83502], [20.39246, 44.83503], [20.39253, 44.83504], [20.39259, 44.83502], [20.39274, 44.83503], [20.39285, 44.83506], [20.39289, 44.83509], [20.3931, 44.83504], [20.39335, 44.83506], [20.39376, 44.83514], [20.3939, 44.83512], [20.39401, 44.83511], [20.3945, 44.83522], [20.39497, 44.83535], [20.39531, 44.83538], [20.39537, 44.83537], [20.39574, 44.83545], [20.39577, 44.83543], [20.39603, 44.83543], [20.39622, 44.83545], [20.39646, 44.83552], [20.39662, 44.83549], [20.39672, 44.83551], [20.39675, 44.8355], [20.39706, 44.83557], [20.39728, 44.83559], [20.39733, 44.83557], [20.39747, 44.83559], [20.39751, 44.83557], [20.39774, 44.83558], [20.39806, 44.83562], [20.39831, 44.83563], [20.3984, 44.83564], [20.39846, 44.83567], [20.39848, 44.83571], [20.39846, 44.83581], [20.39848, 44.83591], [20.39851, 44.83604], [20.39856, 44.83612], [20.39854, 44.83616], [20.39867, 44.83629], [20.39875, 44.83662], [20.39895, 44.83708], [20.39913, 44.83733], [20.39925, 44.83739], [20.39924, 44.83744], [20.39925, 44.83747], [20.39971, 44.83804], [20.40031, 44.83889], [20.40041, 44.83906], [20.40049, 44.83915], [20.40055, 44.83919], [20.40063, 44.83936], [20.40085, 44.83962], [20.40111, 44.84003], [20.40113, 44.8401], [20.40109, 44.84015], [20.40065, 44.84023], [20.40035, 44.84033], [20.39998, 44.84042], [20.39872, 44.84069], [20.3984, 44.84074], [20.39796, 44.84087], [20.39796, 44.84089], [20.39792, 44.84092], [20.39786, 44.84091]]}, "properties": {"id": 17209632571, "name": "Run", "sport": "Run", "date": "2026-01-28", "distance_km": 6.52, "moving_time_s": 2368, "elev_gain_m": 32, "avg_speed_kmh": 9.9, "avg_hr": null}}, {"type": "Feature", "geometry": {"type": "LineString", "coordinates": [[20.39775, 44.84085], [20.39812, 44.84075], [20.39826, 44.84073], [20.39833, 44.84075], [20.39857, 44.84071], [20.39873, 44.84066], [20.39882, 44.8406], [20.39893, 44.84055], [20.39936, 44.84051], [20.39977, 44.84043], [20.40061, 44.84029], [20.40092, 44.84019], [20.40112, 44.84015], [20.40117, 44.84012], [20.40117, 44.84006], [20.40116, 44.84003], [20.40106, 44.83992], [20.40096, 44.83986], [20.40093, 44.83977], [20.4008, 44.83955], [20.40064, 44.83934], [20.40045, 44.83905], [20.39995, 44.83845], [20.39967, 44.83803], [20.39945, 44.83777], [20.39932, 44.83757], [20.3991, 44.8373], [20.39898, 44.8371], [20.39893, 44.83704], [20.39885, 44.8369], [20.39873, 44.83674], [20.39881, 44.8366], [20.39882, 44.83655], [20.3988, 44.83651], [20.39871, 44.83646], [20.39865, 44.83639], [20.39859, 44.83636], [20.39814, 44.83638], [20.39809, 44.83636], [20.39802, 44.83638], [20.39795, 44.83645], [20.39787, 44.83647], [20.39784, 44.83651], [20.39777, 44.83653], [20.39772, 44.83656], [20.39757, 44.8366], [20.39741, 44.83666], [20.39736, 44.83665], [20.3973, 44.83666], [20.39715, 44.83672], [20.39714, 44.83668], [20.39708, 44.83668], [20.39687, 44.83676], [20.39631, 44.83689], [20.3961, 44.83703], [20.39607, 44.83709], [20.39608, 44.83715], [20.39605, 44.8372], [20.3961, 44.83723], [20.39613, 44.83731], [20.39615, 44.83737], [20.39614, 44.83741], [20.39622, 44.83755], [20.39624, 44.83784], [20.39629, 44.83792], [20.39631, 44.83799], [20.39629, 44.83807], [20.39631, 44.8382], [20.39634, 44.83824], [20.39633, 44.83828], [20.39642, 44.83836], [20.39643, 44.83838], [20.39647, 44.83868], [20.39655, 44.83875], [20.39662, 44.83882], [20.39671, 44.83903], [20.3968, 44.83917], [20.39684, 44.83932], [20.39689, 44.8394], [20.39695, 44.83946], [20.39712, 44.83957], [20.39717, 44.83958], [20.39718, 44.83962], [20.39714, 44.83967], [20.39715, 44.83974], [20.39705, 44.83982], [20.39685, 44.83988], [20.39649, 44.84008], [20.39641, 44.84011], [20.39632, 44.8401], [20.39607, 44.84014], [20.39585, 44.84022], [20.39571, 44.8403], [20.39566, 44.84038], [20.3955, 44.84049], [20.39535, 44.8405], [20.39511, 44.8406], [20.39496, 44.8406], [20.39467, 44.84071], [20.39445, 44.84076], [20.39434, 44.84074], [20.39418, 44.84075], [20.39412, 44.84073], [20.39396, 44.84078], [20.39391, 44.84076], [20.39372, 44.84078], [20.39368, 44.8407], [20.39345, 44.84071], [20.3934, 44.84061], [20.39333, 44.84063], [20.39326, 44.84067], [20.39321, 44.84078], [20.39323, 44.84089], [20.39329, 44.84099], [20.39327, 44.84101], [20.39316, 44.841], [20.39305, 44.84098], [20.39283, 44.84104], [20.39252, 44.84103], [20.39242, 44.84105], [20.3923, 44.84104], [20.39214, 44.84106], [20.39179, 44.84123], [20.39175, 44.8412], [20.39169, 44.84121], [20.39156, 44.84121], [20.39145, 44.84116], [20.39111, 44.84122], [20.39106, 44.84121], [20.391, 44.84122], [20.39079, 44.84127], [20.39063, 44.84126], [20.39039, 44.8413], [20.39029, 44.8413], [20.38992, 44.84142], [20.38982, 44.84142], [20.3897, 44.84146], [20.38964, 44.84144], [20.3896, 44.84144], [20.38952, 44.84147], [20.38941, 44.84146], [20.38922, 44.8415], [20.38905, 44.84143], [20.38878, 44.84148], [20.3885, 44.84157], [20.38807, 44.84167], [20.388, 44.84165], [20.38792, 44.84156], [20.38785, 44.84154], [20.3878, 44.84154], [20.38772, 44.84161], [20.38774, 44.84167], [20.38754, 44.84178], [20.38725, 44.84177], [20.38711, 44.84183], [20.38699, 44.84181], [20.38686, 44.84183], [20.38674, 44.84177], [20.38661, 44.84174], [20.38656, 44.84171], [20.38623, 44.84178], [20.38608, 44.84184], [20.38581, 44.84181], [20.38545, 44.84193], [20.38531, 44.84194], [20.38524, 44.84192], [20.38504, 44.84191], [20.38483, 44.84198], [20.38462, 44.84201], [20.38426, 44.84202], [20.38361, 44.84218], [20.3834, 44.84219], [20.38325, 44.84222], [20.38313, 44.84217], [20.38294, 44.84218], [20.38285, 44.84222], [20.38263, 44.84224], [20.38243, 44.84227], [20.38226, 44.84233], [20.38214, 44.84232], [20.38201, 44.84235], [20.38159, 44.84252], [20.38131, 44.84258], [20.38127, 44.84262], [20.38107, 44.84262], [20.38095, 44.84259], [20.38083, 44.84261], [20.38078, 44.84258], [20.3806, 44.8426], [20.38053, 44.84258], [20.38038, 44.84263], [20.38017, 44.84269], [20.37997, 44.8427], [20.37986, 44.84267], [20.37966, 44.84268], [20.37957, 44.8427], [20.37953, 44.84273], [20.37939, 44.84276], [20.37921, 44.84283], [20.37902, 44.84283], [20.37891, 44.84285], [20.37866, 44.84295], [20.37852, 44.84294], [20.37829, 44.84297], [20.37816, 44.84294], [20.37801, 44.84285], [20.37787, 44.84283], [20.37774, 44.84286], [20.37771, 44.84293], [20.37773, 44.84294], [20.37766, 44.84298], [20.37732, 44.84307], [20.37717, 44.84319], [20.37693, 44.84327], [20.37676, 44.84324], [20.37656, 44.84312], [20.37654, 44.84307], [20.37646, 44.84295], [20.37644, 44.84282], [20.37633, 44.84269], [20.37644, 44.84252], [20.37642, 44.84224], [20.37638, 44.84208], [20.37628, 44.84186], [20.37635, 44.84175], [20.37635, 44.84164], [20.37637, 44.84141], [20.37644, 44.84125], [20.37643, 44.84122], [20.37638, 44.84119], [20.37637, 44.84116], [20.37643, 44.84112], [20.37643, 44.84099], [20.37639, 44.84086], [20.37629, 44.8408], [20.37615, 44.84056], [20.37604, 44.84026], [20.37602, 44.84017], [20.37607, 44.84007], [20.37602, 44.83988], [20.37595, 44.83975], [20.37594, 44.83957], [20.37587, 44.8395], [20.37586, 44.83946], [20.37597, 44.83944], [20.37622, 44.83945], [20.37628, 44.83941], [20.37651, 44.83942], [20.37657, 44.8394], [20.37663, 44.83934], [20.37677, 44.8393], [20.37718, 44.83928], [20.37779, 44.83916], [20.37824, 44.83916], [20.37849, 44.83911], [20.37885, 44.8391], [20.37911, 44.83903], [20.37944, 44.83896], [20.37973, 44.83895], [20.38005, 44.8389], [20.38044, 44.83887], [20.38057, 44.83881], [20.38089, 44.83876], [20.38117, 44.83867], [20.38126, 44.83869], [20.38137, 44.83868], [20.38172, 44.83855], [20.38224, 44.83852], [20.38249, 44.83854], [20.38255, 44.83851], [20.3828, 44.8385], [20.38297, 44.83846], [20.38325, 44.83842], [20.38346, 44.8384], [20.38361, 44.83842], [20.3838, 44.83836], [20.38443, 44.83824], [20.38449, 44.83826], [20.38453, 44.83829], [20.38457, 44.83836], [20.38465, 44.83844], [20.38479, 44.83865], [20.38496, 44.83901], [20.38525, 44.83954], [20.38529, 44.83959], [20.38534, 44.83962], [20.38538, 44.83971], [20.38553, 44.83994], [20.38561, 44.84001], [20.38571, 44.84015], [20.38579, 44.84027], [20.38588, 44.84053], [20.38602, 44.84061], [20.38614, 44.84086], [20.38647, 44.84144], [20.3866, 44.84158], [20.38675, 44.8417], [20.38688, 44.84172], [20.38695, 44.84171], [20.38728, 44.84162], [20.38737, 44.84156], [20.38753, 44.84152], [20.38765, 44.84155], [20.38784, 44.84154], [20.38823, 44.84147], [20.38889, 44.8414], [20.38909, 44.84143], [20.38961, 44.8413], [20.38988, 44.8413], [20.3902, 44.84123], [20.39082, 44.84115], [20.39126, 44.84101], [20.39152, 44.84105], [20.39205, 44.84099], [20.39275, 44.841]]}, "properties": {"id": 17186160595, "name": "Small run", "sport": "Run", "date": "2026-01-26", "distance_km": 5.92, "moving_time_s": 2054, "elev_gain_m": 13, "avg_speed_kmh": 10.4, "avg_hr": null}}, {"type": "Feature", "geometry": {"type": "LineString", "coordinates": [[20.39743, 44.84031], [20.39827, 44.84012], [20.3998, 44.83987], [20.39999, 44.8398], [20.40027, 44.83975], [20.4007, 44.83963], [20.40074, 44.83959], [20.40072, 44.83951], [20.40055, 44.83931], [20.40043, 44.83905], [20.40029, 44.83884], [20.40012, 44.83859], [20.39983, 44.83829], [20.39903, 44.83711], [20.39846, 44.83594], [20.39841, 44.83561], [20.39837, 44.83556], [20.39828, 44.83551], [20.39803, 44.83552], [20.39778, 44.83549], [20.39693, 44.83545], [20.3964, 44.83539], [20.39567, 44.83532], [20.39439, 44.83512], [20.39368, 44.83506], [20.39321, 44.83505], [20.39298, 44.83502], [20.39277, 44.83502], [20.3923, 44.83493], [20.39189, 44.83488], [20.39098, 44.83486], [20.3909, 44.83482], [20.39084, 44.8347], [20.39088, 44.83462], [20.39084, 44.83432], [20.39092, 44.83405], [20.39087, 44.83382], [20.39096, 44.83372], [20.39098, 44.83361], [20.39102, 44.83358], [20.39107, 44.83357], [20.39158, 44.83359], [20.39232, 44.83367], [20.39258, 44.83368], [20.39284, 44.83371], [20.39306, 44.83376], [20.39341, 44.83379], [20.39385, 44.83386], [20.39395, 44.83384], [20.39471, 44.83392], [20.395, 44.83391], [20.39549, 44.83401], [20.39585, 44.83404], [20.3959, 44.83402], [20.3959, 44.83397], [20.39584, 44.8339], [20.39581, 44.83381], [20.39581, 44.83374], [20.39572, 44.83357], [20.39566, 44.83325], [20.3956, 44.83312], [20.39537, 44.83239], [20.39529, 44.83226], [20.39526, 44.83208], [20.39514, 44.83173], [20.39495, 44.83135], [20.3949, 44.83119], [20.39486, 44.831], [20.39479, 44.83078], [20.39473, 44.83074], [20.3947, 44.83065], [20.39467, 44.83067], [20.39461, 44.83053], [20.39454, 44.83022], [20.3943, 44.82968], [20.39428, 44.82956], [20.39413, 44.82933], [20.39401, 44.82888], [20.39404, 44.82884], [20.39408, 44.82881], [20.3943, 44.82883], [20.39451, 44.8288], [20.39497, 44.82866], [20.39581, 44.8285], [20.39578, 44.82849], [20.39565, 44.8285], [20.39551, 44.82847], [20.3954, 44.82848], [20.39523, 44.82856], [20.395, 44.82863], [20.3947, 44.82869], [20.39442, 44.82871], [20.39407, 44.82876], [20.39391, 44.82882], [20.39385, 44.82882], [20.39381, 44.8288], [20.39379, 44.82854], [20.3936, 44.82808], [20.39339, 44.82769], [20.39333, 44.82748], [20.39327, 44.82742], [20.3932, 44.8271], [20.39325, 44.82688], [20.39309, 44.82663], [20.39316, 44.82653], [20.39315, 44.8265], [20.39305, 44.82636], [20.39298, 44.82605], [20.39289, 44.8259], [20.39268, 44.82572], [20.39248, 44.82563], [20.39218, 44.82565], [20.39208, 44.82563], [20.39179, 44.82575], [20.3917, 44.82574], [20.39164, 44.82566], [20.39164, 44.82559], [20.3916, 44.82551], [20.3914, 44.82537], [20.39127, 44.82522], [20.39113, 44.8251], [20.39065, 44.8246], [20.39031, 44.82419], [20.38989, 44.82382], [20.38958, 44.82349], [20.3891, 44.82281], [20.38864, 44.82232], [20.38844, 44.82203], [20.38822, 44.82179], [20.38813, 44.82162], [20.38794, 44.82148], [20.38757, 44.821], [20.38739, 44.82089], [20.38722, 44.8207], [20.38704, 44.82039], [20.38694, 44.82029], [20.38671, 44.81989], [20.38659, 44.81974], [20.38654, 44.81959], [20.38632, 44.81938], [20.38609, 44.8191], [20.38586, 44.81874], [20.38577, 44.81853], [20.38553, 44.81836], [20.38552, 44.81823], [20.38537, 44.81809], [20.38509, 44.81755], [20.3849, 44.81733], [20.38467, 44.81711], [20.38456, 44.81694], [20.38423, 44.8165], [20.38418, 44.81637], [20.38394, 44.81615], [20.38358, 44.81575], [20.38346, 44.81553], [20.38322, 44.81533], [20.38303, 44.81511], [20.38289, 44.81502], [20.38282, 44.8149], [20.38263, 44.81478], [20.38256, 44.81468], [20.38236, 44.81461], [20.38212, 44.81442], [20.38199, 44.81434], [20.38194, 44.81433], [20.38178, 44.81421], [20.38142, 44.81403], [20.38121, 44.81396], [20.38102, 44.81384], [20.38079, 44.81374], [20.38072, 44.81374], [20.38066, 44.81367], [20.38059, 44.81363], [20.38039, 44.81359], [20.37969, 44.81327], [20.37966, 44.81331], [20.37994, 44.81345], [20.38037, 44.81361], [20.38053, 44.81369], [20.38078, 44.81373], [20.38103, 44.81387], [20.38119, 44.81394], [20.3813, 44.81401], [20.38169, 44.81414], [20.382, 44.81439], [20.3822, 44.81441], [20.38224, 44.81444], [20.38235, 44.81466], [20.3824, 44.81471], [20.38263, 44.81484], [20.38305, 44.81514], [20.38308, 44.81519], [20.38325, 44.8153], [20.3833, 44.8153], [20.38331, 44.81527], [20.38337, 44.81549], [20.38338, 44.81563], [20.38345, 44.81573], [20.3836, 44.81582], [20.38429, 44.81668], [20.38452, 44.81691], [20.38466, 44.81713], [20.38485, 44.81728], [20.38493, 44.81738], [20.38494, 44.81743], [20.38499, 44.81745], [20.38495, 44.81748], [20.38507, 44.81764], [20.38516, 44.81788], [20.3853, 44.81802], [20.38535, 44.81818], [20.38542, 44.81826], [20.38546, 44.8183], [20.38554, 44.81833], [20.38561, 44.81834], [20.38556, 44.81831], [20.38568, 44.8183], [20.38584, 44.81843], [20.38592, 44.81856], [20.38609, 44.81909], [20.38642, 44.81949], [20.38648, 44.81963], [20.3868, 44.82002], [20.38715, 44.82053], [20.38727, 44.82076], [20.38743, 44.82095], [20.38753, 44.82111], [20.38771, 44.82132], [20.38788, 44.82144], [20.38806, 44.82152], [20.3882, 44.82165], [20.38835, 44.8218], [20.38878, 44.8223], [20.38886, 44.82261], [20.38892, 44.82258], [20.38901, 44.82274], [20.38953, 44.82325], [20.38961, 44.82336], [20.38968, 44.82352], [20.38969, 44.82362], [20.38991, 44.82377], [20.39015, 44.82413], [20.39049, 44.82438], [20.3908, 44.82476], [20.3909, 44.82483], [20.391, 44.82495], [20.39136, 44.82524], [20.3914, 44.82534], [20.39159, 44.82563], [20.39176, 44.82585], [20.39182, 44.82584], [20.39194, 44.82578], [20.39199, 44.82587], [20.39203, 44.8259], [20.39207, 44.8259], [20.39226, 44.82579], [20.39238, 44.82577], [20.39257, 44.82582], [20.39265, 44.82589], [20.39324, 44.82693], [20.39328, 44.82715], [20.39325, 44.82731], [20.39329, 44.82747], [20.39329, 44.82742], [20.39332, 44.82741], [20.39334, 44.82743], [20.39327, 44.82751], [20.39327, 44.82754], [20.39358, 44.82806], [20.39366, 44.82832], [20.39377, 44.82853], [20.39377, 44.82862], [20.39373, 44.82865], [20.39386, 44.82877], [20.39398, 44.82902], [20.39404, 44.82928], [20.39403, 44.82941], [20.39425, 44.82968], [20.39445, 44.83018], [20.39463, 44.83046], [20.39467, 44.8307], [20.39464, 44.8308], [20.39465, 44.8309], [20.39494, 44.83137], [20.39504, 44.83179], [20.39516, 44.83197], [20.3952, 44.83215], [20.3954, 44.83241], [20.39538, 44.83246], [20.39538, 44.83253], [20.39553, 44.83277], [20.39562, 44.83321], [20.39569, 44.83335], [20.39574, 44.83338], [20.39578, 44.83346], [20.39584, 44.83367], [20.39589, 44.83374], [20.39592, 44.83393], [20.3959, 44.83396], [20.39582, 44.83399], [20.39538, 44.83405], [20.39511, 44.834], [20.39468, 44.83396], [20.39454, 44.83393], [20.39433, 44.83392], [20.39369, 44.8338], [20.39295, 44.83378], [20.39255, 44.83371], [20.39228, 44.83364], [20.39179, 44.83362], [20.39141, 44.83358], [20.39113, 44.8336], [20.39104, 44.83365], [20.39097, 44.83377], [20.39086, 44.83386], [20.39086, 44.83398], [20.3908, 44.83416], [20.39078, 44.83433], [20.39081, 44.83436], [20.39079, 44.83445], [20.39085, 44.83449], [20.39087, 44.83453], [20.39085, 44.83471], [20.39089, 44.83478], [20.39099, 44.83486], [20.39114, 44.83486], [20.39186, 44.83497], [20.39202, 44.83497], [20.39244, 44.83502], [20.39253, 44.835], [20.39326, 44.8351], [20.39364, 44.8351], [20.39403, 44.83516], [20.3942, 44.83517], [20.39466, 44.83528], [20.39478, 44.83525], [20.39521, 44.83528], [20.39564, 44.83541], [20.3957, 44.83541], [20.39578, 44.83536], [20.39591, 44.83535], [20.39596, 44.83533], [20.39621, 44.83538], [20.39654, 44.83543], [20.39671, 44.83543], [20.39675, 44.83544], [20.39675, 44.83549], [20.39678, 44.8355], [20.39692, 44.83544], [20.39687, 44.8353], [20.3969, 44.83527], [20.39694, 44.83526], [20.39714, 44.83534], [20.39728, 44.83533], [20.39738, 44.83537], [20.39765, 44.8354], [20.39779, 44.83547], [20.39799, 44.83553], [20.39818, 44.83563], [20.3983, 44.83565], [20.39833, 44.83567], [20.39839, 44.83605], [20.39863, 44.83636], [20.39902, 44.83718], [20.39918, 44.83741], [20.39927, 44.83749], [20.39935, 44.83762], [20.39962, 44.8379], [20.39971, 44.83807], [20.40014, 44.83868], [20.40031, 44.83892], [20.40036, 44.83893], [20.40039, 44.83903], [20.40036, 44.83907], [20.40023, 44.83912], [20.4002, 44.83917], [20.40004, 44.8392], [20.39975, 44.8393], [20.39906, 44.83948], [20.39868, 44.83955], [20.39828, 44.83965], [20.39785, 44.83973], [20.39747, 44.83984], [20.39734, 44.83987], [20.39718, 44.83994]]}, "properties": {"id": 17153360747, "name": "Run", "sport": "Run", "date": "2026-01-23", "distance_km": 10.3, "moving_time_s": 3945, "elev_gain_m": 57, "avg_speed_kmh": 9.4, "avg_hr": null}}, {"type": "Feature", "geometry": {"type": "LineString", "coordinates": [[20.39272, 44.84094], [20.3926, 44.84095], [20.39234, 44.84102], [20.39215, 44.84099], [20.39181, 44.84103], [20.39171, 44.84102], [20.39138, 44.84108], [20.3913, 44.84104], [20.39108, 44.84112], [20.39089, 44.84113], [20.39065, 44.84118], [20.39049, 44.84119], [20.38975, 44.84131], [20.38954, 44.84132], [20.38856, 44.84147], [20.388, 44.84154], [20.38794, 44.84153], [20.3876, 44.84157], [20.38585, 44.84182], [20.38564, 44.84184], [20.38511, 44.84191], [20.38435, 44.84202], [20.38421, 44.84205], [20.38412, 44.84209], [20.38406, 44.8421], [20.38371, 44.84212], [20.3817, 44.84238], [20.38133, 44.84239], [20.38106, 44.84246], [20.38062, 44.8425], [20.3798, 44.84263], [20.37883, 44.84275], [20.37842, 44.84282], [20.3776, 44.84291], [20.37744, 44.84295], [20.37739, 44.84292], [20.37735, 44.84292], [20.37706, 44.843], [20.3769, 44.843], [20.37686, 44.84297], [20.37684, 44.84288], [20.37673, 44.8427], [20.37665, 44.8424], [20.37667, 44.84223], [20.37654, 44.84198], [20.37654, 44.84188], [20.37652, 44.84185], [20.37647, 44.84169], [20.37645, 44.84159], [20.37646, 44.84154], [20.37639, 44.84127], [20.37638, 44.84137], [20.37647, 44.8415], [20.37647, 44.84156], [20.37657, 44.8416], [20.37662, 44.84168], [20.37662, 44.84183], [20.37657, 44.84191], [20.37665, 44.842], [20.37666, 44.84204], [20.37661, 44.84214], [20.37658, 44.84229], [20.3767, 44.84254], [20.37673, 44.84282], [20.3768, 44.84297], [20.37696, 44.84299], [20.37708, 44.84306], [20.37836, 44.84285], [20.37852, 44.84278], [20.37954, 44.84269], [20.38019, 44.8426], [20.38058, 44.84257], [20.3814, 44.84246], [20.38157, 44.84241], [20.38181, 44.84237], [20.38382, 44.84211], [20.38442, 44.84201], [20.38461, 44.842], [20.38539, 44.84188], [20.38548, 44.84185], [20.3859, 44.84181], [20.38646, 44.84171], [20.38657, 44.84168], [20.38777, 44.84158], [20.38785, 44.84159], [20.38787, 44.84161], [20.38793, 44.84162], [20.38824, 44.84156], [20.38875, 44.8415], [20.38879, 44.84142], [20.38874, 44.84133], [20.38875, 44.84106], [20.38878, 44.84101], [20.38894, 44.84092], [20.38927, 44.84085], [20.38959, 44.84082], [20.38984, 44.84078], [20.39008, 44.84078], [20.39069, 44.8407], [20.39138, 44.84064], [20.3916, 44.84061], [20.39165, 44.84058], [20.3917, 44.8405], [20.39171, 44.84046], [20.39129, 44.83996], [20.39114, 44.83975], [20.39072, 44.83924], [20.39061, 44.83908], [20.3905, 44.83899], [20.3904, 44.83881], [20.39011, 44.83838], [20.38992, 44.83814], [20.38983, 44.83793], [20.38986, 44.8379], [20.39009, 44.83787], [20.39069, 44.83769], [20.39132, 44.83748], [20.39129, 44.83747], [20.39122, 44.8375], [20.39129, 44.83751], [20.39191, 44.83729], [20.39183, 44.83721], [20.39169, 44.83698], [20.39173, 44.83689], [20.39169, 44.83677], [20.39177, 44.8367], [20.39167, 44.83663], [20.39166, 44.83651], [20.3915, 44.83626], [20.39146, 44.8361], [20.39138, 44.83597], [20.3914, 44.83586], [20.39121, 44.83559], [20.39118, 44.83546], [20.39118, 44.83534], [20.39103, 44.83498], [20.391, 44.83485], [20.39107, 44.83485], [20.39123, 44.83491], [20.39139, 44.83496], [20.39216, 44.83497], [20.3922, 44.83499], [20.39237, 44.83498], [20.3928, 44.83502], [20.39275, 44.83502], [20.39276, 44.835], [20.3929, 44.83508], [20.393, 44.83512], [20.39315, 44.83514], [20.3932, 44.83511], [20.39344, 44.83513], [20.39357, 44.83513], [20.39385, 44.83518], [20.39418, 44.8352], [20.39462, 44.83525], [20.39482, 44.83532], [20.39494, 44.83534], [20.39519, 44.83533], [20.39578, 44.83542], [20.39587, 44.83541], [20.39619, 44.83544], [20.39642, 44.83542], [20.39668, 44.83545], [20.39682, 44.83548], [20.39812, 44.83557], [20.39833, 44.83561], [20.39838, 44.83563], [20.39844, 44.83598], [20.39854, 44.83615], [20.39859, 44.83634], [20.39879, 44.83672], [20.39877, 44.8368], [20.39893, 44.83707], [20.39952, 44.83783], [20.40017, 44.83874], [20.40028, 44.83897], [20.40039, 44.83909], [20.40056, 44.83933], [20.40089, 44.83973], [20.4011, 44.84009], [20.40107, 44.84016], [20.40102, 44.84019], [20.40073, 44.84023], [20.40029, 44.84032], [20.39994, 44.84041], [20.39956, 44.84049], [20.39945, 44.84049], [20.39932, 44.84054], [20.39808, 44.84083], [20.3975, 44.84094], [20.39736, 44.84094], [20.3973, 44.84097], [20.39704, 44.841], [20.39632, 44.841], [20.39621, 44.84101], [20.39589, 44.841], [20.39566, 44.84098], [20.39555, 44.84099], [20.39497, 44.84098], [20.39466, 44.84099], [20.3938, 44.84099], [20.39371, 44.84098], [20.39348, 44.84098], [20.39328, 44.84091], [20.39312, 44.8409], [20.39293, 44.84093], [20.39271, 44.84099], [20.39261, 44.84099], [20.39239, 44.84095], [20.39215, 44.841], [20.39159, 44.84106], [20.39138, 44.84103], [20.39132, 44.84105], [20.3912, 44.84113], [20.39109, 44.84116], [20.39057, 44.84119], [20.39055, 44.8412], [20.39059, 44.84132], [20.39039, 44.84135], [20.39026, 44.84131], [20.39005, 44.84129], [20.38973, 44.84135], [20.38939, 44.84138], [20.38922, 44.84145], [20.38908, 44.84146], [20.38894, 44.84146], [20.38851, 44.8415], [20.38817, 44.84161], [20.38802, 44.84159], [20.38797, 44.8416], [20.38786, 44.84163], [20.38787, 44.84166], [20.38784, 44.84167], [20.3877, 44.84164], [20.38755, 44.84172], [20.38744, 44.84171], [20.38732, 44.84175], [20.38724, 44.84176], [20.38719, 44.84179], [20.38712, 44.84179], [20.38701, 44.84175], [20.38674, 44.84174], [20.38624, 44.84179], [20.38603, 44.84185], [20.38594, 44.84184], [20.38566, 44.84193], [20.38548, 44.84206], [20.38529, 44.84213], [20.3852, 44.84213], [20.38509, 44.84209], [20.38476, 44.84213], [20.38441, 44.84212], [20.38405, 44.84217], [20.38385, 44.84222], [20.3838, 44.84226], [20.38375, 44.84223], [20.38362, 44.84221], [20.38356, 44.84218], [20.38353, 44.84215], [20.38347, 44.84214], [20.38344, 44.84214], [20.38336, 44.84219], [20.38322, 44.8422], [20.38314, 44.84222], [20.38285, 44.84224], [20.38262, 44.84224], [20.38249, 44.84226], [20.38238, 44.8423], [20.38209, 44.84237], [20.38171, 44.84236], [20.38132, 44.84242], [20.3811, 44.84249], [20.38079, 44.84251], [20.38069, 44.84254], [20.38056, 44.84255], [20.38043, 44.8426], [20.38024, 44.84259], [20.37959, 44.84267], [20.37951, 44.84271], [20.3793, 44.84274], [20.37923, 44.84286], [20.37901, 44.84293], [20.37896, 44.84293], [20.37888, 44.84288], [20.37864, 44.84289], [20.37817, 44.84281], [20.37765, 44.84292], [20.37759, 44.84294], [20.37753, 44.84301], [20.37732, 44.84303], [20.37727, 44.84307], [20.37708, 44.84303], [20.37698, 44.84295], [20.37688, 44.84294], [20.37693, 44.84271], [20.37683, 44.84258], [20.37679, 44.8424], [20.3767, 44.84234], [20.37671, 44.84226], [20.37665, 44.84219], [20.3765, 44.84206], [20.37644, 44.84198], [20.37646, 44.84192], [20.37658, 44.84185], [20.37651, 44.84172], [20.37653, 44.84158], [20.3765, 44.84156], [20.37648, 44.84155], [20.37648, 44.84142], [20.37643, 44.84138], [20.37641, 44.84127], [20.37638, 44.84124], [20.37636, 44.84116], [20.37621, 44.84111], [20.37611, 44.84103], [20.37608, 44.84098], [20.37622, 44.84089], [20.37625, 44.84078], [20.37627, 44.84079], [20.37627, 44.8408], [20.37624, 44.84082], [20.37613, 44.84079], [20.37601, 44.84077], [20.37598, 44.84075], [20.37597, 44.84069], [20.37592, 44.84066], [20.37589, 44.84062], [20.37587, 44.84055], [20.37593, 44.84049], [20.37591, 44.84036], [20.37597, 44.84027], [20.37596, 44.8402], [20.37605, 44.84004], [20.37601, 44.83998], [20.37592, 44.83992], [20.37591, 44.83981], [20.37587, 44.83976], [20.37587, 44.83963], [20.37581, 44.83956], [20.37581, 44.83952], [20.37573, 44.83945], [20.37563, 44.83939], [20.37566, 44.83935], [20.37574, 44.83933], [20.37582, 44.83935], [20.37619, 44.83938], [20.37654, 44.83939], [20.37679, 44.83939], [20.37686, 44.83937], [20.37715, 44.83933], [20.37721, 44.83928], [20.37744, 44.83924], [20.37789, 44.83918], [20.37823, 44.83919], [20.37827, 44.83916], [20.37843, 44.83915], [20.37866, 44.8391], [20.37885, 44.83909], [20.37921, 44.83903], [20.37947, 44.839], [20.37952, 44.83897], [20.3797, 44.83894], [20.38005, 44.83892], [20.38046, 44.83895], [20.38047, 44.83889], [20.38063, 44.83884], [20.38089, 44.83879], [20.3809, 44.83876], [20.38102, 44.83872], [20.38111, 44.83873], [20.38132, 44.8387], [20.38149, 44.83874], [20.38152, 44.8387], [20.38165, 44.83871], [20.38169, 44.83867], [20.38175, 44.83866], [20.38225, 44.83863], [20.38234, 44.83858], [20.38244, 44.83856], [20.38265, 44.83856], [20.38281, 44.8386], [20.38285, 44.83858], [20.38305, 44.83858], [20.38305, 44.83853], [20.38323, 44.83855], [20.38331, 44.8385], [20.38361, 44.83845], [20.38375, 44.83839], [20.38411, 44.8383], [20.38422, 44.83829], [20.3846, 44.83831], [20.38465, 44.83834], [20.38467, 44.83838], [20.3847, 44.83855], [20.38475, 44.83867], [20.38479, 44.83871], [20.38487, 44.83874], [20.38492, 44.83879], [20.38508, 44.83896], [20.3852, 44.83916], [20.38516, 44.83921], [20.38516, 44.83925], [20.38522, 44.83931], [20.38521, 44.83935], [20.38529, 44.83946], [20.38531, 44.83946], [20.38558, 44.83992], [20.38563, 44.84003], [20.38562, 44.84007], [20.38573, 44.84031], [20.38598, 44.84053], [20.38609, 44.84066], [20.38624, 44.84095], [20.38651, 44.84128], [20.38657, 44.84146], [20.38668, 44.84159], [20.38669, 44.84164], [20.38673, 44.84166], [20.38697, 44.84166], [20.38745, 44.84157], [20.3875, 44.84159], [20.38779, 44.84155], [20.38824, 44.84151], [20.38846, 44.84147], [20.38883, 44.84143], [20.38905, 44.84138], [20.38927, 44.84134], [20.38933, 44.84134], [20.38939, 44.84136], [20.38946, 44.84136], [20.38981, 44.8413], [20.38999, 44.84129], [20.39016, 44.84122], [20.39036, 44.84117], [20.39066, 44.84118], [20.391, 44.84115], [20.39143, 44.84108], [20.39149, 44.84105], [20.39155, 44.84099], [20.39161, 44.84097], [20.39188, 44.84097], [20.39215, 44.84092], [20.39237, 44.84092], [20.3925, 44.84095], [20.39262, 44.84095], [20.39276, 44.84091], [20.3928, 44.84087]]}, "properties": {"id": 17108098885, "name": "Run", "sport": "Run", "date": "2026-01-19", "distance_km": 10.03, "moving_time_s": 3687, "elev_gain_m": 24, "avg_speed_kmh": 9.8, "avg_hr": null}}, {"type": "Feature", "geometry": {"type": "LineString", "coordinates": [[20.39718, 44.84007], [20.39717, 44.83999], [20.39721, 44.83994], [20.39736, 44.83983], [20.39743, 44.83981], [20.39765, 44.83979], [20.39774, 44.83973], [20.39823, 44.83966], [20.39879, 44.83952], [20.3992, 44.83945], [20.39981, 44.8393], [20.40006, 44.83925], [20.40032, 44.83922], [20.40037, 44.83916], [20.40035, 44.83909], [20.40024, 44.83898], [20.40015, 44.83884], [20.40012, 44.83875], [20.40001, 44.83856], [20.39989, 44.83844], [20.39986, 44.83838], [20.39977, 44.83831], [20.39972, 44.83823], [20.3997, 44.83816], [20.39963, 44.83807], [20.39944, 44.83777], [20.39933, 44.83767], [20.39914, 44.83733], [20.39888, 44.83703], [20.39875, 44.83674], [20.39874, 44.83666], [20.39867, 44.83639], [20.39859, 44.83622], [20.39839, 44.83591], [20.39835, 44.83582], [20.39834, 44.83577], [20.39829, 44.83569], [20.39828, 44.83561], [20.39832, 44.83554], [20.3983, 44.83551], [20.39825, 44.83549], [20.39811, 44.83548], [20.39791, 44.83554], [20.3976, 44.83556], [20.39697, 44.83549], [20.39657, 44.83543], [20.39623, 44.83544], [20.39566, 44.83541], [20.39551, 44.83534], [20.39531, 44.83529], [20.39464, 44.83526], [20.39433, 44.83522], [20.39421, 44.83517], [20.39413, 44.83518], [20.39401, 44.83516], [20.39387, 44.83512], [20.39389, 44.83513], [20.39388, 44.83514], [20.3938, 44.83516], [20.3936, 44.83515], [20.39334, 44.83516], [20.39289, 44.8351], [20.39241, 44.83499], [20.39183, 44.83494], [20.39145, 44.83487], [20.39094, 44.83487], [20.39089, 44.83484], [20.39084, 44.83475], [20.39078, 44.83451], [20.39079, 44.83436], [20.39077, 44.83422], [20.39078, 44.83405], [20.39085, 44.83383], [20.39089, 44.83379], [20.39101, 44.83375], [20.39108, 44.83375], [20.39143, 44.83382], [20.3917, 44.83376], [20.39183, 44.8337], [20.39203, 44.83369], [20.39305, 44.83382], [20.39322, 44.83379], [20.39343, 44.8338], [20.39367, 44.83377], [20.39391, 44.83383], [20.39406, 44.83384], [20.39425, 44.83393], [20.39433, 44.83395], [20.3945, 44.83394], [20.39468, 44.83389], [20.39473, 44.8339], [20.39489, 44.83396], [20.39513, 44.83396], [20.39526, 44.834], [20.39552, 44.83404], [20.39573, 44.83404], [20.39585, 44.83402], [20.39595, 44.83396], [20.39591, 44.83386], [20.3958, 44.83375], [20.39575, 44.83363], [20.3957, 44.83341], [20.39566, 44.8333], [20.39555, 44.83319], [20.3954, 44.8329], [20.39535, 44.83286], [20.39531, 44.83274], [20.39531, 44.83263], [20.39541, 44.83259], [20.39543, 44.83255], [20.39532, 44.83243], [20.39524, 44.83228], [20.39521, 44.83213], [20.39513, 44.83197], [20.39514, 44.83189], [20.39509, 44.83177], [20.39509, 44.83168], [20.39503, 44.83158], [20.39483, 44.83137], [20.39475, 44.83124], [20.39471, 44.8311], [20.39474, 44.83105], [20.39469, 44.83077], [20.39464, 44.83067], [20.39445, 44.83037], [20.39446, 44.83035], [20.39441, 44.83023], [20.39442, 44.83021], [20.39426, 44.82998], [20.39426, 44.82987], [20.39424, 44.82979], [20.3942, 44.82973], [20.39418, 44.82965], [20.39402, 44.82937], [20.39401, 44.82928], [20.39403, 44.82911], [20.39399, 44.82899], [20.394, 44.82888], [20.39398, 44.82881], [20.39394, 44.82873], [20.3937, 44.82847], [20.39365, 44.82839], [20.39359, 44.82817], [20.3935, 44.82799], [20.39337, 44.82785], [20.39334, 44.82771], [20.39331, 44.82766], [20.39328, 44.82765], [20.39326, 44.82767], [20.39327, 44.82772], [20.39335, 44.8278], [20.39352, 44.82806], [20.39359, 44.82813], [20.39365, 44.82834], [20.39375, 44.82845], [20.39378, 44.82871], [20.3938, 44.82878], [20.39389, 44.82887], [20.39399, 44.82902], [20.39402, 44.82919], [20.39401, 44.82923], [20.39397, 44.8293], [20.39397, 44.82934], [20.39403, 44.8294], [20.39416, 44.82948], [20.39419, 44.82956], [20.39421, 44.82967], [20.3942, 44.82978], [20.39423, 44.82983], [20.39434, 44.82999], [20.39444, 44.8301], [20.39455, 44.83028], [20.39458, 44.83042], [20.39463, 44.83053], [20.39467, 44.83059], [20.39476, 44.83086], [20.39468, 44.83091], [20.39467, 44.83095], [20.39475, 44.83104], [20.39478, 44.83111], [20.39484, 44.83128], [20.39485, 44.83136], [20.39496, 44.83148], [20.39497, 44.83152], [20.39509, 44.83171], [20.39508, 44.83177], [20.3951, 44.8318], [20.3952, 44.83194], [20.39522, 44.83205], [20.39525, 44.83215], [20.39525, 44.83226], [20.39543, 44.83265], [20.3955, 44.83277], [20.39556, 44.833], [20.39556, 44.83307], [20.39559, 44.83317], [20.39565, 44.83327], [20.39571, 44.83333], [20.39577, 44.83351], [20.39577, 44.83361], [20.39579, 44.83366], [20.39585, 44.8338], [20.39596, 44.83393], [20.39596, 44.83397], [20.39591, 44.83401], [20.39584, 44.83401], [20.39545, 44.83394], [20.39501, 44.83393], [20.39451, 44.83387], [20.39419, 44.83385], [20.39355, 44.83377], [20.39311, 44.83378], [20.39282, 44.83373], [20.39252, 44.83373], [20.39214, 44.83367], [20.39193, 44.83367], [20.39109, 44.83361], [20.39099, 44.83367], [20.39088, 44.83381], [20.39085, 44.83388], [20.39079, 44.83415], [20.39078, 44.83431], [20.3908, 44.83439], [20.39076, 44.83449], [20.39079, 44.83468], [20.39087, 44.83478], [20.39089, 44.83487], [20.391, 44.83491], [20.39149, 44.83494], [20.39167, 44.83493], [20.39231, 44.83502], [20.39239, 44.83502], [20.39271, 44.83508], [20.39282, 44.83507], [20.39289, 44.83505], [20.39329, 44.83512], [20.39362, 44.8352], [20.39365, 44.83518], [20.3937, 44.83517], [20.39395, 44.83523], [20.39411, 44.83524], [20.3944, 44.8353], [20.39444, 44.83528], [20.3945, 44.83527], [20.39476, 44.83532], [20.3949, 44.83527], [20.39497, 44.83528], [20.39528, 44.83533], [20.39545, 44.83539], [20.3956, 44.83543], [20.39564, 44.83541], [20.39568, 44.83537], [20.39636, 44.83545], [20.39646, 44.83544], [20.39659, 44.83546], [20.3967, 44.83552], [20.39676, 44.83552], [20.3968, 44.83548], [20.39687, 44.83548], [20.39747, 44.83563], [20.39756, 44.8356], [20.39785, 44.83566], [20.39797, 44.83561], [20.39804, 44.83561], [20.39825, 44.83562], [20.39829, 44.83562], [20.3983, 44.83561], [20.39838, 44.83563], [20.39839, 44.8358], [20.39841, 44.83588], [20.39849, 44.8361], [20.39853, 44.83615], [20.39863, 44.83644], [20.39873, 44.83661], [20.39891, 44.83703], [20.39895, 44.83719], [20.3991, 44.83733], [20.3994, 44.83771], [20.39953, 44.83782], [20.39966, 44.838], [20.39977, 44.83821], [20.39989, 44.83839], [20.39994, 44.83847], [20.39995, 44.83852], [20.40011, 44.83871], [20.40019, 44.83878], [20.40034, 44.83897], [20.40057, 44.83931], [20.40096, 44.83981], [20.40113, 44.84009], [20.40105, 44.84012], [20.40081, 44.84013], [20.39978, 44.84043], [20.39944, 44.8405], [20.3988, 44.84067], [20.39825, 44.84077], [20.39789, 44.84087]]}, "properties": {"id": 17096806814, "name": "Run", "sport": "Run", "date": "2026-01-18", "distance_km": 5.91, "moving_time_s": 2186, "elev_gain_m": 24, "avg_speed_kmh": 9.7, "avg_hr": null}}, {"type": "Feature", "geometry": {"type": "LineString", "coordinates": [[20.39774, 44.8409], [20.39834, 44.84078], [20.39929, 44.84052], [20.39964, 44.84045], [20.39986, 44.84042], [20.40038, 44.84031], [20.4004, 44.84032], [20.40043, 44.84035], [20.40049, 44.84035], [20.40109, 44.8402], [20.40113, 44.84015], [20.40112, 44.84009], [20.401, 44.83991], [20.40098, 44.83983], [20.4009, 44.83981], [20.40067, 44.8394], [20.40016, 44.83863], [20.39993, 44.83839], [20.39981, 44.83822], [20.3998, 44.83817], [20.39973, 44.83809], [20.39961, 44.83785], [20.39939, 44.8376], [20.39913, 44.83721], [20.39894, 44.83702], [20.39881, 44.8368], [20.39873, 44.83665], [20.39865, 44.83637], [20.39858, 44.83622], [20.39857, 44.83616], [20.39843, 44.83592], [20.39844, 44.83588], [20.39842, 44.83585], [20.39839, 44.83572], [20.39834, 44.8356], [20.39817, 44.83556], [20.3979, 44.83557], [20.39722, 44.83551], [20.3962, 44.83537], [20.39596, 44.83536], [20.39576, 44.83532], [20.39542, 44.8353], [20.39531, 44.83526], [20.39411, 44.83516], [20.39393, 44.83511], [20.3932, 44.83508], [20.39286, 44.83502], [20.3924, 44.83501], [20.39206, 44.83496], [20.39179, 44.83494], [20.39099, 44.83486], [20.39093, 44.83483], [20.39091, 44.8348], [20.39093, 44.83435], [20.3909, 44.83403], [20.39093, 44.83392], [20.39094, 44.83381], [20.39101, 44.83369], [20.39102, 44.83359], [20.39101, 44.83351], [20.39092, 44.83321], [20.39052, 44.83278], [20.3902, 44.83251], [20.39011, 44.8324], [20.39006, 44.83226], [20.38994, 44.83207], [20.38987, 44.83182], [20.38982, 44.83175], [20.38981, 44.83169], [20.38982, 44.83166], [20.38978, 44.83162], [20.38973, 44.83153], [20.38975, 44.83148], [20.38967, 44.83144], [20.38965, 44.8314], [20.38966, 44.83123], [20.38967, 44.83122], [20.38962, 44.83117], [20.38955, 44.83101], [20.38944, 44.83082], [20.38939, 44.83062], [20.38928, 44.83034], [20.38915, 44.83008], [20.38907, 44.82983], [20.38893, 44.82953], [20.38882, 44.82922], [20.3887, 44.82905], [20.38867, 44.82897], [20.38865, 44.82885], [20.38851, 44.82858], [20.38844, 44.82829], [20.38835, 44.8281], [20.38826, 44.82783], [20.38829, 44.82776], [20.3884, 44.82771], [20.38853, 44.8277], [20.38885, 44.82771], [20.38904, 44.82763], [20.3892, 44.82763], [20.38961, 44.82755], [20.38996, 44.82751], [20.39136, 44.82739], [20.39219, 44.8273], [20.39255, 44.8273], [20.39301, 44.82727], [20.39314, 44.82724], [20.39324, 44.82725], [20.39325, 44.82731], [20.39323, 44.82735], [20.39324, 44.82739], [20.39323, 44.82742], [20.39319, 44.82745], [20.39325, 44.82758], [20.39335, 44.82771], [20.39338, 44.82778], [20.39337, 44.82782], [20.39342, 44.82786], [20.39345, 44.82792], [20.39352, 44.82799], [20.39354, 44.82804], [20.39354, 44.82814], [20.39366, 44.82838], [20.39373, 44.82861], [20.39374, 44.82869], [20.39385, 44.82892], [20.39387, 44.829], [20.39391, 44.82906], [20.39405, 44.82942], [20.39413, 44.82957], [20.39426, 44.82995], [20.39445, 44.83031], [20.39457, 44.8307], [20.39458, 44.83082], [20.39466, 44.83103], [20.39482, 44.8313], [20.39486, 44.83145], [20.3949, 44.8315], [20.3949, 44.83155], [20.39501, 44.83173], [20.39502, 44.83179], [20.39511, 44.832], [20.39516, 44.83219], [20.39526, 44.83235], [20.39533, 44.83263], [20.39537, 44.83275], [20.39547, 44.83288], [20.39556, 44.83309], [20.39554, 44.83316], [20.39557, 44.83324], [20.39581, 44.83359], [20.39591, 44.83398], [20.3959, 44.83405], [20.39586, 44.83408], [20.39575, 44.8341], [20.39558, 44.83409], [20.39531, 44.83405], [20.39494, 44.83404], [20.39464, 44.83399], [20.39429, 44.83402], [20.39393, 44.83399], [20.3938, 44.83396], [20.39363, 44.8339], [20.39327, 44.83388], [20.39296, 44.83382], [20.39219, 44.83384], [20.39194, 44.83378], [20.39189, 44.83378], [20.39183, 44.8338], [20.39153, 44.83376], [20.39143, 44.83376], [20.39107, 44.8337], [20.39097, 44.83373], [20.39091, 44.83379], [20.39081, 44.83404], [20.39078, 44.8343], [20.39077, 44.83452], [20.39087, 44.83481], [20.3909, 44.83485], [20.39101, 44.83488], [20.39196, 44.83497], [20.39235, 44.83499], [20.3932, 44.83509], [20.39349, 44.83514], [20.39438, 44.83524], [20.39461, 44.83528], [20.39514, 44.83531], [20.39555, 44.83541], [20.39598, 44.8354], [20.39627, 44.83546], [20.39677, 44.83547], [20.3969, 44.8355], [20.39734, 44.83552], [20.39765, 44.83559], [20.39773, 44.8356], [20.39791, 44.83558], [20.39833, 44.83563], [20.39836, 44.83566], [20.39836, 44.83575], [20.39839, 44.83599], [20.39858, 44.83627], [20.39877, 44.83675], [20.39894, 44.83708], [20.3991, 44.83727], [20.39945, 44.83775], [20.39995, 44.83849], [20.40016, 44.83875], [20.4002, 44.83884], [20.40022, 44.83891], [20.40035, 44.83906], [20.40046, 44.83923], [20.40058, 44.83935], [20.40071, 44.83952], [20.40092, 44.83984], [20.40101, 44.84001], [20.40109, 44.84008], [20.40111, 44.84013], [20.40109, 44.84017], [20.40104, 44.84018], [20.40026, 44.84031], [20.39981, 44.84043], [20.39872, 44.84066], [20.39849, 44.8407], [20.3977, 44.84091], [20.39756, 44.84094], [20.39736, 44.84094], [20.39713, 44.84102], [20.39699, 44.8411], [20.39698, 44.84113], [20.39703, 44.84117], [20.39715, 44.8412], [20.39719, 44.84123], [20.39726, 44.84131], [20.3974, 44.84143], [20.39759, 44.84155], [20.39763, 44.84159], [20.39775, 44.84179], [20.39787, 44.84189], [20.39797, 44.84209], [20.39805, 44.84217], [20.39817, 44.84232], [20.39823, 44.84236], [20.39826, 44.84241], [20.3984, 44.84253], [20.39848, 44.84267], [20.39856, 44.84276], [20.39881, 44.84298], [20.39889, 44.84309], [20.39897, 44.84327], [20.39912, 44.8435], [20.39938, 44.84363], [20.39942, 44.84366], [20.39996, 44.84428], [20.39999, 44.84429], [20.40001, 44.84427], [20.40015, 44.84432], [20.40012, 44.84436], [20.40014, 44.84444], [20.40017, 44.84445], [20.40022, 44.84459], [20.4003, 44.84474], [20.40053, 44.84498], [20.40065, 44.84519], [20.40083, 44.84535], [20.40107, 44.8457], [20.40107, 44.84573], [20.40085, 44.84577], [20.40038, 44.84599], [20.40007, 44.84609], [20.40004, 44.84612], [20.39976, 44.84623], [20.39954, 44.84633], [20.39902, 44.84653], [20.39856, 44.84666], [20.39819, 44.84679], [20.39731, 44.84717], [20.39676, 44.84734], [20.39669, 44.84733], [20.39665, 44.84731], [20.3965, 44.84706], [20.39623, 44.84666], [20.39611, 44.84645], [20.3959, 44.84602], [20.39579, 44.84586], [20.3958, 44.84581], [20.3959, 44.84576], [20.39593, 44.84572], [20.39588, 44.84559], [20.3958, 44.84542], [20.39571, 44.84537], [20.39562, 44.84537], [20.39552, 44.84534], [20.39542, 44.84524], [20.39538, 44.84516], [20.39542, 44.8451], [20.39549, 44.84507], [20.39795, 44.84455], [20.398, 44.84452], [20.39802, 44.84449], [20.398, 44.84445], [20.3979, 44.84434], [20.39761, 44.84391], [20.39755, 44.84384], [20.39748, 44.84379], [20.39748, 44.84375], [20.39744, 44.8437], [20.39736, 44.84363], [20.39728, 44.84353], [20.39722, 44.8434], [20.39705, 44.84311], [20.39687, 44.84274]]}, "properties": {"id": 17072806928, "name": "Run", "sport": "Run", "date": "2026-01-16", "distance_km": 7.63, "moving_time_s": 3144, "elev_gain_m": 36, "avg_speed_kmh": 8.7, "avg_hr": null}}, {"type": "Feature", "geometry": {"type": "LineString", "coordinates": [[20.39677, 44.8427], [20.39682, 44.8428], [20.39681, 44.84284], [20.39676, 44.84288], [20.3967, 44.8429], [20.39551, 44.84311], [20.39462, 44.84324], [20.39431, 44.8433], [20.3942, 44.84335], [20.3942, 44.84338], [20.39462, 44.84405], [20.39472, 44.84431], [20.39488, 44.84452], [20.39507, 44.84479], [20.39524, 44.84506], [20.39534, 44.84528], [20.3954, 44.84535], [20.39551, 44.84542], [20.39559, 44.8455], [20.3956, 44.84559], [20.39564, 44.84562], [20.39576, 44.84582], [20.39573, 44.84589], [20.39579, 44.84595], [20.39587, 44.84614], [20.39588, 44.84615], [20.39582, 44.84619], [20.39582, 44.84627], [20.39589, 44.84634], [20.39606, 44.84661], [20.39619, 44.84675], [20.39649, 44.84737], [20.39648, 44.84741], [20.39629, 44.84745], [20.39473, 44.84809], [20.39368, 44.84844], [20.39285, 44.84879], [20.39229, 44.84898], [20.39177, 44.84921], [20.39144, 44.84923], [20.39111, 44.84935], [20.39106, 44.84935], [20.39096, 44.84926], [20.39077, 44.84933], [20.3907, 44.84937], [20.39065, 44.84943], [20.39018, 44.84951], [20.38982, 44.84953], [20.38946, 44.84958], [20.38941, 44.84955], [20.38941, 44.84951], [20.38933, 44.84854], [20.38933, 44.84837], [20.38937, 44.84808], [20.38938, 44.84804], [20.38942, 44.848], [20.38938, 44.84765], [20.38938, 44.84736], [20.38946, 44.84687], [20.38955, 44.84622], [20.38954, 44.84618], [20.38955, 44.84601], [20.38959, 44.84578], [20.38956, 44.8457], [20.38965, 44.84519], [20.38963, 44.84507], [20.38964, 44.84498], [20.38968, 44.84477], [20.38973, 44.84466], [20.38973, 44.84458], [20.38925, 44.84375], [20.38897, 44.84336], [20.38881, 44.84306], [20.38863, 44.84279], [20.38853, 44.84265], [20.3885, 44.84263], [20.38843, 44.84266], [20.38842, 44.8428], [20.38833, 44.84301], [20.38823, 44.84341], [20.38819, 44.84373], [20.38814, 44.8438], [20.38807, 44.84386], [20.38807, 44.84399], [20.38805, 44.8443], [20.38802, 44.84447], [20.388, 44.84493], [20.38798, 44.84515], [20.38795, 44.84523], [20.38794, 44.84531], [20.38793, 44.84543], [20.38794, 44.8456], [20.3879, 44.84597], [20.3878, 44.84644], [20.38777, 44.84679], [20.38771, 44.84709], [20.3877, 44.84723], [20.38767, 44.84732], [20.38763, 44.84758], [20.38765, 44.8477], [20.38766, 44.84813], [20.38771, 44.8484], [20.38776, 44.84876], [20.38775, 44.8491], [20.38777, 44.8492], [20.38781, 44.84929], [20.38781, 44.84936], [20.38785, 44.84944], [20.38791, 44.8497], [20.38804, 44.84967], [20.38823, 44.84968], [20.38928, 44.8496], [20.3899, 44.84952], [20.38998, 44.84952], [20.39023, 44.84949], [20.39028, 44.84951], [20.39037, 44.84949], [20.3904, 44.84946], [20.39029, 44.84908], [20.39026, 44.8489], [20.39025, 44.84871], [20.39027, 44.8486], [20.39024, 44.84844], [20.39027, 44.84836], [20.3902, 44.84779], [20.39024, 44.84763], [20.39025, 44.84742], [20.3902, 44.84714], [20.39022, 44.84689], [20.3902, 44.84684], [20.39025, 44.84667], [20.39029, 44.84662], [20.39027, 44.84655], [20.39028, 44.84636], [20.39032, 44.84607], [20.39038, 44.84586], [20.3904, 44.84581], [20.39044, 44.84578], [20.39063, 44.8458], [20.3907, 44.8459], [20.39082, 44.84597], [20.39099, 44.84627], [20.39112, 44.84639], [20.39119, 44.84649], [20.39114, 44.84657], [20.39113, 44.84669], [20.39108, 44.84689], [20.39107, 44.84709], [20.3911, 44.84745], [20.39106, 44.84748], [20.3909, 44.84753], [20.39083, 44.84759], [20.39082, 44.84762], [20.39119, 44.84829], [20.39133, 44.84851], [20.39156, 44.84895], [20.39166, 44.8491], [20.39175, 44.84919], [20.39175, 44.84928], [20.39185, 44.84941], [20.39198, 44.84943], [20.39201, 44.84946], [20.39201, 44.84951], [20.39206, 44.84962], [20.39211, 44.84974], [20.39218, 44.84981], [20.39219, 44.84986], [20.39227, 44.84997], [20.39241, 44.85026], [20.39242, 44.85032], [20.39262, 44.85069], [20.3926, 44.85069], [20.39264, 44.85075], [20.3927, 44.85083], [20.39275, 44.85083], [20.39283, 44.8508], [20.39286, 44.85084], [20.39293, 44.85084], [20.39309, 44.85076], [20.39319, 44.85074], [20.39338, 44.85066], [20.39344, 44.85065], [20.39363, 44.85057], [20.39367, 44.85057], [20.39428, 44.85037], [20.39445, 44.85029], [20.39464, 44.85023], [20.3948, 44.85013], [20.39552, 44.84986], [20.39575, 44.84975], [20.39587, 44.84972], [20.3962, 44.84957], [20.39693, 44.84929], [20.39719, 44.84921], [20.39737, 44.84912], [20.39835, 44.8487], [20.39872, 44.8485], [20.39976, 44.84809], [20.39985, 44.84805], [20.39993, 44.84797], [20.40001, 44.84792], [20.40012, 44.8479], [20.40025, 44.84784], [20.40033, 44.84778], [20.40034, 44.84774], [20.40044, 44.84776], [20.40053, 44.84771], [20.40062, 44.8477], [20.40065, 44.84766], [20.40077, 44.8476], [20.40097, 44.84753], [20.4011, 44.84744], [20.40114, 44.84743], [20.40122, 44.84744], [20.40138, 44.84738], [20.40143, 44.84735], [20.40168, 44.84725], [20.40169, 44.84722], [20.40164, 44.84717], [20.40164, 44.84715], [20.40171, 44.84714], [20.40175, 44.84714], [20.40187, 44.8471], [20.4019, 44.84708], [20.40204, 44.84706], [20.4022, 44.84708], [20.40221, 44.84705], [20.4021, 44.84695], [20.4019, 44.84685], [20.40187, 44.84682], [20.40182, 44.84672], [20.40181, 44.84662], [20.40178, 44.84653], [20.40157, 44.84633], [20.40165, 44.8463], [20.40164, 44.84628], [20.40146, 44.84614], [20.40144, 44.84611], [20.40146, 44.8461], [20.40145, 44.84607], [20.40125, 44.84586], [20.4011, 44.8458], [20.40106, 44.84577], [20.40105, 44.84572], [20.40108, 44.84565], [20.40102, 44.84557], [20.40097, 44.84554], [20.40091, 44.84553], [20.4009, 44.84548], [20.40083, 44.84547], [20.4008, 44.84544], [20.40074, 44.84538], [20.40072, 44.8453], [20.40076, 44.84523], [20.40075, 44.84519], [20.40055, 44.845], [20.40049, 44.84493], [20.40045, 44.84484], [20.4004, 44.84481], [20.40024, 44.84485], [20.39999, 44.84495], [20.39987, 44.84504], [20.39948, 44.84527], [20.39891, 44.84555], [20.39855, 44.84562], [20.39832, 44.84575], [20.39771, 44.84586], [20.39751, 44.84588], [20.39746, 44.84587], [20.39765, 44.84583], [20.3977, 44.84584], [20.39779, 44.84582], [20.39783, 44.84584], [20.3979, 44.8458], [20.39818, 44.84576], [20.39868, 44.8456], [20.39906, 44.84554], [20.39946, 44.84535], [20.39973, 44.84516], [20.4, 44.84501], [20.40006, 44.84499], [20.40007, 44.84496], [20.40006, 44.84495], [20.40001, 44.84494], [20.39985, 44.84501], [20.39977, 44.84502], [20.39971, 44.845], [20.39939, 44.84508], [20.39915, 44.84515], [20.39868, 44.84534], [20.39846, 44.84538], [20.39818, 44.84548], [20.39804, 44.84551], [20.39791, 44.84551], [20.39765, 44.84554], [20.39725, 44.84569], [20.39715, 44.84575], [20.39703, 44.84578], [20.39642, 44.84588], [20.39623, 44.84587], [20.39608, 44.8459], [20.39601, 44.84589], [20.39591, 44.84579], [20.39594, 44.84574], [20.396, 44.84572], [20.39602, 44.84568], [20.396, 44.84564], [20.39585, 44.84547], [20.39583, 44.84542], [20.39586, 44.84537], [20.39603, 44.84537], [20.39603, 44.8454], [20.396, 44.84541], [20.39597, 44.8454], [20.3961, 44.84537], [20.39633, 44.84535], [20.39643, 44.84532], [20.39652, 44.84528], [20.3968, 44.84521], [20.39696, 44.84515], [20.39715, 44.84517], [20.39742, 44.84505], [20.39749, 44.84504], [20.39785, 44.84497], [20.3981, 44.84499], [20.39821, 44.84496], [20.39853, 44.84479], [20.39866, 44.84478], [20.39882, 44.84473], [20.3989, 44.84472], [20.39919, 44.8446], [20.39962, 44.84453], [20.39965, 44.84451], [20.39967, 44.84446], [20.39964, 44.8444], [20.3996, 44.84435], [20.39947, 44.84427], [20.39927, 44.84427], [20.39898, 44.84434], [20.39821, 44.84443], [20.39817, 44.84446], [20.39803, 44.84447], [20.3979, 44.84453], [20.39709, 44.84473], [20.39668, 44.84479], [20.39622, 44.8449], [20.39541, 44.84506], [20.39531, 44.84504], [20.39528, 44.84501], [20.3952, 44.84486], [20.39498, 44.84456], [20.39494, 44.84447], [20.39483, 44.84434], [20.39483, 44.8443], [20.39492, 44.84424], [20.39513, 44.8442], [20.39521, 44.84413], [20.39525, 44.84412], [20.39568, 44.84407], [20.39599, 44.844], [20.39644, 44.84394], [20.39686, 44.84386], [20.3969, 44.84388], [20.39689, 44.84391], [20.39694, 44.84393], [20.39749, 44.84383], [20.3977, 44.84381], [20.39896, 44.84352], [20.399, 44.8435], [20.39908, 44.84339], [20.39898, 44.84322], [20.39888, 44.8431], [20.39883, 44.84297], [20.39882, 44.84288], [20.39874, 44.84275], [20.39863, 44.84273], [20.39836, 44.84285], [20.398, 44.84294], [20.39789, 44.84291], [20.3978, 44.84276], [20.39772, 44.84271], [20.39765, 44.8427], [20.39723, 44.84281], [20.39653, 44.8429], [20.39642, 44.8429], [20.39605, 44.84299], [20.39565, 44.84303], [20.39515, 44.84314], [20.39487, 44.84318], [20.39435, 44.84328], [20.39428, 44.84325], [20.39421, 44.84327], [20.39417, 44.84325], [20.3941, 44.84309], [20.39404, 44.84303], [20.39396, 44.84289], [20.39395, 44.84282], [20.39385, 44.84272], [20.39383, 44.84265]]}, "properties": {"id": 16987576918, "name": "Dobro jutro \u2728", "sport": "Run", "date": "2026-01-09", "distance_km": 8.43, "moving_time_s": 3622, "elev_gain_m": 39, "avg_speed_kmh": 8.4, "avg_hr": null}}, {"type": "Feature", "geometry": {"type": "LineString", "coordinates": [[20.39675, 44.84271], [20.3968, 44.84283], [20.39716, 44.84348], [20.39726, 44.84362], [20.39739, 44.84372], [20.39743, 44.84374], [20.39788, 44.84379], [20.398, 44.84382], [20.39833, 44.84373], [20.39872, 44.84369], [20.39893, 44.84365], [20.39921, 44.84357], [20.39929, 44.84357], [20.39946, 44.84376], [20.39965, 44.84413], [20.39971, 44.84421], [20.39983, 44.8443], [20.40003, 44.84457], [20.40026, 44.84481], [20.40049, 44.84497], [20.40069, 44.84527], [20.40098, 44.84568], [20.40106, 44.84576], [20.40108, 44.84584], [20.40114, 44.84593], [20.40137, 44.84621], [20.40158, 44.84635], [20.40167, 44.84645], [20.40169, 44.84653], [20.40175, 44.84661], [20.40198, 44.84684], [20.40216, 44.8471], [20.40212, 44.84715], [20.40182, 44.84722], [20.40109, 44.84751], [20.40077, 44.84762], [20.40048, 44.84767], [20.4, 44.84789], [20.3999, 44.84796], [20.39967, 44.84805], [20.39957, 44.84814], [20.39943, 44.84821], [20.39905, 44.84837], [20.39854, 44.84855], [20.39798, 44.84882], [20.39761, 44.84897], [20.39748, 44.84912], [20.39717, 44.84919], [20.39692, 44.84929], [20.39673, 44.84933], [20.39638, 44.84948], [20.39622, 44.84956], [20.39618, 44.8496], [20.39575, 44.84979], [20.39527, 44.84992], [20.39443, 44.85026], [20.39429, 44.85036], [20.39424, 44.85035], [20.39355, 44.85065], [20.3928, 44.85092], [20.39278, 44.85093], [20.39279, 44.85097], [20.3929, 44.85113], [20.3931, 44.85154], [20.39326, 44.85182], [20.3935, 44.85236], [20.39352, 44.85238], [20.39357, 44.85239], [20.3937, 44.85236], [20.39422, 44.85219], [20.39487, 44.85202], [20.39517, 44.85201], [20.39545, 44.85202], [20.39555, 44.852], [20.39565, 44.85193], [20.39579, 44.85188], [20.39584, 44.85179], [20.3963, 44.8516], [20.39693, 44.8514], [20.39769, 44.85107], [20.39806, 44.85096], [20.39829, 44.85085], [20.39833, 44.85086], [20.39839, 44.85096], [20.39847, 44.85096], [20.39857, 44.85087], [20.39869, 44.85081], [20.39882, 44.85071], [20.39908, 44.85058], [20.39918, 44.85056], [20.39939, 44.85054], [20.39947, 44.85051], [20.3997, 44.85036], [20.39989, 44.85028], [20.40144, 44.84967], [20.40326, 44.84902], [20.40328, 44.84901], [20.40338, 44.84906], [20.40346, 44.849], [20.40361, 44.84894], [20.40363, 44.84894], [20.40354, 44.84899], [20.40346, 44.84901], [20.40342, 44.84904], [20.4034, 44.84907], [20.40341, 44.84913], [20.40374, 44.84971], [20.40386, 44.84983], [20.40397, 44.85001], [20.40401, 44.85011], [20.40399, 44.85016], [20.40399, 44.85021], [20.40412, 44.85042], [20.40421, 44.85063], [20.40426, 44.85068], [20.40427, 44.85072], [20.40414, 44.85073], [20.4037, 44.85084], [20.40367, 44.85086], [20.40364, 44.8509], [20.40358, 44.85093], [20.40325, 44.85099], [20.40293, 44.85109], [20.40298, 44.8511], [20.40289, 44.85114], [20.40262, 44.85119], [20.40263, 44.85119], [20.40234, 44.8513], [20.40218, 44.85133], [20.40167, 44.85149], [20.4015, 44.85156], [20.40126, 44.85163], [20.4012, 44.85166], [20.40073, 44.85177], [20.40039, 44.85191], [20.40014, 44.85199], [20.4001, 44.85203], [20.39997, 44.85209], [20.39955, 44.85224], [20.39868, 44.8525], [20.3987, 44.85252], [20.3985, 44.85255], [20.39823, 44.85264], [20.39799, 44.85269], [20.39802, 44.85272], [20.3978, 44.85275], [20.3967, 44.85307], [20.39646, 44.85316], [20.39628, 44.85321], [20.39594, 44.85333], [20.39554, 44.8535], [20.39526, 44.85358], [20.39528, 44.85357], [20.39527, 44.85353], [20.39517, 44.85355], [20.39505, 44.85362], [20.39485, 44.85367], [20.3946, 44.85378], [20.39441, 44.85381], [20.39439, 44.85362], [20.394, 44.85312], [20.39382, 44.85283], [20.39375, 44.85266], [20.39375, 44.85261], [20.3938, 44.85256], [20.39392, 44.85253], [20.39406, 44.85244], [20.39463, 44.8522], [20.39505, 44.85207], [20.39515, 44.85202], [20.39522, 44.85202], [20.39531, 44.85199], [20.39541, 44.85191], [20.39543, 44.85186], [20.39555, 44.85185], [20.39563, 44.8518], [20.39579, 44.85176], [20.396, 44.85175], [20.3962, 44.85163], [20.39678, 44.85141], [20.39687, 44.85135], [20.39712, 44.85126], [20.39732, 44.85115], [20.39762, 44.85106], [20.39768, 44.851], [20.39785, 44.85092], [20.39816, 44.85082], [20.39819, 44.85079], [20.3982, 44.85074], [20.39824, 44.85072], [20.39836, 44.8507], [20.39858, 44.85063], [20.39877, 44.8506], [20.39917, 44.85046], [20.39999, 44.8502], [20.4008, 44.84989], [20.40139, 44.84969], [20.40181, 44.84951], [20.40299, 44.8491], [20.40341, 44.84893], [20.40348, 44.84889], [20.40343, 44.8488], [20.40348, 44.84877], [20.4035, 44.84874], [20.40335, 44.84858], [20.40333, 44.84858], [20.40326, 44.84849], [20.40307, 44.84824], [20.40281, 44.84791], [20.40278, 44.84785], [20.40263, 44.84768], [20.40263, 44.84764], [20.40261, 44.8476], [20.40249, 44.84747], [20.40249, 44.84738], [20.40241, 44.84728], [20.40229, 44.84723], [20.40221, 44.84714], [20.40218, 44.84708], [20.40205, 44.84708], [20.40188, 44.84716], [20.40173, 44.84726], [20.40142, 44.84736], [20.40092, 44.84756], [20.40074, 44.84761], [20.39981, 44.848], [20.39962, 44.84806], [20.39929, 44.84819], [20.39814, 44.84873], [20.39786, 44.84883], [20.39731, 44.84908], [20.39696, 44.84922], [20.39687, 44.84928], [20.39647, 44.84943], [20.39625, 44.84954], [20.39614, 44.84956], [20.39585, 44.84971], [20.3953, 44.8499], [20.39441, 44.85025], [20.39406, 44.85041], [20.39344, 44.85063], [20.39308, 44.85079], [20.39291, 44.85088], [20.39283, 44.85091], [20.39278, 44.85089], [20.39276, 44.85083], [20.39265, 44.85067], [20.3926, 44.85055], [20.39235, 44.85021], [20.39224, 44.84998], [20.39218, 44.8499], [20.39207, 44.84985], [20.39192, 44.84955], [20.39181, 44.84924], [20.39184, 44.8492], [20.39206, 44.84915], [20.39325, 44.84876], [20.39351, 44.84872], [20.39353, 44.84868], [20.39345, 44.84853], [20.39348, 44.84851], [20.39377, 44.84845], [20.39445, 44.84824], [20.39463, 44.84822], [20.395, 44.84809], [20.39565, 44.84783], [20.39576, 44.84781], [20.3959, 44.84772], [20.39659, 44.84749], [20.39661, 44.84746], [20.3965, 44.84725], [20.39651, 44.8472], [20.39646, 44.84713], [20.3964, 44.84711], [20.3964, 44.84706], [20.39625, 44.84688], [20.39624, 44.84681], [20.39621, 44.8468], [20.39613, 44.84668]]}, "properties": {"id": 16909858324, "name": "Trc", "sport": "Run", "date": "2026-01-02", "distance_km": 6.76, "moving_time_s": 2885, "elev_gain_m": 34, "avg_speed_kmh": 8.4, "avg_hr": null}}, {"type": "Feature", "geometry": {"type": "LineString", "coordinates": [[20.39678, 44.84268], [20.39683, 44.84287], [20.39722, 44.84352], [20.39725, 44.84356], [20.39738, 44.84365], [20.39748, 44.8437], [20.39761, 44.84383], [20.39766, 44.84395], [20.39777, 44.84409], [20.39783, 44.84424], [20.39796, 44.84447], [20.39795, 44.8445], [20.3979, 44.84453], [20.39776, 44.84454], [20.39717, 44.84465], [20.39663, 44.84482], [20.3959, 44.84499], [20.39539, 44.84513], [20.39537, 44.84517], [20.39553, 44.8453], [20.39553, 44.84533], [20.39548, 44.84536], [20.39532, 44.8454], [20.39527, 44.84543], [20.39523, 44.84552], [20.39525, 44.84557], [20.39535, 44.84565], [20.39539, 44.84577], [20.39563, 44.84589], [20.3957, 44.84596], [20.39575, 44.84604], [20.39591, 44.84644], [20.39641, 44.84721], [20.3965, 44.84738], [20.3965, 44.84742], [20.39645, 44.84746], [20.39631, 44.84749], [20.39583, 44.84761], [20.39557, 44.8477], [20.39524, 44.84784], [20.39482, 44.84807], [20.39391, 44.84839], [20.39298, 44.8488], [20.39277, 44.84891], [20.39177, 44.84927], [20.3913, 44.84932], [20.39033, 44.84949], [20.38971, 44.84953], [20.38947, 44.84955], [20.38941, 44.84957], [20.38933, 44.84955], [20.38881, 44.84963], [20.38715, 44.84979], [20.38661, 44.84988], [20.38629, 44.84986], [20.38609, 44.84989], [20.38571, 44.84989], [20.38538, 44.84994], [20.38524, 44.84994], [20.38506, 44.84996], [20.38495, 44.85002], [20.38471, 44.85], [20.38394, 44.85002], [20.3838, 44.85008], [20.3837, 44.8501], [20.38297, 44.85015], [20.38265, 44.85014], [20.38235, 44.85009], [20.38225, 44.85004], [20.38198, 44.85001], [20.38149, 44.84991], [20.38107, 44.8498], [20.38084, 44.84972], [20.3803, 44.84963], [20.3802, 44.84959], [20.37969, 44.84949], [20.37919, 44.84932], [20.37855, 44.8492], [20.37828, 44.84912], [20.378, 44.84908], [20.37769, 44.84896], [20.37733, 44.84891], [20.37727, 44.84887], [20.37726, 44.84885], [20.37712, 44.84882], [20.37708, 44.84877], [20.37702, 44.84874], [20.37674, 44.84867], [20.37654, 44.84867], [20.37613, 44.84861], [20.376, 44.84862], [20.37598, 44.84859], [20.3759, 44.84853], [20.37585, 44.84853], [20.37574, 44.84857], [20.37564, 44.84857], [20.37534, 44.84845], [20.37474, 44.84832], [20.37466, 44.84828], [20.37438, 44.84822], [20.37436, 44.84819], [20.37425, 44.84816], [20.37392, 44.84813], [20.3735, 44.848], [20.37318, 44.84796], [20.37314, 44.84794], [20.37307, 44.84783], [20.37306, 44.84761], [20.37308, 44.84757], [20.37305, 44.84732], [20.37306, 44.84727], [20.37293, 44.84691], [20.37295, 44.84687], [20.3729, 44.84674], [20.37294, 44.84669], [20.3732, 44.84655], [20.37337, 44.84651], [20.37358, 44.84639], [20.37375, 44.84624], [20.37405, 44.84606], [20.37412, 44.84599], [20.37477, 44.84555], [20.37592, 44.84483], [20.37622, 44.84469], [20.37679, 44.84434], [20.37708, 44.8442], [20.3772, 44.84413], [20.37816, 44.84373], [20.3786, 44.84344], [20.37893, 44.84327], [20.37898, 44.84329], [20.37905, 44.84338], [20.37914, 44.8439], [20.37929, 44.84433], [20.37951, 44.8451], [20.37949, 44.84515], [20.37949, 44.84519], [20.37956, 44.84562], [20.37961, 44.84578], [20.37977, 44.84612], [20.37995, 44.8463], [20.38025, 44.84669], [20.38037, 44.8468], [20.3805, 44.84712], [20.38049, 44.8472], [20.38059, 44.84748], [20.38061, 44.84768], [20.38078, 44.84806], [20.38087, 44.8482], [20.38106, 44.84836], [20.38129, 44.84845], [20.3816, 44.84864], [20.3817, 44.84868], [20.38181, 44.8487], [20.38192, 44.84867], [20.3822, 44.84863], [20.38232, 44.84864], [20.38238, 44.84867], [20.3824, 44.8487], [20.38241, 44.84884], [20.38241, 44.84905], [20.38243, 44.84917], [20.38242, 44.84922], [20.38244, 44.84933], [20.38243, 44.84946], [20.38255, 44.84969], [20.38263, 44.85], [20.38267, 44.8501], [20.3827, 44.85013], [20.38291, 44.85012], [20.38365, 44.85011], [20.38412, 44.85006], [20.3846, 44.85008], [20.38489, 44.85007], [20.38505, 44.85006], [20.38547, 44.84998], [20.38595, 44.84994], [20.386, 44.84995], [20.38605, 44.85], [20.38607, 44.85001], [20.38615, 44.84991], [20.38642, 44.84988], [20.38653, 44.84983], [20.38657, 44.84979], [20.38664, 44.84977], [20.38677, 44.84978], [20.38693, 44.84976], [20.38716, 44.84978], [20.38774, 44.84973], [20.38802, 44.84974], [20.38836, 44.84969], [20.38922, 44.84963], [20.39016, 44.84954], [20.39056, 44.84948], [20.39122, 44.84929], [20.39134, 44.84927], [20.39145, 44.84927], [20.39173, 44.8492], [20.39202, 44.84907], [20.39252, 44.84892], [20.39339, 44.84859], [20.3935, 44.84857], [20.39367, 44.84852], [20.39421, 44.84834], [20.39454, 44.8482], [20.39498, 44.84807], [20.39571, 44.84778], [20.39608, 44.84767], [20.3962, 44.8476], [20.39658, 44.84746], [20.39661, 44.84741], [20.39666, 44.84738], [20.39699, 44.84728], [20.39765, 44.84701], [20.39831, 44.8468], [20.39901, 44.84655], [20.3993, 44.84644], [20.39961, 44.84628], [20.3998, 44.84622], [20.39988, 44.84616], [20.40016, 44.84604], [20.40033, 44.846], [20.40047, 44.84592], [20.40059, 44.84589], [20.40103, 44.84574], [20.40102, 44.84572], [20.4009, 44.84557], [20.40088, 44.8455], [20.40081, 44.84544], [20.4007, 44.84529], [20.4004, 44.84491], [20.40013, 44.84452], [20.39998, 44.84436], [20.39985, 44.84417], [20.39937, 44.84362], [20.39932, 44.84353], [20.39919, 44.84343], [20.39897, 44.84313], [20.39897, 44.8431], [20.39882, 44.84298], [20.39861, 44.84276], [20.39856, 44.84276], [20.39806, 44.84294], [20.39788, 44.84297], [20.39782, 44.84291], [20.39771, 44.84277], [20.39765, 44.84274], [20.39699, 44.84285], [20.39689, 44.84281], [20.39685, 44.84273]]}, "properties": {"id": 16871361169, "name": "Morning run", "sport": "Run", "date": "2025-12-29", "distance_km": 6.64, "moving_time_s": 2622, "elev_gain_m": 31, "avg_speed_kmh": 9.1, "avg_hr": null}}, {"type": "Feature", "geometry": {"type": "LineString", "coordinates": [[20.39679, 44.84271], [20.39684, 44.8428], [20.39682, 44.84286], [20.39683, 44.84295], [20.39696, 44.84312], [20.39713, 44.84339], [20.39721, 44.84347], [20.3973, 44.8436], [20.39758, 44.84389], [20.39765, 44.84402], [20.39798, 44.84447], [20.39807, 44.84448], [20.39898, 44.84431], [20.39924, 44.84427], [20.39946, 44.84428], [20.39953, 44.8443], [20.39957, 44.84434], [20.39962, 44.84447], [20.39958, 44.84451], [20.39942, 44.84459], [20.39938, 44.84463], [20.39927, 44.84463], [20.39882, 44.84473], [20.39867, 44.84474], [20.39862, 44.84478], [20.39793, 44.84493], [20.3964, 44.84524], [20.39605, 44.84533], [20.39572, 44.84545], [20.39569, 44.8455], [20.39569, 44.84553], [20.39584, 44.84572], [20.39585, 44.84576], [20.39584, 44.8458], [20.39579, 44.84586], [20.39587, 44.84597], [20.39599, 44.8462], [20.39627, 44.84689], [20.39636, 44.84703], [20.39661, 44.84736], [20.39671, 44.84736], [20.39684, 44.84732], [20.39705, 44.84728], [20.39763, 44.84706], [20.39811, 44.84689], [20.3986, 44.84675], [20.39951, 44.84635], [20.40013, 44.84614], [20.40027, 44.84606], [20.40044, 44.84599], [20.40056, 44.84593], [20.40106, 44.84574], [20.40105, 44.8457], [20.40073, 44.84531], [20.40051, 44.84495], [20.40049, 44.84486], [20.40037, 44.84473], [20.40028, 44.84466], [20.40009, 44.8444], [20.39998, 44.84417], [20.39987, 44.84404], [20.39963, 44.84379], [20.39955, 44.84378], [20.39939, 44.84386], [20.39928, 44.84386], [20.39919, 44.84384], [20.39913, 44.84382], [20.39907, 44.84376], [20.39903, 44.84366], [20.39898, 44.84359], [20.39886, 44.84354], [20.39865, 44.8436], [20.39796, 44.84367], [20.3978, 44.84368], [20.39746, 44.84367], [20.39727, 44.84345], [20.39724, 44.84336], [20.39713, 44.84312], [20.39681, 44.84256], [20.39665, 44.84231], [20.39655, 44.84221], [20.39652, 44.84215], [20.39642, 44.84207], [20.39635, 44.84197], [20.3963, 44.84195], [20.39626, 44.84197], [20.39609, 44.84209], [20.39592, 44.84216], [20.39574, 44.84215], [20.39528, 44.84221], [20.39465, 44.84235], [20.39403, 44.84244], [20.39391, 44.84247], [20.3938, 44.8426], [20.39379, 44.84262], [20.3938, 44.84268], [20.39401, 44.84311], [20.3942, 44.84344], [20.39422, 44.84349], [20.3945, 44.84394], [20.39465, 44.84424], [20.39481, 44.84444], [20.39505, 44.84484], [20.39525, 44.84512], [20.39538, 44.84535], [20.39545, 44.84539], [20.39554, 44.84539], [20.39556, 44.84541], [20.39559, 44.84556], [20.39568, 44.84568], [20.39572, 44.84576], [20.39573, 44.84581], [20.3957, 44.84585], [20.39571, 44.84589], [20.3958, 44.84593], [20.39582, 44.84596], [20.39591, 44.8462], [20.39601, 44.84638], [20.39605, 44.84642], [20.39629, 44.8469], [20.39661, 44.84735], [20.39666, 44.84739], [20.39672, 44.84738], [20.3969, 44.84732], [20.39703, 44.84729], [20.39719, 44.84722], [20.39803, 44.84693], [20.39848, 44.84676], [20.39869, 44.8467], [20.39928, 44.84645], [20.39998, 44.84619], [20.40011, 44.84616], [20.40069, 44.84589], [20.40103, 44.84576], [20.40105, 44.84573], [20.4009, 44.84552], [20.40086, 44.84543], [20.40077, 44.84533], [20.40067, 44.84526], [20.40049, 44.84499], [20.4005, 44.84496], [20.40041, 44.84487], [20.40042, 44.84486], [20.40041, 44.84482], [20.40013, 44.84449], [20.39994, 44.8442], [20.39979, 44.84401], [20.39977, 44.84397], [20.3997, 44.84392], [20.39946, 44.84367], [20.39933, 44.84358], [20.39911, 44.84337], [20.39901, 44.84315], [20.39889, 44.84303], [20.3988, 44.8429], [20.39858, 44.84266], [20.39851, 44.84255], [20.3984, 44.84243], [20.3983, 44.84231], [20.39825, 44.8422], [20.39794, 44.84185], [20.39783, 44.84177], [20.39771, 44.84174]]}, "properties": {"id": 16842061361, "name": "Jutarnji brzi jog", "sport": "Run", "date": "2025-12-26", "distance_km": 3.94, "moving_time_s": 1378, "elev_gain_m": 22, "avg_speed_kmh": 10.3, "avg_hr": null}}, {"type": "Feature", "geometry": {"type": "LineString", "coordinates": [[20.50226, 44.69597], [20.50205, 44.69612], [20.50196, 44.69627], [20.50225, 44.6975], [20.50239, 44.69783], [20.50296, 44.69853], [20.50312, 44.69883], [20.50357, 44.70016], [20.50739, 44.70467], [20.5078, 44.70508], [20.50856, 44.70563], [20.50874, 44.70623], [20.50876, 44.70708], [20.50854, 44.70747], [20.50792, 44.7082], [20.50747, 44.7094], [20.50713, 44.70978], [20.5065, 44.71033], [20.50602, 44.71121], [20.50582, 44.71184], [20.50604, 44.71306], [20.50599, 44.7134], [20.50575, 44.71391], [20.50479, 44.71493], [20.50436, 44.7157], [20.50404, 44.71694], [20.50412, 44.71936], [20.50317, 44.72155], [20.50292, 44.72189], [20.50271, 44.72203], [20.50248, 44.72211], [20.50216, 44.72213], [20.50184, 44.72208], [20.5015, 44.72189], [20.5009, 44.7212], [20.5006, 44.72108], [20.50029, 44.72107], [20.49747, 44.72192], [20.49677, 44.72222], [20.49617, 44.72257], [20.49594, 44.7228], [20.49586, 44.723], [20.49597, 44.72344], [20.49628, 44.72372], [20.49692, 44.72398], [20.49746, 44.72439], [20.49798, 44.72503], [20.49825, 44.72567], [20.49821, 44.7259], [20.49801, 44.72607], [20.49774, 44.72617], [20.49714, 44.7263], [20.49628, 44.7267], [20.49588, 44.72676], [20.49552, 44.72674], [20.49314, 44.72608], [20.49242, 44.72598], [20.49169, 44.72604], [20.49051, 44.72647], [20.48979, 44.72663], [20.48809, 44.72643], [20.48752, 44.72652], [20.48726, 44.72662], [20.4866, 44.72708], [20.48342, 44.73046], [20.48296, 44.73112], [20.48285, 44.73166], [20.48291, 44.73219], [20.48359, 44.73453], [20.4838, 44.73503], [20.48439, 44.73588], [20.48573, 44.73736], [20.48584, 44.73754], [20.48589, 44.73788], [20.48571, 44.73843], [20.48573, 44.73865], [20.48603, 44.739], [20.4865, 44.73924], [20.48667, 44.73939], [20.48675, 44.73957], [20.48673, 44.73978], [20.48453, 44.74188], [20.48406, 44.74224], [20.48327, 44.74258], [20.48286, 44.74266], [20.48208, 44.74293], [20.48097, 44.74366], [20.47757, 44.7458], [20.47738, 44.74605], [20.47718, 44.74649], [20.47674, 44.74798], [20.47665, 44.74853], [20.47674, 44.74949], [20.47686, 44.74972], [20.4772, 44.74989], [20.47753, 44.74994], [20.47841, 44.74985], [20.47934, 44.75011], [20.48069, 44.74997], [20.48096, 44.74999], [20.48146, 44.75018], [20.48183, 44.75051], [20.48235, 44.75183], [20.48205, 44.7527], [20.48209, 44.75355], [20.4818, 44.75428], [20.48177, 44.75464], [20.48207, 44.75509], [20.48304, 44.75575], [20.48332, 44.75612], [20.48337, 44.75644], [20.48307, 44.757], [20.48061, 44.76075], [20.48056, 44.7611], [20.48023, 44.76137], [20.47914, 44.7631], [20.47833, 44.76487], [20.47627, 44.77049], [20.47493, 44.77239], [20.47378, 44.77384], [20.47351, 44.77443], [20.47324, 44.77558], [20.47286, 44.77643], [20.47262, 44.77677], [20.47203, 44.77733], [20.47034, 44.77825], [20.46953, 44.77882], [20.46891, 44.77939], [20.46833, 44.78011], [20.46806, 44.78058], [20.46637, 44.7843], [20.46586, 44.78664], [20.46587, 44.7871], [20.46599, 44.78718], [20.46596, 44.78731], [20.4657, 44.78724], [20.46574, 44.78726], [20.46559, 44.78732], [20.46528, 44.78759], [20.46536, 44.78781], [20.46563, 44.78813], [20.46578, 44.78888], [20.46605, 44.78937], [20.46658, 44.79134], [20.4666, 44.79163], [20.46645, 44.79227], [20.46636, 44.79248], [20.46616, 44.79263], [20.46609, 44.79276], [20.46613, 44.79302], [20.46574, 44.79413], [20.46537, 44.79483], [20.46511, 44.79565], [20.46519, 44.79716], [20.46533, 44.79748], [20.46558, 44.79899], [20.46545, 44.79935], [20.46528, 44.79939], [20.46512, 44.79936], [20.46501, 44.79939], [20.4647, 44.7996], [20.46385, 44.80001], [20.46349, 44.8003], [20.46372, 44.8005], [20.46398, 44.80079], [20.46443, 44.8011], [20.46448, 44.80119], [20.46458, 44.8012], [20.46468, 44.80146], [20.46434, 44.80165], [20.46415, 44.80171], [20.46406, 44.80168], [20.4637, 44.80185], [20.46373, 44.8019], [20.46373, 44.80213], [20.4639, 44.80226], [20.46461, 44.80257], [20.46483, 44.8029], [20.46548, 44.80321], [20.46583, 44.80357], [20.46565, 44.80461], [20.46521, 44.80509], [20.46466, 44.8062], [20.46437, 44.80654], [20.46337, 44.80706], [20.46309, 44.80733], [20.46276, 44.80753], [20.46266, 44.80765], [20.46254, 44.80768], [20.46181, 44.80832], [20.46155, 44.8087], [20.46122, 44.80899], [20.46102, 44.80927], [20.46071, 44.80953], [20.46055, 44.80959], [20.46035, 44.80995], [20.46024, 44.81007], [20.46019, 44.81004], [20.4601, 44.81026], [20.45971, 44.81059], [20.45916, 44.81149], [20.45899, 44.812], [20.45886, 44.81207], [20.45857, 44.81262], [20.45837, 44.81277], [20.45791, 44.81346], [20.45733, 44.81386], [20.45614, 44.814], [20.45511, 44.81418], [20.45487, 44.81414], [20.45428, 44.81419], [20.45348, 44.81414], [20.45323, 44.81444], [20.45304, 44.81495], [20.45271, 44.81522], [20.45226, 44.81529], [20.45136, 44.81511], [20.45013, 44.81509], [20.44117, 44.81463], [20.4409, 44.81466], [20.4408, 44.81476], [20.44015, 44.81478], [20.43997, 44.81491], [20.4394, 44.81489], [20.43912, 44.81605], [20.43895, 44.81638], [20.43858, 44.81686], [20.43776, 44.81752], [20.4362, 44.81827], [20.4356, 44.81851], [20.4342, 44.81923], [20.43324, 44.81959], [20.43211, 44.82019], [20.43168, 44.82039], [20.43142, 44.82045], [20.43096, 44.82074], [20.42899, 44.82143], [20.42774, 44.82216], [20.42711, 44.82235], [20.42579, 44.82304], [20.42525, 44.82321], [20.42496, 44.82339], [20.42476, 44.82344], [20.42391, 44.82383], [20.42355, 44.82401], [20.42349, 44.82416], [20.42302, 44.82424], [20.4224, 44.82451], [20.42194, 44.82484], [20.4215, 44.82499], [20.42108, 44.82523], [20.42055, 44.82568], [20.42029, 44.82618], [20.41987, 44.8278], [20.41964, 44.82921], [20.41953, 44.82978], [20.41938, 44.8302], [20.41914, 44.83141], [20.41898, 44.83144], [20.41876, 44.83138], [20.41866, 44.83143], [20.41862, 44.83205], [20.41824, 44.83337], [20.41815, 44.83399], [20.41799, 44.83445], [20.41805, 44.83469], [20.41781, 44.83616], [20.41796, 44.83644], [20.41798, 44.83665], [20.41768, 44.83706], [20.41759, 44.83713], [20.41695, 44.83729], [20.41687, 44.83746], [20.41672, 44.83752], [20.4166, 44.83768], [20.41594, 44.83792], [20.41559, 44.838], [20.41495, 44.83806], [20.41467, 44.83816], [20.41413, 44.83818], [20.41384, 44.83824], [20.41359, 44.83835], [20.41346, 44.83835], [20.41321, 44.83813], [20.41298, 44.83817], [20.41257, 44.83849], [20.41229, 44.83861], [20.41197, 44.83867], [20.412, 44.83873], [20.41192, 44.8388], [20.41157, 44.8388], [20.41124, 44.8389], [20.41095, 44.83907], [20.41052, 44.83921], [20.41039, 44.83932], [20.40988, 44.83951], [20.40968, 44.83977], [20.40933, 44.84002], [20.40864, 44.84017], [20.40837, 44.8403], [20.40748, 44.84053], [20.40724, 44.84056], [20.40684, 44.84074], [20.40659, 44.84091], [20.40605, 44.84144], [20.40542, 44.84214], [20.40391, 44.84349], [20.40344, 44.84417], [20.40303, 44.84457], [20.40287, 44.84491], [20.40235, 44.84536], [20.40134, 44.8457], [20.40108, 44.84572], [20.40031, 44.8446], [20.39948, 44.84369], [20.39933, 44.8435], [20.39903, 44.84351], [20.39861, 44.84367], [20.39827, 44.84368], [20.39787, 44.84382], [20.39757, 44.84377], [20.39745, 44.84372], [20.39721, 44.84346], [20.39683, 44.84269]]}, "properties": {"id": 16685606570, "name": "Avala2", "sport": "Ride", "date": "2025-12-08", "distance_km": 24.29, "moving_time_s": 5811, "elev_gain_m": 119, "avg_speed_kmh": 15.0, "avg_hr": null}}, {"type": "Feature", "geometry": {"type": "LineString", "coordinates": [[20.50608, 44.69442], [20.50615, 44.69437], [20.50632, 44.69433], [20.50635, 44.6943], [20.50637, 44.69414], [20.50652, 44.69389], [20.5068, 44.69374], [20.50686, 44.69367], [20.50687, 44.69364], [20.50682, 44.69352], [20.50687, 44.69358], [20.50686, 44.69361], [20.50674, 44.6937], [20.50665, 44.69379], [20.50665, 44.69382], [20.50675, 44.69381], [20.50694, 44.69375], [20.5072, 44.69361], [20.50734, 44.69361], [20.50743, 44.69353], [20.50751, 44.69348], [20.50754, 44.69349], [20.50753, 44.69352], [20.50749, 44.69359], [20.50739, 44.69367], [20.50726, 44.69396], [20.50727, 44.69404], [20.5073, 44.69413], [20.50734, 44.69415], [20.50738, 44.69421], [20.50745, 44.69422], [20.50747, 44.6942], [20.5075, 44.69421], [20.50761, 44.69413], [20.50766, 44.69411], [20.50767, 44.69412], [20.50773, 44.69408], [20.50772, 44.6941], [20.50775, 44.69401], [20.50782, 44.69403], [20.50786, 44.694], [20.50792, 44.69398], [20.50797, 44.69401], [20.50798, 44.69405], [20.50792, 44.69418], [20.50787, 44.69436], [20.50789, 44.69438], [20.50795, 44.69436], [20.50812, 44.6944], [20.50813, 44.69437], [20.50811, 44.69435], [20.50815, 44.69436], [20.50814, 44.69434], [20.50823, 44.69429], [20.50851, 44.6943], [20.50853, 44.69428], [20.50846, 44.69431], [20.50853, 44.69419], [20.50862, 44.69434], [20.50867, 44.69437], [20.50877, 44.69436], [20.50884, 44.69428], [20.50903, 44.69422], [20.50911, 44.69422], [20.50899, 44.69427], [20.50913, 44.69428], [20.50915, 44.6943], [20.50915, 44.69433], [20.50924, 44.69432], [20.50918, 44.69433], [20.50932, 44.69437], [20.50939, 44.69437], [20.50941, 44.69435], [20.50939, 44.6943], [20.50936, 44.69427], [20.50937, 44.69425], [20.50955, 44.69421], [20.50969, 44.6942], [20.5097, 44.69422], [20.50966, 44.69434], [20.50974, 44.69453], [20.50976, 44.69465], [20.50985, 44.6948], [20.50989, 44.69495], [20.50988, 44.69494], [20.50988, 44.69496], [20.50997, 44.69509], [20.50998, 44.69519], [20.51001, 44.69521], [20.5101, 44.69543], [20.51013, 44.69543], [20.51023, 44.69535], [20.51018, 44.69538], [20.51045, 44.69531], [20.51049, 44.69528], [20.51049, 44.69524], [20.51061, 44.69512], [20.51066, 44.69505], [20.51096, 44.69484], [20.51105, 44.69475], [20.51109, 44.69468], [20.51114, 44.69465], [20.51141, 44.6945], [20.51152, 44.69447], [20.51163, 44.69437], [20.51177, 44.69428], [20.51187, 44.69425], [20.51195, 44.69417], [20.51208, 44.69411], [20.51231, 44.69397], [20.51239, 44.69398], [20.51256, 44.69404], [20.51262, 44.69404], [20.51266, 44.69407], [20.51265, 44.69401], [20.51299, 44.69387], [20.51309, 44.69375], [20.51316, 44.69363], [20.51315, 44.69358], [20.51319, 44.6934], [20.5132, 44.69338], [20.51319, 44.69345], [20.51326, 44.69338], [20.51326, 44.69327], [20.51321, 44.69315], [20.51321, 44.6931], [20.51323, 44.69276], [20.5132, 44.69259], [20.51313, 44.69246], [20.51315, 44.69228], [20.51318, 44.69218], [20.51312, 44.69211], [20.51308, 44.69198], [20.51303, 44.69189], [20.51302, 44.69179], [20.51303, 44.6917], [20.51301, 44.69164], [20.51315, 44.69157], [20.51311, 44.69155], [20.51316, 44.69138], [20.51313, 44.69131], [20.51309, 44.69113], [20.51313, 44.69103], [20.51308, 44.69095], [20.51301, 44.69093], [20.51295, 44.69074], [20.51286, 44.69071], [20.51284, 44.69068], [20.5128, 44.69069], [20.5127, 44.69058], [20.51268, 44.69054], [20.51267, 44.69045], [20.51271, 44.69038], [20.51276, 44.69032], [20.51277, 44.69022], [20.51293, 44.69013], [20.51307, 44.69008], [20.51313, 44.69007], [20.51319, 44.69003], [20.51346, 44.69009], [20.51371, 44.6901], [20.51372, 44.69013], [20.51386, 44.6901], [20.51406, 44.69008], [20.51419, 44.69003], [20.51422, 44.69003], [20.51421, 44.69001], [20.51435, 44.68996], [20.51455, 44.68983], [20.51476, 44.68972], [20.51493, 44.68966], [20.51512, 44.68962], [20.51537, 44.68943], [20.51542, 44.68941], [20.51549, 44.68941], [20.5156, 44.68937], [20.51561, 44.68936], [20.51559, 44.68933], [20.5156, 44.68931], [20.51572, 44.68924], [20.51575, 44.68918], [20.51589, 44.68909], [20.51585, 44.6891], [20.5155, 44.6893], [20.51532, 44.68952], [20.51528, 44.68954], [20.51521, 44.68957], [20.51512, 44.68956], [20.51492, 44.68965], [20.51483, 44.68972], [20.51472, 44.68975], [20.51458, 44.68986], [20.51436, 44.68996], [20.51418, 44.69011], [20.51416, 44.69022], [20.51405, 44.69037], [20.51389, 44.6907], [20.5139, 44.69077], [20.51397, 44.69091], [20.51399, 44.69127], [20.51397, 44.69131], [20.51391, 44.69132], [20.51399, 44.69131], [20.51411, 44.69125], [20.51413, 44.69127], [20.51408, 44.69136], [20.51406, 44.69139], [20.514, 44.69156], [20.51394, 44.69164], [20.51384, 44.69168], [20.51348, 44.69171], [20.51318, 44.69167], [20.51305, 44.69164], [20.51296, 44.6916], [20.51293, 44.69163], [20.51293, 44.69176], [20.51289, 44.69182], [20.5129, 44.69187], [20.51286, 44.69188], [20.51287, 44.69186], [20.51287, 44.6918], [20.51283, 44.69176], [20.51293, 44.69173], [20.51295, 44.69179], [20.51289, 44.69189], [20.51294, 44.69201], [20.51291, 44.69214], [20.51302, 44.69237], [20.51305, 44.69256], [20.5131, 44.69274], [20.51308, 44.69296], [20.51311, 44.69326], [20.51311, 44.69338], [20.51302, 44.6935], [20.513, 44.69356], [20.513, 44.69378], [20.51282, 44.69395], [20.51242, 44.69406], [20.51244, 44.69404], [20.51233, 44.694], [20.51222, 44.69389], [20.51218, 44.69389], [20.51209, 44.69396], [20.51199, 44.6941], [20.51189, 44.69419], [20.5115, 44.69438], [20.51098, 44.69479], [20.51086, 44.69485], [20.5107, 44.695], [20.51064, 44.695], [20.51057, 44.69496], [20.51049, 44.69481], [20.51037, 44.69479], [20.51022, 44.69472], [20.51017, 44.69472], [20.51015, 44.69469], [20.51004, 44.6947], [20.51, 44.69465], [20.50988, 44.69464], [20.50968, 44.69458], [20.50949, 44.69448], [20.50937, 44.69445], [20.50918, 44.69446], [20.50917, 44.6944], [20.50922, 44.69427], [20.5092, 44.69425], [20.50889, 44.69425], [20.50876, 44.69428], [20.5087, 44.69432], [20.50865, 44.69431], [20.5086, 44.69436], [20.50853, 44.69435], [20.50827, 44.69441], [20.50818, 44.6944], [20.50812, 44.69437], [20.50805, 44.69438], [20.50794, 44.69435], [20.50783, 44.6943], [20.50753, 44.69436], [20.50745, 44.69434], [20.50736, 44.69438], [20.50728, 44.69436], [20.50723, 44.69432], [20.50722, 44.69429], [20.50727, 44.69417], [20.50727, 44.69399], [20.50743, 44.69369], [20.5075, 44.6936], [20.50759, 44.69353], [20.50746, 44.69358], [20.50728, 44.69368], [20.5071, 44.69374], [20.50699, 44.69374], [20.50696, 44.69373], [20.50694, 44.69366], [20.50686, 44.69358], [20.50673, 44.69352], [20.50673, 44.6935], [20.50679, 44.69346], [20.50693, 44.69346], [20.50695, 44.69348], [20.507, 44.69347], [20.50707, 44.69343], [20.50706, 44.69346], [20.50705, 44.69344], [20.50706, 44.69345], [20.50695, 44.69349], [20.50683, 44.69361], [20.50674, 44.69366], [20.50645, 44.69405], [20.50613, 44.69435], [20.50605, 44.69446]]}, "properties": {"id": 16684814940, "name": "Avala hajk", "sport": "Hike", "date": "2025-12-08", "distance_km": 4.26, "moving_time_s": 3501, "elev_gain_m": 220, "avg_speed_kmh": 4.4, "avg_hr": null}}, {"type": "Feature", "geometry": {"type": "LineString", "coordinates": [[20.39781, 44.84131], [20.39912, 44.84121], [20.40067, 44.84128], [20.40171, 44.84142], [20.4029, 44.8414], [20.40375, 44.84147], [20.40421, 44.84146], [20.4044, 44.84151], [20.40473, 44.84179], [20.40522, 44.84208], [20.40539, 44.84201], [20.40688, 44.84061], [20.40825, 44.83923], [20.40824, 44.83912], [20.40776, 44.83866], [20.40676, 44.83746], [20.40687, 44.83736], [20.40951, 44.83639], [20.40982, 44.83619], [20.40934, 44.83561], [20.40919, 44.83531], [20.40923, 44.83487], [20.40944, 44.83422], [20.4097, 44.83358], [20.40984, 44.83348], [20.4099, 44.83332], [20.40985, 44.83308], [20.41011, 44.83207], [20.41067, 44.83062], [20.41089, 44.83041], [20.41096, 44.82984], [20.41189, 44.82721], [20.41255, 44.82524], [20.41265, 44.82478], [20.41233, 44.82433], [20.41264, 44.82414], [20.41261, 44.82397], [20.41268, 44.82391], [20.413, 44.8238], [20.41335, 44.82386], [20.41348, 44.82384], [20.41527, 44.82305], [20.41679, 44.82229], [20.41698, 44.82223], [20.41719, 44.82223], [20.41758, 44.82199], [20.41839, 44.82166], [20.419, 44.82134], [20.41951, 44.82118], [20.42171, 44.8201], [20.42336, 44.81939], [20.42374, 44.81932], [20.42408, 44.81907], [20.42475, 44.81878], [20.42502, 44.81859], [20.42573, 44.81832], [20.42745, 44.8175], [20.42797, 44.81739], [20.42844, 44.81712], [20.42914, 44.81685], [20.4299, 44.81643], [20.43256, 44.81525], [20.43375, 44.81479], [20.43415, 44.81467], [20.43435, 44.81467], [20.43468, 44.81459], [20.43511, 44.81442], [20.43567, 44.81431], [20.43601, 44.81435], [20.43696, 44.81419], [20.43797, 44.81415], [20.43881, 44.81419], [20.43948, 44.81406], [20.4396, 44.81409], [20.43986, 44.81428], [20.44021, 44.81434], [20.44261, 44.81447], [20.44375, 44.81458], [20.44438, 44.81457], [20.44498, 44.81463], [20.44514, 44.8146], [20.44945, 44.81489], [20.4514, 44.81494], [20.45185, 44.81481], [20.45197, 44.8149], [20.45244, 44.81496], [20.45373, 44.81494], [20.45421, 44.81502], [20.4549, 44.81493], [20.45522, 44.81501], [20.45543, 44.8149], [20.45569, 44.81487], [20.45605, 44.81474], [20.45623, 44.81451], [20.45687, 44.81431], [20.45716, 44.81432], [20.45792, 44.81415], [20.45884, 44.81404], [20.45958, 44.81374], [20.46003, 44.81351], [20.46035, 44.81326], [20.46064, 44.81322], [20.46111, 44.81251], [20.46144, 44.81222], [20.46152, 44.81194], [20.46187, 44.81169], [20.46201, 44.81122], [20.46222, 44.811], [20.46234, 44.8107], [20.46248, 44.81059], [20.46253, 44.81037], [20.46243, 44.81029], [20.46256, 44.80981], [20.46299, 44.80933], [20.46301, 44.80915], [20.46363, 44.8086], [20.46364, 44.80831], [20.46346, 44.80836], [20.4635, 44.80815], [20.46386, 44.80749], [20.46412, 44.8068], [20.46435, 44.80669], [20.46462, 44.80607], [20.46502, 44.80559], [20.46509, 44.80523], [20.46538, 44.80469], [20.46573, 44.80444], [20.46577, 44.8043], [20.46599, 44.80407], [20.466, 44.80387], [20.46607, 44.80385], [20.46605, 44.80361], [20.46575, 44.80341], [20.46529, 44.80318], [20.46528, 44.80313], [20.46511, 44.80306], [20.465, 44.80309], [20.4649, 44.80306], [20.46498, 44.80287], [20.46532, 44.80269], [20.46547, 44.8025], [20.46611, 44.80202], [20.46609, 44.80185], [20.46628, 44.80137], [20.46609, 44.80123], [20.46586, 44.80079], [20.46585, 44.8004], [20.46572, 44.80016], [20.4656, 44.79957], [20.46546, 44.79829], [20.46532, 44.79765], [20.46522, 44.79752], [20.46513, 44.79717], [20.46504, 44.79637], [20.46508, 44.7956], [20.46525, 44.79498], [20.46569, 44.79411], [20.46604, 44.79313], [20.46609, 44.79271], [20.46634, 44.79224], [20.46631, 44.79148], [20.46655, 44.79127], [20.46568, 44.78839], [20.46539, 44.78785], [20.46527, 44.7877], [20.46558, 44.78726], [20.46553, 44.7865], [20.46602, 44.78443], [20.46752, 44.78109], [20.46805, 44.7801], [20.46858, 44.77937], [20.46896, 44.77898], [20.46972, 44.77841], [20.47174, 44.77728], [20.47232, 44.77676], [20.47259, 44.77641], [20.47343, 44.77393], [20.47392, 44.77327], [20.47412, 44.77311], [20.4743, 44.77273], [20.47459, 44.77244], [20.47596, 44.77044], [20.47648, 44.76905], [20.47659, 44.76894], [20.47673, 44.76832], [20.47691, 44.76811], [20.47768, 44.76573], [20.47791, 44.76529], [20.47786, 44.76537], [20.47833, 44.76413], [20.47859, 44.76335], [20.4798, 44.76146], [20.4798, 44.7613], [20.47963, 44.76124], [20.4796, 44.76111], [20.47965, 44.76107], [20.4799, 44.76104], [20.48015, 44.76091], [20.4812, 44.75976], [20.4814, 44.75936], [20.48196, 44.75857], [20.48238, 44.7577], [20.4831, 44.75678], [20.4833, 44.75638], [20.48332, 44.75616], [20.48323, 44.75598], [20.48296, 44.75574], [20.48213, 44.75529], [20.4819, 44.75508], [20.48168, 44.75471], [20.48166, 44.75438], [20.48198, 44.75354], [20.4819, 44.75285], [20.48225, 44.75173], [20.482, 44.75115], [20.48155, 44.75042], [20.48121, 44.75016], [20.48086, 44.75006], [20.48045, 44.75007], [20.47997, 44.75019], [20.47949, 44.75024], [20.47919, 44.7502], [20.47843, 44.74996], [20.47741, 44.75001], [20.47716, 44.74998], [20.47689, 44.74984], [20.47671, 44.74967], [20.47654, 44.74896], [20.47665, 44.74786], [20.47709, 44.74644], [20.47743, 44.74585], [20.47825, 44.74527], [20.48193, 44.74299], [20.48259, 44.74274], [20.48354, 44.74249], [20.48398, 44.74227], [20.4843, 44.74203], [20.48646, 44.73997], [20.48666, 44.73972], [20.48667, 44.73951], [20.48643, 44.73919], [20.48589, 44.73893], [20.48564, 44.73866], [20.48562, 44.73836], [20.48574, 44.7379], [20.48574, 44.73763], [20.48565, 44.73744], [20.48425, 44.73585], [20.48372, 44.73507], [20.48356, 44.73473], [20.48276, 44.7319], [20.48279, 44.73134], [20.48297, 44.73092], [20.48327, 44.73045], [20.48434, 44.72941], [20.48617, 44.72746], [20.48678, 44.72684], [20.48721, 44.72658], [20.48792, 44.72642], [20.48827, 44.72643], [20.48942, 44.72663], [20.4898, 44.72664], [20.49008, 44.72658], [20.49133, 44.72611], [20.49205, 44.72595], [20.49256, 44.72593], [20.49302, 44.72599], [20.49541, 44.72667], [20.49592, 44.72675], [20.49639, 44.72664], [20.49714, 44.72625], [20.49774, 44.72614], [20.49799, 44.72603], [20.49812, 44.72591], [20.49816, 44.72564], [20.49784, 44.72494], [20.49758, 44.72472], [20.49689, 44.72405], [20.4963, 44.72377], [20.49602, 44.72357], [20.49582, 44.72329], [20.49578, 44.72296], [20.49584, 44.72276], [20.49622, 44.72243], [20.49661, 44.72218], [20.49918, 44.72132], [20.50035, 44.72101], [20.50078, 44.72107], [20.50093, 44.72115], [20.50129, 44.72144], [20.50152, 44.72168], [20.50175, 44.72198], [20.50203, 44.7221], [20.50249, 44.7221], [20.50288, 44.7219], [20.50308, 44.7216], [20.50407, 44.7193], [20.50388, 44.71713], [20.50415, 44.71587], [20.50446, 44.71526], [20.50477, 44.7148], [20.5057, 44.71373], [20.50591, 44.71326], [20.50593, 44.71296], [20.50574, 44.71201], [20.50595, 44.71113], [20.50636, 44.71037], [20.50708, 44.70973], [20.50743, 44.70931], [20.50785, 44.70804], [20.50852, 44.70735], [20.5086, 44.70718], [20.5087, 44.70658], [20.50862, 44.70599], [20.50847, 44.70569], [20.50766, 44.70504], [20.50682, 44.70413], [20.50488, 44.70187], [20.50467, 44.70155], [20.50405, 44.70089], [20.50343, 44.70008], [20.50296, 44.69868], [20.50259, 44.69819], [20.5024, 44.69804], [20.5022, 44.6977], [20.50188, 44.69632], [20.50193, 44.69627]]}, "properties": {"id": 16684084154, "name": "Avala1", "sport": "Ride", "date": "2025-12-08", "distance_km": 24.02, "moving_time_s": 5578, "elev_gain_m": 288, "avg_speed_kmh": 15.5, "avg_hr": null}}, {"type": "Feature", "geometry": {"type": "LineString", "coordinates": [[20.397, 44.84253], [20.39702, 44.84252], [20.39705, 44.84271], [20.39708, 44.84277], [20.39715, 44.84285], [20.39718, 44.84297], [20.39712, 44.84314], [20.39714, 44.84324], [20.39731, 44.84351], [20.39748, 44.84364], [20.39752, 44.8439], [20.39757, 44.84393], [20.39762, 44.84403], [20.3977, 44.84413], [20.39775, 44.84426], [20.39785, 44.84436], [20.39787, 44.8444], [20.39794, 44.84443], [20.39792, 44.84452], [20.3973, 44.84467], [20.39713, 44.84476], [20.39704, 44.84477], [20.39686, 44.84484], [20.39669, 44.84487], [20.39657, 44.84485], [20.39635, 44.84488], [20.39627, 44.84491], [20.39613, 44.84499], [20.39599, 44.84504], [20.39593, 44.84502], [20.39575, 44.84504], [20.39546, 44.84503], [20.39537, 44.84504], [20.39531, 44.84507], [20.39539, 44.84524], [20.39523, 44.84538], [20.39518, 44.8455], [20.39502, 44.8457], [20.39499, 44.8458], [20.3949, 44.84595], [20.39485, 44.846], [20.39435, 44.84603], [20.39425, 44.846], [20.39398, 44.84604], [20.3932, 44.84606], [20.39312, 44.84609], [20.39285, 44.84612], [20.39277, 44.84611], [20.39265, 44.84612], [20.39251, 44.84618], [20.39243, 44.84619], [20.39234, 44.84626], [20.39216, 44.8463], [20.39208, 44.84635], [20.39188, 44.8464], [20.39171, 44.84641], [20.39165, 44.84646], [20.3915, 44.84647], [20.39146, 44.8465], [20.3911, 44.84649], [20.39108, 44.84647], [20.39112, 44.84648], [20.39113, 44.84647], [20.39113, 44.84641], [20.39115, 44.84636], [20.39101, 44.84628], [20.39091, 44.84613], [20.39083, 44.84607], [20.3907, 44.846], [20.39054, 44.84584], [20.39045, 44.84563], [20.39039, 44.84555], [20.39035, 44.84547], [20.39023, 44.84534], [20.39014, 44.84517], [20.38988, 44.84476], [20.38982, 44.84463], [20.38982, 44.84459], [20.3898, 44.84453], [20.38974, 44.84444], [20.38961, 44.84438], [20.38953, 44.84426], [20.38922, 44.84374], [20.38912, 44.84353], [20.38898, 44.84336], [20.38888, 44.84321], [20.38894, 44.84315], [20.38932, 44.84312], [20.38988, 44.84301], [20.39062, 44.84293], [20.39139, 44.84287], [20.39229, 44.84277], [20.39302, 44.84264], [20.39307, 44.84262], [20.39309, 44.84259], [20.39319, 44.84259], [20.39325, 44.84253], [20.39331, 44.84251], [20.39339, 44.84253], [20.39352, 44.84265], [20.39369, 44.84257], [20.39378, 44.84247], [20.39397, 44.84238], [20.39396, 44.84248], [20.39397, 44.84255], [20.39399, 44.84256], [20.39408, 44.84254], [20.39422, 44.84257], [20.39427, 44.84255], [20.39441, 44.84248], [20.39475, 44.84236], [20.39493, 44.84234], [20.39553, 44.84212], [20.39561, 44.84213], [20.39587, 44.842], [20.39597, 44.84199], [20.39623, 44.84183], [20.39627, 44.84184], [20.39646, 44.84182], [20.3966, 44.84176], [20.39672, 44.84175], [20.39703, 44.84167], [20.39711, 44.84168], [20.3973, 44.84166], [20.39735, 44.84169], [20.39746, 44.8417], [20.39756, 44.84174], [20.39779, 44.84178], [20.39791, 44.84185], [20.39795, 44.84185], [20.39801, 44.84189], [20.39803, 44.84191], [20.39803, 44.84196], [20.39801, 44.84198], [20.39802, 44.84202], [20.39808, 44.84212], [20.39815, 44.84226], [20.39822, 44.84229], [20.39828, 44.84235], [20.39829, 44.84243], [20.39837, 44.84255], [20.39842, 44.84257], [20.39856, 44.84274], [20.39867, 44.8428], [20.39866, 44.84283], [20.39875, 44.84289], [20.39881, 44.84296], [20.39892, 44.84304], [20.39908, 44.84311], [20.39911, 44.84314], [20.39923, 44.84321], [20.39927, 44.84327], [20.39924, 44.84333], [20.39926, 44.84343], [20.39937, 44.84354], [20.39937, 44.84357], [20.39932, 44.84362], [20.39928, 44.84363], [20.39849, 44.8436], [20.39821, 44.84367], [20.3981, 44.84368], [20.39795, 44.84374], [20.39778, 44.84379], [20.39737, 44.84378], [20.39732, 44.84381], [20.3969, 44.84382], [20.3965, 44.84386], [20.39642, 44.84393], [20.39629, 44.84409], [20.39617, 44.8441], [20.39606, 44.84413], [20.39596, 44.84412], [20.39577, 44.84416], [20.39555, 44.84417], [20.39545, 44.84415], [20.39525, 44.84415], [20.39505, 44.84412], [20.39484, 44.84413], [20.39474, 44.84421], [20.39469, 44.8442], [20.39465, 44.84416], [20.39458, 44.84414], [20.39455, 44.84408], [20.39447, 44.844], [20.39449, 44.84395], [20.39452, 44.84392], [20.39452, 44.84389], [20.39445, 44.84381], [20.39443, 44.84377], [20.39442, 44.84366], [20.39435, 44.84348], [20.39429, 44.84345], [20.39422, 44.84334], [20.39416, 44.8433], [20.39404, 44.84315], [20.39405, 44.84312], [20.39408, 44.8431], [20.39408, 44.84305], [20.39398, 44.84286], [20.39391, 44.84279], [20.3938, 44.84278], [20.39376, 44.8427]]}, "properties": {"id": 16642003719, "name": "Trc1", "sport": "Run", "date": "2025-12-03", "distance_km": 3.5, "moving_time_s": 1234, "elev_gain_m": 13, "avg_speed_kmh": 10.2, "avg_hr": null}}, {"type": "Feature", "geometry": {"type": "LineString", "coordinates": [[20.4083, 44.82888], [20.4083, 44.82862], [20.40847, 44.82842], [20.40878, 44.82725], [20.4087, 44.82703], [20.4088, 44.82641], [20.40861, 44.82637], [20.40845, 44.82623], [20.40845, 44.82592], [20.40782, 44.8252], [20.40706, 44.82423], [20.40656, 44.82378], [20.40627, 44.82339], [20.40591, 44.82317], [20.40526, 44.82224], [20.40484, 44.8218], [20.40473, 44.8215], [20.40441, 44.82143], [20.40445, 44.8213], [20.40433, 44.82127], [20.40395, 44.82093], [20.40363, 44.82043], [20.40325, 44.82012], [20.40212, 44.81892], [20.40148, 44.81793], [20.40139, 44.81799], [20.40126, 44.81796], [20.40082, 44.81742], [20.40044, 44.81727], [20.40017, 44.81748], [20.39905, 44.81791], [20.39843, 44.81817], [20.39835, 44.81827], [20.39773, 44.81862], [20.39701, 44.8189], [20.39672, 44.81896], [20.39628, 44.81923], [20.39591, 44.8193], [20.39584, 44.81901], [20.39597, 44.81877], [20.39568, 44.81836], [20.39553, 44.81755], [20.39534, 44.81719], [20.3954, 44.8172], [20.39543, 44.81707], [20.39572, 44.81695], [20.39594, 44.81676], [20.39635, 44.81666], [20.39676, 44.81641], [20.39675, 44.81629], [20.39693, 44.81639], [20.39692, 44.81654], [20.39698, 44.81646], [20.47817, 44.80476], [20.47817, 44.80485], [20.47824, 44.80471], [20.47844, 44.80468], [20.47902, 44.80487], [20.47953, 44.8044], [20.47998, 44.80426], [20.48011, 44.80405], [20.48034, 44.80389], [20.48034, 44.80379], [20.48014, 44.80363], [20.48112, 44.80322], [20.48153, 44.80292], [20.48166, 44.80266], [20.48218, 44.80249], [20.48267, 44.80247], [20.48296, 44.8023], [20.48308, 44.80215], [20.48385, 44.80182], [20.48471, 44.8015], [20.48501, 44.80153], [20.48525, 44.80183], [20.48602, 44.80249], [20.48641, 44.80278], [20.48652, 44.80279], [20.48782, 44.8024], [20.48815, 44.80238], [20.4884, 44.80224], [20.48901, 44.80212], [20.48983, 44.80174], [20.49092, 44.80135], [20.49169, 44.80116], [20.49359, 44.80085], [20.49431, 44.80068], [20.49501, 44.80049], [20.49555, 44.80046], [20.49587, 44.80035], [20.49675, 44.80014], [20.49695, 44.80038], [20.49708, 44.80037], [20.49838, 44.79999], [20.49855, 44.80002], [20.49961, 44.79978], [20.49967, 44.7997], [20.49952, 44.79944], [20.49938, 44.79873], [20.49936, 44.79747], [20.49968, 44.79744], [20.50006, 44.79744], [20.50105, 44.79715], [20.50155, 44.79717], [20.5029, 44.79693], [20.50361, 44.79691], [20.50433, 44.79679], [20.50567, 44.79643], [20.50662, 44.79604], [20.50811, 44.7957], [20.50944, 44.79528], [20.51029, 44.79509], [20.51234, 44.79451], [20.51389, 44.79378], [20.51486, 44.79327], [20.51611, 44.79257], [20.51794, 44.79107], [20.51851, 44.79096], [20.51994, 44.79084], [20.52441, 44.79097], [20.52528, 44.79086], [20.52566, 44.79067], [20.5264, 44.7898], [20.52655, 44.78886], [20.52675, 44.78849], [20.52737, 44.78771], [20.52757, 44.7871], [20.5278, 44.78672], [20.5283, 44.78638], [20.52864, 44.78625], [20.52909, 44.78614], [20.52949, 44.78613], [20.53078, 44.78646], [20.53176, 44.78644], [20.53204, 44.78634], [20.5325, 44.7863], [20.53284, 44.78617], [20.53391, 44.78558], [20.5346, 44.78546], [20.53502, 44.78547], [20.53525, 44.78555], [20.53566, 44.78577], [20.53598, 44.78606], [20.5361, 44.78625], [20.53601, 44.7864], [20.53517, 44.7868], [20.53443, 44.78724], [20.53339, 44.78822], [20.53295, 44.78894], [20.53301, 44.78906], [20.5338, 44.78962], [20.53466, 44.78929], [20.53545, 44.78919], [20.53572, 44.78927], [20.53569, 44.78939], [20.53588, 44.78962], [20.53599, 44.78953], [20.53574, 44.78965], [20.53581, 44.78962], [20.53573, 44.78931], [20.5357, 44.78936], [20.53534, 44.78926], [20.53478, 44.78938], [20.53384, 44.78972], [20.53327, 44.78937], [20.53297, 44.78924], [20.53283, 44.78924], [20.53276, 44.78917], [20.5329, 44.78884], [20.5332, 44.78834], [20.53392, 44.78754], [20.53473, 44.78689], [20.53592, 44.78633], [20.53588, 44.7861], [20.53543, 44.78574], [20.5349, 44.78557], [20.53442, 44.78555], [20.53372, 44.78578], [20.53264, 44.78632], [20.53191, 44.78649], [20.53134, 44.78643], [20.53065, 44.78652], [20.52964, 44.78625], [20.5289, 44.78633], [20.5286, 44.78642], [20.52803, 44.78676], [20.5278, 44.787], [20.52753, 44.78763], [20.52667, 44.78878], [20.52653, 44.78976], [20.52626, 44.79025], [20.52589, 44.79064], [20.52527, 44.79097], [20.52459, 44.79104], [20.52363, 44.791], [20.52237, 44.79103], [20.52175, 44.79097], [20.51976, 44.79094], [20.51861, 44.79114], [20.51779, 44.79148], [20.51679, 44.79216], [20.5167, 44.79229], [20.51486, 44.79333], [20.51277, 44.79438], [20.51207, 44.79463], [20.50693, 44.79606], [20.50585, 44.79642], [20.505, 44.79663], [20.50415, 44.79676], [20.50441, 44.79678], [20.50469, 44.79663], [20.50437, 44.79667], [20.5043, 44.79673], [20.50346, 44.7969], [20.50325, 44.79699], [20.50165, 44.79717], [20.50083, 44.79738], [20.49973, 44.79754], [20.49936, 44.79766], [20.49901, 44.79767], [20.49631, 44.79817], [20.49454, 44.79856], [20.49125, 44.79936], [20.49078, 44.79943], [20.49061, 44.79926], [20.49052, 44.79926], [20.48892, 44.79983], [20.48824, 44.80011], [20.48677, 44.8008], [20.48596, 44.80109], [20.48567, 44.80127], [20.48527, 44.80137], [20.48297, 44.80241], [20.4827, 44.80245], [20.48204, 44.80275], [20.48106, 44.80288], [20.48047, 44.80329], [20.48031, 44.80346], [20.48047, 44.80384], [20.48035, 44.80407], [20.4793, 44.80528], [20.47904, 44.80569], [20.47898, 44.80563], [20.47871, 44.80605], [20.47685, 44.80801], [20.4767, 44.80825], [20.47614, 44.80879], [20.47558, 44.80951], [20.47354, 44.8118], [20.47305, 44.81174], [20.47229, 44.81203], [20.47154, 44.81205], [20.47125, 44.81212], [20.47091, 44.81237], [20.46992, 44.81283], [20.46872, 44.81362], [20.46772, 44.81412], [20.46729, 44.81441], [20.46645, 44.81484], [20.46595, 44.81499], [20.46546, 44.81527], [20.46467, 44.81529], [20.4636, 44.81474], [20.46334, 44.81452], [20.46317, 44.81465], [20.46297, 44.81467], [20.46159, 44.8144], [20.45835, 44.81409], [20.45678, 44.81444], [20.45615, 44.81465], [20.45543, 44.8147], [20.45331, 44.81512], [20.45324, 44.81525], [20.45296, 44.81519], [20.45211, 44.81519], [20.45189, 44.81524], [20.45152, 44.81515], [20.44142, 44.81464], [20.44093, 44.81464], [20.44079, 44.81478], [20.4401, 44.81476], [20.43994, 44.8149], [20.43938, 44.81488], [20.43922, 44.81577], [20.43888, 44.81649], [20.43836, 44.81717], [20.4379, 44.81748], [20.43631, 44.81828], [20.42248, 44.82449], [20.42147, 44.82497], [20.42069, 44.82551], [20.4204, 44.82587], [20.42021, 44.82633], [20.41923, 44.83095], [20.41914, 44.83105], [20.41893, 44.8311], [20.41863, 44.83137], [20.41867, 44.83162], [20.41841, 44.83306], [20.418, 44.83444], [20.41804, 44.83472], [20.41774, 44.8359], [20.41778, 44.83634], [20.41741, 44.83716], [20.41668, 44.8376], [20.41634, 44.83774], [20.4153, 44.83802], [20.41329, 44.8384], [20.4118, 44.83872], [20.40982, 44.83949], [20.40905, 44.83945], [20.40858, 44.83933], [20.40833, 44.83935], [20.40781, 44.83976], [20.40653, 44.84106], [20.40607, 44.84144], [20.40556, 44.84202], [20.40471, 44.84276], [20.40398, 44.84351], [20.40273, 44.84508], [20.40246, 44.84527], [20.39887, 44.84669], [20.39186, 44.8492], [20.3904, 44.8496], [20.38954, 44.84968], [20.38944, 44.84963], [20.38936, 44.8493], [20.38927, 44.84849], [20.38965, 44.8447], [20.38944, 44.8442], [20.38891, 44.84345], [20.38888, 44.84326], [20.38901, 44.84317], [20.38959, 44.84306], [20.39003, 44.8429], [20.39191, 44.8427], [20.39322, 44.8425], [20.39334, 44.84244]]}, "properties": {"id": 16621829493, "name": "Mirijevo", "sport": "Ride", "date": "2025-12-01", "distance_km": 27.28, "moving_time_s": 6254, "elev_gain_m": 290, "avg_speed_kmh": 15.7, "avg_hr": null}}, {"type": "Feature", "geometry": {"type": "LineString", "coordinates": [[20.39795, 44.84186], [20.39823, 44.84221], [20.39837, 44.84234], [20.39856, 44.84258], [20.39877, 44.84278], [20.39945, 44.84357], [20.39952, 44.84362], [20.39963, 44.84377], [20.3997, 44.84383], [20.39987, 44.84404], [20.39998, 44.84422], [20.4003, 44.84461], [20.40044, 44.84481], [20.40055, 44.845], [20.40086, 44.84541], [20.40103, 44.84565], [20.40134, 44.84603], [20.40154, 44.84626], [20.40164, 44.84634], [20.40194, 44.84673], [20.40207, 44.84685], [20.40234, 44.84717], [20.40248, 44.84729], [20.4025, 44.84734], [20.40261, 44.84747], [20.40268, 44.84757], [20.40288, 44.84779], [20.40327, 44.84832], [20.40353, 44.84862], [20.40362, 44.84876], [20.40361, 44.84881], [20.40345, 44.84891], [20.40343, 44.84894], [20.40342, 44.84898], [20.40346, 44.84907], [20.40372, 44.84948], [20.40407, 44.85018], [20.40425, 44.85043], [20.40431, 44.85067], [20.4043, 44.85078], [20.40292, 44.85114], [20.40277, 44.85116], [20.40247, 44.85128], [20.40185, 44.85147], [20.40137, 44.85165], [20.40089, 44.85179], [20.4004, 44.85195], [20.39966, 44.85216], [20.39932, 44.85228], [20.39793, 44.85274], [20.39686, 44.85305], [20.39639, 44.85322], [20.39506, 44.85364], [20.39477, 44.85371], [20.39441, 44.85384], [20.39273, 44.85436], [20.39237, 44.85449], [20.392, 44.85458], [20.39076, 44.855], [20.39014, 44.85529], [20.39003, 44.85533], [20.38936, 44.85561], [20.38906, 44.85575], [20.38865, 44.85592], [20.38859, 44.85596], [20.38839, 44.85603], [20.38782, 44.85633], [20.38702, 44.85667], [20.3859, 44.8572], [20.38478, 44.8578], [20.38473, 44.85786], [20.38439, 44.85805], [20.38351, 44.85849], [20.38326, 44.85864], [20.38241, 44.85904], [20.38213, 44.8592], [20.38186, 44.85939], [20.38102, 44.85987], [20.38032, 44.8603], [20.37995, 44.86049], [20.37928, 44.86091], [20.37891, 44.86108], [20.37862, 44.86131], [20.3786, 44.86134], [20.3786, 44.86138], [20.37865, 44.86146], [20.37877, 44.86158], [20.37903, 44.86188], [20.37935, 44.86229], [20.3799, 44.8629], [20.38036, 44.86347], [20.38078, 44.86393], [20.38106, 44.86429], [20.38135, 44.86458], [20.38261, 44.86607], [20.38292, 44.86641], [20.38419, 44.86788], [20.38441, 44.86811], [20.38455, 44.8683], [20.38614, 44.87011], [20.38669, 44.87075], [20.38697, 44.87111], [20.3878, 44.87206], [20.38802, 44.87233], [20.38814, 44.87246], [20.38848, 44.87286], [20.38866, 44.87304], [20.38965, 44.87414], [20.39097, 44.87553], [20.39173, 44.87628], [20.39245, 44.87705], [20.39268, 44.87726], [20.39346, 44.87805], [20.39391, 44.87854], [20.39419, 44.8788], [20.39486, 44.8795], [20.39518, 44.87981], [20.39597, 44.88064], [20.39608, 44.88072], [20.39678, 44.88143], [20.39734, 44.88202], [20.39761, 44.88228], [20.39799, 44.88269], [20.39809, 44.88278], [20.39822, 44.88293], [20.39924, 44.88389], [20.39919, 44.88386], [20.39912, 44.88376], [20.39894, 44.88358], [20.39877, 44.88344], [20.39837, 44.88306], [20.39818, 44.88288], [20.39805, 44.88273], [20.39754, 44.88223], [20.39591, 44.88056], [20.39515, 44.87981], [20.39479, 44.87943], [20.3944, 44.87906], [20.3936, 44.87822], [20.39342, 44.878], [20.39238, 44.87698], [20.39206, 44.87663], [20.39182, 44.87641], [20.39158, 44.87615], [20.39128, 44.87587], [20.39128, 44.87584], [20.39127, 44.87581], [20.39116, 44.87567], [20.3911, 44.87564], [20.39092, 44.8755], [20.39063, 44.87521], [20.38964, 44.87415], [20.38909, 44.87354], [20.38891, 44.87331], [20.38844, 44.8728], [20.38769, 44.87192], [20.38694, 44.87108], [20.38543, 44.86931], [20.38525, 44.86908], [20.38454, 44.86827], [20.38354, 44.86712], [20.38207, 44.8655], [20.38163, 44.86496], [20.3807, 44.86391], [20.3793, 44.86225], [20.37912, 44.86207], [20.37892, 44.86184], [20.37849, 44.86126], [20.37831, 44.86107], [20.37814, 44.86086], [20.37792, 44.86062], [20.3779, 44.86065], [20.37791, 44.86068], [20.37798, 44.86078], [20.37819, 44.86092], [20.37826, 44.86101], [20.37838, 44.86107], [20.37839, 44.8611], [20.37844, 44.86113], [20.3785, 44.86115], [20.37868, 44.86114], [20.37883, 44.86109], [20.37946, 44.86079], [20.37969, 44.86066], [20.38003, 44.86042], [20.38014, 44.86037], [20.38034, 44.86025], [20.38048, 44.86014], [20.38101, 44.8599], [20.38116, 44.85982], [20.38146, 44.85964], [20.38183, 44.85939], [20.38207, 44.85926], [20.38224, 44.85913], [20.38271, 44.85885], [20.38332, 44.85859], [20.38359, 44.85844], [20.38379, 44.85837], [20.38406, 44.8582], [20.3847, 44.85789], [20.38487, 44.85778], [20.38553, 44.8574], [20.38628, 44.85702], [20.3864, 44.85697], [20.3865, 44.85691], [20.38664, 44.85686], [20.38701, 44.85667], [20.38734, 44.85655], [20.38753, 44.85644], [20.38776, 44.85635], [20.38818, 44.85611], [20.38836, 44.85605], [20.38849, 44.85597], [20.38895, 44.85576], [20.38974, 44.85543], [20.38981, 44.85538], [20.38995, 44.85533], [20.39009, 44.85525], [20.3905, 44.85506], [20.39072, 44.85502], [20.39078, 44.85498], [20.39111, 44.85487], [20.39214, 44.85457], [20.39225, 44.85455], [20.39234, 44.8545], [20.39253, 44.85446], [20.3932, 44.85422], [20.39356, 44.85413], [20.39382, 44.85405], [20.39408, 44.85394], [20.39446, 44.85386], [20.39483, 44.8537], [20.39514, 44.85362], [20.39527, 44.85357], [20.39548, 44.85351], [20.39561, 44.85345], [20.39604, 44.85333], [20.39653, 44.85317], [20.39676, 44.85312], [20.39689, 44.85307], [20.39739, 44.85294], [20.39764, 44.85284], [20.39785, 44.85279], [20.39865, 44.85252], [20.39887, 44.85243], [20.3991, 44.85236], [20.3994, 44.85225], [20.39997, 44.85208], [20.40009, 44.85204], [20.40057, 44.85195], [20.40062, 44.85192], [20.40081, 44.85185], [20.40127, 44.85171], [20.40141, 44.85163], [20.40198, 44.85145], [20.40209, 44.8514], [20.40215, 44.8514], [20.40225, 44.85133], [20.4024, 44.85128], [20.40248, 44.85128], [20.40261, 44.85122], [20.40269, 44.85122], [20.40281, 44.85116], [20.40295, 44.85112], [20.40324, 44.85107], [20.40374, 44.8509], [20.40407, 44.85083], [20.40419, 44.85082], [20.40427, 44.85076], [20.40431, 44.8507], [20.40426, 44.85063], [20.40422, 44.85048], [20.40406, 44.85016], [20.40392, 44.8499], [20.4036, 44.84937], [20.40348, 44.8491], [20.40338, 44.849], [20.40338, 44.84896], [20.4034, 44.84894], [20.40342, 44.84896], [20.4034, 44.84891], [20.4035, 44.84882], [20.40353, 44.84878], [20.40343, 44.84856], [20.40337, 44.84852], [20.40322, 44.84836], [20.40306, 44.84809], [20.40253, 44.8475], [20.40226, 44.84711], [20.4021, 44.84697], [20.4016, 44.84641], [20.40127, 44.846], [20.40115, 44.84589], [20.4011, 44.84587], [20.40104, 44.84582], [20.40099, 44.84574], [20.40097, 44.84568], [20.4009, 44.8456], [20.40088, 44.84554], [20.40056, 44.84509], [20.40049, 44.84498], [20.40036, 44.84482], [20.40033, 44.84475], [20.4002, 44.84459], [20.40003, 44.84431], [20.39961, 44.84378], [20.39943, 44.84362], [20.39935, 44.84349], [20.39929, 44.84345], [20.39879, 44.84359], [20.39868, 44.84359], [20.39809, 44.84368], [20.39764, 44.84379], [20.39745, 44.84375], [20.39732, 44.84364], [20.39723, 44.84352], [20.39706, 44.84317], [20.39681, 44.84272]]}, "properties": {"id": 16488336899, "name": "Pupin", "sport": "Ride", "date": "2025-11-17", "distance_km": 13.53, "moving_time_s": 2426, "elev_gain_m": 54, "avg_speed_kmh": 20.1, "avg_hr": null}}, {"type": "Feature", "geometry": {"type": "LineString", "coordinates": [[20.40561, 44.80631], [20.40389, 44.80636], [20.40379, 44.80642], [20.40375, 44.8065], [20.40376, 44.80655], [20.40393, 44.80707], [20.40408, 44.8074], [20.40442, 44.80783], [20.40442, 44.80786], [20.40439, 44.80789], [20.4042, 44.80796], [20.40401, 44.80801], [20.40394, 44.80805], [20.4039, 44.80811], [20.40372, 44.8082], [20.40361, 44.80825], [20.40344, 44.80836], [20.40329, 44.80848], [20.40313, 44.80855], [20.40298, 44.80859], [20.40269, 44.80876], [20.40264, 44.80878], [20.40258, 44.80878], [20.40242, 44.80884], [20.40215, 44.8089], [20.402, 44.80899], [20.40152, 44.80916], [20.40092, 44.80945], [20.40066, 44.80957], [20.40045, 44.80962], [20.40038, 44.80967], [20.40031, 44.80976], [20.40003, 44.80986], [20.39997, 44.80989], [20.39997, 44.80991], [20.40004, 44.80997], [20.40008, 44.81007], [20.40017, 44.81017], [20.40025, 44.81032], [20.40045, 44.81041], [20.40052, 44.81047], [20.40058, 44.81059], [20.40062, 44.81062], [20.40069, 44.8107], [20.40082, 44.8108], [20.40095, 44.81099], [20.4011, 44.81114], [20.40114, 44.81121], [20.40145, 44.81156], [20.40163, 44.81172], [20.40182, 44.81196], [20.40209, 44.81216], [20.40217, 44.81226], [20.4022, 44.81234], [20.40233, 44.81249], [20.40238, 44.8126], [20.40243, 44.81268], [20.40275, 44.81296], [20.40288, 44.81313], [20.40305, 44.81325], [20.40324, 44.81344], [20.40332, 44.8135], [20.40343, 44.81365], [20.40345, 44.81369], [20.40375, 44.81407], [20.40376, 44.81412], [20.40381, 44.81418], [20.40393, 44.81426], [20.40402, 44.81435], [20.40403, 44.81439], [20.40416, 44.81451], [20.40424, 44.81465], [20.40435, 44.81478], [20.4045, 44.81488], [20.40461, 44.81498], [20.4047, 44.81514], [20.40475, 44.8152], [20.40477, 44.81524], [20.40476, 44.8153], [20.4048, 44.81536], [20.40494, 44.8154], [20.40503, 44.81546], [20.40519, 44.81566], [20.40524, 44.8157], [20.40529, 44.81578], [20.40543, 44.81594], [20.40605, 44.81656], [20.40626, 44.81684], [20.40636, 44.81694], [20.4064, 44.81702], [20.4068, 44.81748], [20.40684, 44.81755], [20.40721, 44.81788], [20.40722, 44.81791], [20.40743, 44.81811], [20.40785, 44.8186], [20.40809, 44.81883], [20.40836, 44.81916], [20.40851, 44.81928], [20.40872, 44.8195], [20.40884, 44.81966], [20.40902, 44.81984], [20.40925, 44.82015], [20.40937, 44.82028], [20.40942, 44.82037], [20.40987, 44.8208], [20.41, 44.821], [20.4101, 44.82104], [20.41015, 44.82108], [20.41026, 44.82122], [20.41029, 44.82131], [20.41034, 44.82137], [20.41039, 44.8215], [20.41048, 44.82158], [20.41065, 44.82169], [20.41086, 44.82192], [20.41125, 44.82231], [20.41154, 44.82264], [20.41162, 44.82275], [20.41187, 44.823], [20.41207, 44.82324], [20.41233, 44.82358], [20.41252, 44.82387], [20.41265, 44.82405], [20.41266, 44.82413], [20.41262, 44.82417], [20.41246, 44.82427], [20.41232, 44.82429], [20.41231, 44.82433], [20.41233, 44.82438], [20.41239, 44.82442], [20.4125, 44.82456], [20.41264, 44.8247], [20.41268, 44.82477], [20.41268, 44.82481], [20.41262, 44.825], [20.41247, 44.82532], [20.41237, 44.82578], [20.41219, 44.82624], [20.41215, 44.82638], [20.41208, 44.82655], [20.41189, 44.82726], [20.4115, 44.82833], [20.4114, 44.8287], [20.41133, 44.82883], [20.41131, 44.82893], [20.41121, 44.8292], [20.41119, 44.82929], [20.41108, 44.82956], [20.41106, 44.82969], [20.41094, 44.82999], [20.41089, 44.8302], [20.41093, 44.83035], [20.41092, 44.83038], [20.41087, 44.83046], [20.41085, 44.83053], [20.41069, 44.83063], [20.41062, 44.83074], [20.41044, 44.83125], [20.41034, 44.83161], [20.41029, 44.8317], [20.41024, 44.83188], [20.41022, 44.83204], [20.41012, 44.83225], [20.41004, 44.83251], [20.40994, 44.83277], [20.40985, 44.83306], [20.40985, 44.83315], [20.40988, 44.83325], [20.40991, 44.83327], [20.40995, 44.83331], [20.40992, 44.8333], [20.40989, 44.83342], [20.40982, 44.83352], [20.40972, 44.8336], [20.40966, 44.83371], [20.40963, 44.83388], [20.40955, 44.83406], [20.40941, 44.83455], [20.40923, 44.83499], [20.40915, 44.8351], [20.40918, 44.83522], [20.40933, 44.83537], [20.40941, 44.83557], [20.4094, 44.83568], [20.40942, 44.83581], [20.40937, 44.83592], [20.40938, 44.83601], [20.40967, 44.83621], [20.40971, 44.83626], [20.40971, 44.83632], [20.40965, 44.83636], [20.40896, 44.83659], [20.40847, 44.83679], [20.40801, 44.83693], [20.40726, 44.83722], [20.40708, 44.83727], [20.40697, 44.83732], [20.40687, 44.83735], [20.40676, 44.83741], [20.40686, 44.83755], [20.40692, 44.83759], [20.40695, 44.83764], [20.40704, 44.83769], [20.40718, 44.83784], [20.40727, 44.83796], [20.4078, 44.83854], [20.4081, 44.8389], [20.40832, 44.83911], [20.40838, 44.83913], [20.4084, 44.83916], [20.40839, 44.83922], [20.40834, 44.83928], [20.4082, 44.83934], [20.40813, 44.8394], [20.4079, 44.83968], [20.40768, 44.83988], [20.40754, 44.83999], [20.40748, 44.84007], [20.40739, 44.84015], [20.40738, 44.84019], [20.40732, 44.84026], [20.40722, 44.84033], [20.40702, 44.84054], [20.40673, 44.84078], [20.40665, 44.84088], [20.4064, 44.84109], [20.40637, 44.84113], [20.40636, 44.84117], [20.40611, 44.8414], [20.40608, 44.84143], [20.40606, 44.84147], [20.40599, 44.84153], [20.40587, 44.84168], [20.40555, 44.84199], [20.40534, 44.84219], [20.40517, 44.84231], [20.40501, 44.84247], [20.40493, 44.84253], [20.40434, 44.84308], [20.40406, 44.8434], [20.40401, 44.84348], [20.40378, 44.84367], [20.40368, 44.84383], [20.40357, 44.84394], [20.40354, 44.84401], [20.40336, 44.84421], [20.40324, 44.84449], [20.40309, 44.84464], [20.40303, 44.84473], [20.40297, 44.8448], [20.40293, 44.84487], [20.40287, 44.8449], [20.40273, 44.84505], [20.40266, 44.8451], [20.4026, 44.84518], [20.40246, 44.84528], [20.40232, 44.84535], [20.40208, 44.84544], [20.40188, 44.84549], [20.4014, 44.84568], [20.40133, 44.84568], [20.40131, 44.84565], [20.40121, 44.84567], [20.40113, 44.84574], [20.40111, 44.84574], [20.40112, 44.84572], [20.40109, 44.84582], [20.40111, 44.84577], [20.40091, 44.84589], [20.40082, 44.8459], [20.40079, 44.84593], [20.40018, 44.84616], [20.39976, 44.8463], [20.39964, 44.84636], [20.3989, 44.84663], [20.39859, 44.84677], [20.39818, 44.8469], [20.39796, 44.84699], [20.39768, 44.84708], [20.39742, 44.8472], [20.39691, 44.84736], [20.39623, 44.84763], [20.39567, 44.84783], [20.39548, 44.84787], [20.39535, 44.84795], [20.39509, 44.84805], [20.3937, 44.8485], [20.39329, 44.84867], [20.39277, 44.84884], [20.39224, 44.84905], [20.39164, 44.84926], [20.39035, 44.84957], [20.38958, 44.84967], [20.38951, 44.84972], [20.3895, 44.84976], [20.38947, 44.8499], [20.38947, 44.84995], [20.38954, 44.85007], [20.38965, 44.85077], [20.38967, 44.85079], [20.38975, 44.85075], [20.38978, 44.85081], [20.38984, 44.85084], [20.38968, 44.85075], [20.38965, 44.85075], [20.38979, 44.85072], [20.38978, 44.85071], [20.38979, 44.85072], [20.38977, 44.85071], [20.3898, 44.85073], [20.38977, 44.8507], [20.38978, 44.85072], [20.38977, 44.85071], [20.38603, 44.84982], [20.38979, 44.85071], [20.38977, 44.85071], [20.38603, 44.84982], [20.38977, 44.85072], [20.38985, 44.85076], [20.38977, 44.85071], [20.38985, 44.85075], [20.38977, 44.85071], [20.38984, 44.85074], [20.3897, 44.85079], [20.38968, 44.85075], [20.38967, 44.85076], [20.38971, 44.85077], [20.38969, 44.85075], [20.38968, 44.85079], [20.38967, 44.85078], [20.38967, 44.85061], [20.38964, 44.85051], [20.38963, 44.85042], [20.38959, 44.85016], [20.38948, 44.84972], [20.38944, 44.84964], [20.38943, 44.84945], [20.38937, 44.84928], [20.38936, 44.84916], [20.38932, 44.84907], [20.38931, 44.84889], [20.38927, 44.84869], [20.38932, 44.84787], [20.38935, 44.84777], [20.38935, 44.84752], [20.38937, 44.84739], [20.38935, 44.84724], [20.38939, 44.8471], [20.38942, 44.8466], [20.38946, 44.84645], [20.38947, 44.8462], [20.38953, 44.84603], [20.38955, 44.84593], [20.38954, 44.84584], [20.38956, 44.84576], [20.38955, 44.84572], [20.38958, 44.84559], [20.3896, 44.84532], [20.38968, 44.84497], [20.38968, 44.84475], [20.38972, 44.8446], [20.3897, 44.84454], [20.38962, 44.84444], [20.38953, 44.84421], [20.38941, 44.84405], [20.38934, 44.84398], [20.3893, 44.84387], [20.38924, 44.84376], [20.38902, 44.84349], [20.38891, 44.84331], [20.3889, 44.8432], [20.38892, 44.84316], [20.38901, 44.84311], [20.38937, 44.84302], [20.38981, 44.84301], [20.39043, 44.84289], [20.39065, 44.84287], [20.39114, 44.84285], [20.39163, 44.84277], [20.39181, 44.84277], [20.39208, 44.84274], [20.39257, 44.84262], [20.39288, 44.84258], [20.39293, 44.84259], [20.39318, 44.84256], [20.39323, 44.84255], [20.39329, 44.84251], [20.39328, 44.84251], [20.39344, 44.84252]]}, "properties": {"id": 16449824014, "name": "Do gyma i kuce", "sport": "Ride", "date": "2025-11-13", "distance_km": 9.99, "moving_time_s": 2754, "elev_gain_m": 38, "avg_speed_kmh": 13.1, "avg_hr": null}}, {"type": "Feature", "geometry": {"type": "LineString", "coordinates": [[20.39686, 44.82222], [20.39675, 44.82181], [20.39683, 44.82153], [20.39659, 44.82124], [20.3961, 44.81968], [20.39613, 44.81939], [20.39633, 44.8192], [20.39767, 44.81864], [20.39872, 44.81814], [20.39965, 44.81773], [20.4004, 44.81746], [20.40061, 44.81724], [20.40088, 44.81711], [20.40098, 44.8171], [20.40104, 44.81705], [20.40181, 44.81672], [20.40266, 44.81628], [20.40317, 44.81607], [20.40386, 44.81586], [20.4043, 44.81564], [20.40454, 44.81557], [20.40477, 44.81544], [20.40487, 44.81526], [20.40516, 44.81515], [20.40537, 44.81514], [20.40614, 44.81469], [20.40749, 44.81409], [20.40815, 44.81375], [20.40839, 44.81361], [20.40872, 44.81349], [20.40896, 44.81331], [20.40926, 44.81321], [20.40947, 44.8132], [20.40978, 44.81304], [20.41039, 44.81281], [20.41147, 44.81231], [20.41188, 44.81216], [20.4132, 44.81151], [20.41408, 44.81112], [20.41515, 44.81069], [20.41537, 44.81055], [20.4155, 44.81041], [20.41581, 44.81025], [20.41595, 44.81024], [20.41598, 44.81027], [20.41608, 44.81055], [20.41695, 44.81144], [20.41747, 44.81205], [20.41754, 44.81209], [20.41766, 44.81211], [20.41791, 44.81236], [20.41808, 44.81246], [20.41837, 44.81245], [20.41866, 44.81237], [20.41976, 44.81195], [20.42036, 44.81163], [20.42045, 44.81162], [20.42059, 44.81168], [20.42078, 44.81153], [20.42066, 44.81152], [20.42056, 44.81157], [20.42054, 44.81165], [20.4206, 44.81172], [20.42061, 44.8117], [20.42057, 44.81174], [20.42059, 44.8117], [20.42058, 44.81162], [20.42058, 44.81173], [20.42052, 44.81173], [20.42059, 44.81176], [20.42054, 44.81174], [20.42056, 44.81167], [20.42059, 44.81174], [20.42056, 44.81174], [20.42055, 44.8117], [20.42057, 44.81174], [20.42064, 44.81162], [20.42058, 44.81157], [20.42062, 44.81152], [20.42031, 44.81165], [20.42018, 44.81166], [20.41994, 44.81174], [20.41932, 44.81209], [20.41824, 44.81261], [20.41812, 44.81263], [20.41807, 44.8126], [20.41768, 44.81214], [20.41744, 44.81199], [20.41724, 44.81167], [20.41702, 44.81142], [20.41677, 44.81124], [20.41665, 44.81104], [20.41604, 44.81038], [20.41595, 44.81021], [20.41577, 44.81022], [20.41579, 44.81013], [20.41558, 44.80982], [20.41558, 44.80972], [20.41527, 44.80952], [20.41495, 44.80924], [20.41462, 44.80888], [20.41446, 44.80875], [20.41427, 44.80846], [20.4141, 44.80838], [20.41398, 44.80817], [20.41377, 44.808], [20.41354, 44.80773], [20.41321, 44.80749], [20.41301, 44.80725], [20.41291, 44.8072], [20.41277, 44.80721], [20.4126, 44.80713], [20.41247, 44.80699], [20.41254, 44.8068], [20.41278, 44.8052], [20.41285, 44.80446], [20.41283, 44.8044], [20.41277, 44.80437], [20.41252, 44.80435], [20.41212, 44.80444], [20.41182, 44.8044], [20.41047, 44.80447], [20.40934, 44.80447], [20.40861, 44.80453], [20.40534, 44.80464], [20.40472, 44.8047], [20.40468, 44.80474], [20.40473, 44.8048], [20.40487, 44.8048], [20.40493, 44.80485], [20.40491, 44.80488], [20.40471, 44.80488], [20.40469, 44.80482], [20.40468, 44.80506], [20.40472, 44.80509], [20.40498, 44.80502], [20.40503, 44.80506], [20.40459, 44.80498], [20.40468, 44.80494], [20.40481, 44.805], [20.40468, 44.80493], [20.40472, 44.80497], [20.40474, 44.80503], [20.40468, 44.80497], [20.40474, 44.80486], [20.40487, 44.80482], [20.40489, 44.80487], [20.40511, 44.80481], [20.40529, 44.80483], [20.40587, 44.80474], [20.40675, 44.80472], [20.40684, 44.80475], [20.40693, 44.80488], [20.40705, 44.80493], [20.40729, 44.80483], [20.40743, 44.80482], [20.40812, 44.80506], [20.40858, 44.80512], [20.40861, 44.80566], [20.40869, 44.80592], [20.40861, 44.80598], [20.40832, 44.80597], [20.40808, 44.80612], [20.4073, 44.80593], [20.40657, 44.80564], [20.40641, 44.80579], [20.40633, 44.8061], [20.40578, 44.80637], [20.4054, 44.80632], [20.40524, 44.80629], [20.40469, 44.80643], [20.40452, 44.80637], [20.40425, 44.80637], [20.40418, 44.80633], [20.40409, 44.80634], [20.40395, 44.80641], [20.40387, 44.80648], [20.40386, 44.80655], [20.40395, 44.80673], [20.40394, 44.807], [20.40403, 44.80721], [20.40406, 44.80746], [20.40434, 44.80782], [20.40451, 44.80794], [20.40459, 44.80818], [20.40149, 44.80962], [20.40091, 44.80983], [20.40041, 44.81011], [20.40029, 44.81011], [20.39969, 44.81037], [20.39964, 44.81042], [20.39915, 44.81059], [20.39912, 44.81063], [20.39894, 44.81059], [20.39862, 44.81062], [20.39835, 44.8105], [20.39809, 44.81042], [20.39745, 44.81044], [20.39743, 44.81028], [20.39736, 44.81017], [20.39743, 44.81008], [20.39751, 44.81009], [20.39712, 44.80996], [20.39717, 44.80995], [20.39712, 44.80993], [20.39714, 44.80984], [20.39709, 44.80986], [20.39708, 44.80983], [20.397, 44.80987], [20.39687, 44.80984], [20.39686, 44.80987], [20.39672, 44.80981], [20.39678, 44.80982], [20.39671, 44.80977], [20.39671, 44.80979], [20.39663, 44.8098], [20.39674, 44.80981], [20.39675, 44.80989], [20.39678, 44.80984], [20.39666, 44.80992], [20.39679, 44.80987], [20.39676, 44.80979], [20.39654, 44.80967], [20.39639, 44.80965], [20.39742, 44.81005], [20.39765, 44.80999], [20.39754, 44.81003], [20.39749, 44.81008], [20.39753, 44.8101], [20.3975, 44.81008], [20.39747, 44.81009], [20.39744, 44.81006], [20.39783, 44.81023], [20.39817, 44.8105], [20.39842, 44.81058], [20.3986, 44.81058], [20.39886, 44.81051], [20.39996, 44.81003], [20.4002, 44.81011], [20.40027, 44.81024], [20.40054, 44.81049], [20.40238, 44.81265], [20.40261, 44.81281], [20.40289, 44.81311], [20.40131, 44.81374], [20.40035, 44.8142], [20.39953, 44.81455], [20.39771, 44.81544], [20.39641, 44.81597], [20.39555, 44.81619], [20.39514, 44.81625], [20.39502, 44.81622], [20.39477, 44.81626], [20.39361, 44.81613], [20.3932, 44.81612], [20.39193, 44.81601], [20.39125, 44.81605], [20.39081, 44.81615], [20.3904, 44.8163], [20.38971, 44.81665], [20.38958, 44.81678], [20.38939, 44.81682], [20.38921, 44.81666], [20.38914, 44.81667], [20.38834, 44.81709], [20.38723, 44.81761], [20.38658, 44.81787], [20.38613, 44.81801], [20.38586, 44.81817], [20.38558, 44.81826], [20.38547, 44.81832], [20.38568, 44.81857], [20.3861, 44.81926], [20.38743, 44.8211], [20.38848, 44.82234], [20.38851, 44.82243], [20.38937, 44.82327], [20.38973, 44.8237], [20.39104, 44.8251], [20.39128, 44.8253], [20.39131, 44.8254], [20.39158, 44.82573], [20.3917, 44.82583], [20.39178, 44.82585], [20.39258, 44.82553], [20.39276, 44.82555], [20.39299, 44.82563], [20.39313, 44.8257], [20.39353, 44.82604], [20.39375, 44.82638], [20.3941, 44.82664], [20.39382, 44.82702], [20.39371, 44.82706], [20.39357, 44.82706], [20.39347, 44.82714], [20.39338, 44.82717], [20.39229, 44.82727], [20.3896, 44.82755], [20.38849, 44.82771], [20.3883, 44.82778], [20.38824, 44.82784], [20.38836, 44.82829], [20.39002, 44.83221], [20.39023, 44.83254], [20.39073, 44.83305], [20.39087, 44.8333], [20.39095, 44.83371], [20.39084, 44.83389], [20.39076, 44.83431], [20.39081, 44.83458], [20.39093, 44.83484], [20.391, 44.83488], [20.39167, 44.83495], [20.39406, 44.83515], [20.39523, 44.83529], [20.39532, 44.83534], [20.39539, 44.83544], [20.39544, 44.83564], [20.3956, 44.83595], [20.39572, 44.83601], [20.39648, 44.83601], [20.39677, 44.83598], [20.39694, 44.836], [20.39707, 44.83597], [20.39718, 44.836], [20.39748, 44.836], [20.39759, 44.83596], [20.39829, 44.83594], [20.39838, 44.83589], [20.39833, 44.83567], [20.39837, 44.8355], [20.39889, 44.83545], [20.39889, 44.83543], [20.39882, 44.83541], [20.39842, 44.83548], [20.39836, 44.8356], [20.39847, 44.83603], [20.39889, 44.83698], [20.39938, 44.83772], [20.40024, 44.83892], [20.40076, 44.83955], [20.40133, 44.8404], [20.40159, 44.84063], [20.40163, 44.84079], [20.40175, 44.84082], [20.40182, 44.84076], [20.40195, 44.84074], [20.40196, 44.84069], [20.4019, 44.84069], [20.40197, 44.84074], [20.40198, 44.84071], [20.4019, 44.84072], [20.40172, 44.84068], [20.40158, 44.84055], [20.40128, 44.84046], [20.40113, 44.84048], [20.4003, 44.84033], [20.39825, 44.84075], [20.39731, 44.841], [20.39743, 44.84134], [20.39783, 44.84167], [20.39862, 44.8426], [20.39863, 44.84265], [20.39847, 44.84277], [20.39796, 44.84298], [20.39786, 44.84296], [20.39776, 44.84279], [20.39765, 44.84274], [20.39743, 44.84274], [20.39699, 44.84284], [20.39689, 44.84279], [20.39674, 44.84259], [20.39656, 44.84221], [20.39649, 44.84214], [20.39648, 44.84203], [20.39672, 44.84205], [20.39672, 44.84208], [20.39661, 44.84207], [20.39652, 44.84203], [20.3965, 44.84217], [20.39623, 44.84179], [20.39595, 44.84173], [20.39582, 44.84137]]}, "properties": {"id": 16406272866, "name": "Nedelja kupovina Decathlon", "sport": "Ride", "date": "2025-11-09", "distance_km": 15.02, "moving_time_s": 5183, "elev_gain_m": 72, "avg_speed_kmh": 10.4, "avg_hr": null}}, {"type": "Feature", "geometry": {"type": "LineString", "coordinates": [[19.95836, 45.16095], [19.95865, 45.16021], [19.95876, 45.15975], [19.95876, 45.15861], [19.95852, 45.1578], [19.95859, 45.15764], [19.95828, 45.15628], [19.95832, 45.15616], [19.95768, 45.15336], [19.95759, 45.15208], [19.95769, 45.15154], [19.95792, 45.15106], [19.9584, 45.15049], [19.9588, 45.15017], [19.9595, 45.1498], [19.96308, 45.14835], [19.96941, 45.14672], [19.97036, 45.1464], [19.97651, 45.14254], [19.99694, 45.13334], [19.99808, 45.13276], [20.00555, 45.12815], [20.0126, 45.12247], [20.01314, 45.12186], [20.01418, 45.12034], [20.01467, 45.11987], [20.0237, 45.11321], [20.02477, 45.11209], [20.02506, 45.11175], [20.02698, 45.10914], [20.02788, 45.10807], [20.03523, 45.09849], [20.04132, 45.09062], [20.05047, 45.07725], [20.05949, 45.06378], [20.0625, 45.05938], [20.06307, 45.05866], [20.06416, 45.0569], [20.0645, 45.05618], [20.0648, 45.05583], [20.06567, 45.05525], [20.06823, 45.05428], [20.06882, 45.05396], [20.06951, 45.05375], [20.06989, 45.05352], [20.07052, 45.05347], [20.07055, 45.05338], [20.07153, 45.05288], [20.07219, 45.05267], [20.07228, 45.05251], [20.07341, 45.0521], [20.07368, 45.05204], [20.07396, 45.05207], [20.07513, 45.05246], [20.07557, 45.05243], [20.07572, 45.05225], [20.07549, 45.05234], [20.07546, 45.05243], [20.07547, 45.05234], [20.07559, 45.05236], [20.07545, 45.05233], [20.07558, 45.05237], [20.07576, 45.05233], [20.07596, 45.052], [20.07651, 45.05151], [20.07668, 45.05147], [20.07787, 45.05034], [20.07872, 45.04946], [20.07898, 45.04931], [20.07935, 45.04888], [20.07991, 45.04843], [20.08019, 45.04808], [20.08043, 45.048], [20.08048, 45.04787], [20.08134, 45.04714], [20.08397, 45.04454], [20.08595, 45.04277], [20.0885, 45.04034], [20.08874, 45.04023], [20.0956, 45.03457], [20.10903, 45.02341], [20.13533, 45.00432], [20.14294, 44.99943], [20.14366, 44.99904], [20.14512, 44.99845], [20.14514, 44.99854], [20.14512, 44.99847], [20.1451, 44.99851], [20.14529, 44.99841], [20.1458, 44.99834], [20.15256, 44.99638], [20.15426, 44.99582], [20.15462, 44.99564], [20.1552, 44.99509], [20.15617, 44.99239], [20.15746, 44.9886], [20.15859, 44.9848], [20.1586, 44.98447], [20.15893, 44.98429], [20.15943, 44.98189], [20.15958, 44.98138], [20.15979, 44.98112], [20.16624, 44.97744], [20.16997, 44.97502], [20.17811, 44.97019], [20.17862, 44.9698], [20.17962, 44.96918], [20.1801, 44.96864], [20.18069, 44.96843], [20.18117, 44.96816], [20.18143, 44.96811], [20.18218, 44.96769], [20.18467, 44.96624], [20.19369, 44.96087], [20.19833, 44.95802], [20.20044, 44.95684], [20.20061, 44.95665], [20.20083, 44.95664], [20.20151, 44.95622], [20.20144, 44.95599], [20.20123, 44.95589], [20.20109, 44.9559], [20.20138, 44.95576], [20.20155, 44.95575], [20.20193, 44.9554], [20.20176, 44.95519], [20.20181, 44.95506], [20.20165, 44.95491], [20.20168, 44.95498], [20.20171, 44.95485], [20.20186, 44.9548], [20.20192, 44.95473], [20.20194, 44.95475], [20.20186, 44.95475], [20.20192, 44.9547], [20.20193, 44.95479], [20.20193, 44.95471], [20.20186, 44.95472], [20.20197, 44.95478], [20.20193, 44.95469], [20.20179, 44.95476], [20.20177, 44.95492], [20.20179, 44.95486], [20.20176, 44.95492], [20.2016, 44.9549], [20.20166, 44.95497], [20.2021, 44.95512], [20.20222, 44.95504], [20.20244, 44.95507], [20.20257, 44.95501], [20.20249, 44.95461], [20.20255, 44.95454], [20.20287, 44.95462], [20.20327, 44.95495], [20.20338, 44.95493], [20.20398, 44.95443], [20.20472, 44.95399], [20.20563, 44.95331], [20.20663, 44.95271], [20.20825, 44.95166], [20.20845, 44.95159], [20.20904, 44.95114], [20.21065, 44.95018], [20.21199, 44.94921], [20.21535, 44.94702], [20.21679, 44.94602], [20.21788, 44.94521], [20.2189, 44.94456], [20.21895, 44.94443], [20.21885, 44.94442], [20.2201, 44.94355], [20.22031, 44.94358], [20.22052, 44.94346], [20.22384, 44.94124], [20.22886, 44.93775], [20.23036, 44.93661], [20.23154, 44.93586], [20.23666, 44.93237], [20.23723, 44.93191], [20.23932, 44.93055], [20.24253, 44.9283], [20.24437, 44.92712], [20.24625, 44.92582], [20.24835, 44.9236], [20.25093, 44.92065], [20.25314, 44.91826], [20.25423, 44.91693], [20.25475, 44.91641], [20.25542, 44.91592], [20.26404, 44.91228], [20.26908, 44.90944], [20.27219, 44.90764], [20.27441, 44.90633], [20.27475, 44.90605], [20.27758, 44.9045], [20.27773, 44.9043], [20.278, 44.90421], [20.27814, 44.90403], [20.27903, 44.90357], [20.2793, 44.90353], [20.27974, 44.90313], [20.27998, 44.90304], [20.28018, 44.90286], [20.2804, 44.90272], [20.28076, 44.90262], [20.28143, 44.90221], [20.28193, 44.90207], [20.28295, 44.90143], [20.28414, 44.90074], [20.28443, 44.90067], [20.28531, 44.90026], [20.28598, 44.89985], [20.28713, 44.89929], [20.28822, 44.89888], [20.28863, 44.8986], [20.29, 44.89792], [20.29107, 44.89749], [20.29179, 44.8971], [20.29307, 44.89651], [20.29335, 44.89644], [20.2961, 44.89519], [20.29733, 44.89456], [20.29752, 44.89455], [20.29854, 44.89411], [20.29885, 44.89387], [20.29986, 44.8934], [20.30013, 44.89334], [20.30281, 44.89201], [20.30626, 44.89054], [20.30763, 44.88987], [20.31283, 44.88756], [20.31614, 44.88592], [20.31667, 44.88578], [20.31722, 44.88555], [20.31929, 44.8846], [20.31961, 44.88439], [20.32088, 44.88391], [20.32272, 44.88306], [20.32441, 44.88238], [20.32564, 44.88175], [20.32886, 44.88041], [20.32986, 44.87986], [20.33138, 44.87929], [20.33467, 44.87786], [20.33683, 44.87701], [20.34097, 44.87521], [20.34217, 44.87462], [20.3428, 44.87441], [20.34498, 44.87341], [20.34563, 44.87321], [20.34711, 44.87249], [20.34893, 44.87173], [20.3499, 44.87124], [20.35018, 44.87088], [20.35078, 44.87068], [20.35081, 44.87052], [20.35079, 44.87052], [20.35088, 44.87061], [20.35105, 44.87056], [20.35138, 44.8706], [20.35186, 44.8705], [20.35269, 44.87007], [20.35603, 44.86862], [20.35654, 44.86846], [20.35887, 44.86742], [20.36018, 44.86678], [20.36257, 44.86586], [20.3646, 44.86492], [20.36582, 44.86456], [20.36616, 44.86432], [20.36672, 44.86414], [20.36798, 44.86347], [20.36829, 44.86325], [20.36874, 44.86314], [20.37011, 44.86248], [20.37068, 44.8623], [20.37194, 44.86177], [20.37268, 44.86134], [20.37517, 44.86031], [20.37534, 44.86017], [20.37559, 44.86012], [20.37621, 44.8598], [20.37644, 44.85962], [20.3767, 44.85953], [20.37673, 44.85943], [20.37629, 44.85908], [20.37584, 44.85837], [20.37561, 44.85823], [20.37523, 44.85761], [20.37456, 44.85682], [20.37425, 44.85628], [20.37397, 44.8555], [20.37394, 44.85462], [20.37406, 44.85381], [20.37474, 44.85209], [20.37465, 44.85133], [20.37468, 44.85103], [20.37429, 44.85038], [20.37416, 44.84997], [20.37398, 44.84983], [20.3727, 44.84812], [20.3728, 44.84808], [20.37393, 44.84833], [20.37454, 44.84853], [20.37564, 44.84874], [20.37799, 44.84935], [20.37975, 44.84966], [20.38023, 44.84984], [20.3815, 44.85011], [20.38179, 44.85025], [20.38216, 44.8502], [20.38242, 44.85029], [20.38262, 44.8502], [20.38296, 44.85018], [20.38489, 44.85016], [20.38632, 44.85], [20.38642, 44.84992], [20.38641, 44.8484], [20.3861, 44.84635], [20.38615, 44.84584], [20.38601, 44.84551], [20.38604, 44.8453], [20.38723, 44.84523], [20.38786, 44.84509], [20.38803, 44.84489], [20.3882, 44.84436], [20.38877, 44.84437], [20.38934, 44.84422], [20.38984, 44.84404], [20.39079, 44.84391], [20.392, 44.84383], [20.39241, 44.84371], [20.39291, 44.84368], [20.39335, 44.84352], [20.39344, 44.84344], [20.39321, 44.84268], [20.39332, 44.84257], [20.39347, 44.84255]]}, "properties": {"id": 14932814642, "name": "Divnih 70km \ud83d\udeb4 u ko\u0161ulji po vrelini zahvaljuju\u0107i \"bombama\"", "sport": "Ride", "date": "2025-06-27", "distance_km": 53.88, "moving_time_s": 11396, "elev_gain_m": 118, "avg_speed_kmh": 17.0, "avg_hr": null}}, {"type": "Feature", "geometry": {"type": "LineString", "coordinates": [[21.4674, 44.76014], [21.46777, 44.76012], [21.46814, 44.76019], [21.46826, 44.7602], [21.46864, 44.76011], [21.46877, 44.7601], [21.46923, 44.76014], [21.47014, 44.76035], [21.47042, 44.76048], [21.4704, 44.76051], [21.4704, 44.76049], [21.47044, 44.76047], [21.47057, 44.7606], [21.47077, 44.76064], [21.47099, 44.76073], [21.47119, 44.76076], [21.47131, 44.7608], [21.47143, 44.76081], [21.4718, 44.76076], [21.47192, 44.76076], [21.47204, 44.76083], [21.4723, 44.76106], [21.47259, 44.76116], [21.4727, 44.76128], [21.4728, 44.76129], [21.47323, 44.7614], [21.47361, 44.76143], [21.47372, 44.76146], [21.47388, 44.76153], [21.47396, 44.76159], [21.47411, 44.76162], [21.47408, 44.76167], [21.47423, 44.76169], [21.47431, 44.76174], [21.47441, 44.76177], [21.47474, 44.76181], [21.47499, 44.76188], [21.47531, 44.76203], [21.47582, 44.76218], [21.47626, 44.76239], [21.47646, 44.7625], [21.47677, 44.76261], [21.47741, 44.76296], [21.47765, 44.76317], [21.47774, 44.7632], [21.47794, 44.76331], [21.47851, 44.76366], [21.47888, 44.76391], [21.47901, 44.76403], [21.47923, 44.76417], [21.47965, 44.76442], [21.48002, 44.7646], [21.48011, 44.7647], [21.48021, 44.76476], [21.48038, 44.76476], [21.48062, 44.76471], [21.48069, 44.76471], [21.48071, 44.76475], [21.48079, 44.76476], [21.48104, 44.76473], [21.48122, 44.76474], [21.48134, 44.7647], [21.48133, 44.76465], [21.48136, 44.76462], [21.48156, 44.76457], [21.48166, 44.76458], [21.48217, 44.76443], [21.48233, 44.76441], [21.48239, 44.76443], [21.48254, 44.76452], [21.48259, 44.76458], [21.48272, 44.76465], [21.48274, 44.76471], [21.48247, 44.76487], [21.48216, 44.76499], [21.48183, 44.76507], [21.48153, 44.7651], [21.48151, 44.76517], [21.48155, 44.76522], [21.48223, 44.76568], [21.48268, 44.76592], [21.48285, 44.76606], [21.48306, 44.76617], [21.48324, 44.7663], [21.48355, 44.76646], [21.484, 44.76666], [21.48449, 44.76681], [21.48584, 44.76694], [21.48606, 44.76694], [21.48629, 44.76691], [21.4864, 44.76682], [21.48652, 44.76681], [21.48649, 44.76685], [21.48654, 44.76685], [21.48703, 44.76672], [21.48747, 44.76657], [21.48772, 44.76646], [21.48804, 44.76625], [21.48845, 44.76609], [21.48896, 44.76602], [21.48937, 44.766], [21.49071, 44.76605], [21.49107, 44.76612], [21.4914, 44.76615], [21.49217, 44.7663], [21.49256, 44.76643], [21.49347, 44.76665], [21.49381, 44.76669], [21.49454, 44.76683], [21.49481, 44.76685], [21.49488, 44.76688], [21.4951, 44.76688], [21.49557, 44.76679], [21.49674, 44.7665], [21.49803, 44.76613], [21.49941, 44.76579], [21.50071, 44.76542], [21.50224, 44.76504], [21.50302, 44.76482], [21.50392, 44.76465], [21.50404, 44.76467], [21.50444, 44.76478], [21.5052, 44.76497], [21.50542, 44.76506], [21.50572, 44.76514], [21.50646, 44.76538], [21.50692, 44.76551], [21.50814, 44.76575], [21.50838, 44.76579], [21.50971, 44.76577], [21.5106, 44.76581], [21.51145, 44.7659], [21.51194, 44.76598], [21.51329, 44.76633], [21.51399, 44.76655], [21.51457, 44.76668], [21.51462, 44.7667], [21.51478, 44.7669], [21.51496, 44.76699], [21.51491, 44.76712], [21.5157, 44.76725], [21.51632, 44.76742], [21.51659, 44.76739], [21.51707, 44.76747], [21.51724, 44.76756], [21.51741, 44.7676], [21.51748, 44.76764], [21.51763, 44.76766], [21.51766, 44.76767], [21.51765, 44.76768], [21.51771, 44.76769], [21.5177, 44.76775], [21.51778, 44.76786], [21.51784, 44.76788], [21.51803, 44.76788], [21.51849, 44.76794], [21.51886, 44.76805], [21.51927, 44.76812], [21.51927, 44.76814], [21.51923, 44.76825], [21.5193, 44.76821], [21.51936, 44.76794], [21.51932, 44.76783], [21.51936, 44.76745], [21.51933, 44.76737], [21.51916, 44.76713], [21.51916, 44.76702], [21.5192, 44.76696], [21.51911, 44.76696], [21.51912, 44.76698], [21.51906, 44.767], [21.51903, 44.76699], [21.51901, 44.76692], [21.51911, 44.76684], [21.5191, 44.76679], [21.51892, 44.76647], [21.51874, 44.76638], [21.51823, 44.76576], [21.51808, 44.76557], [21.51797, 44.76528], [21.51761, 44.76493], [21.51761, 44.76489], [21.51744, 44.76466], [21.51735, 44.76459], [21.51718, 44.76437], [21.5171, 44.76415], [21.51701, 44.76409], [21.5169, 44.76396], [21.51678, 44.76378], [21.51679, 44.76376], [21.51676, 44.7638], [21.51675, 44.76378], [21.51678, 44.76377], [21.51675, 44.76379], [21.51672, 44.76377], [21.51672, 44.76371], [21.51675, 44.7637], [21.5167, 44.7637], [21.51673, 44.76369], [21.51669, 44.7637], [21.51677, 44.76379], [21.5167, 44.76372], [21.51668, 44.76377], [21.51663, 44.76363], [21.51651, 44.76348], [21.51652, 44.76334], [21.5164, 44.76318], [21.51622, 44.76283], [21.51617, 44.7627], [21.51603, 44.76256], [21.51583, 44.76251], [21.51552, 44.76251], [21.51544, 44.76249], [21.51526, 44.76235], [21.5152, 44.76233], [21.51505, 44.76217], [21.51483, 44.76203], [21.51454, 44.76181], [21.51459, 44.76183], [21.5149, 44.76208], [21.51492, 44.76214], [21.51489, 44.7622], [21.51478, 44.76217], [21.51479, 44.76216], [21.51496, 44.76226], [21.51528, 44.76235], [21.51536, 44.76245], [21.51565, 44.76258], [21.51594, 44.76276], [21.516, 44.76282], [21.5162, 44.7629], [21.51628, 44.76306], [21.51646, 44.76337], [21.51662, 44.76356], [21.51685, 44.76393], [21.51693, 44.76401], [21.51709, 44.76428], [21.51735, 44.76454], [21.51762, 44.76497], [21.51823, 44.76571], [21.51838, 44.76597], [21.51848, 44.76603], [21.51867, 44.76627], [21.51881, 44.76639], [21.51898, 44.76664], [21.5191, 44.76685], [21.51902, 44.76695], [21.51903, 44.76701], [21.51899, 44.76701], [21.51901, 44.76702], [21.51904, 44.76701], [21.51899, 44.76703], [21.5189, 44.76712], [21.51894, 44.76709], [21.51895, 44.76711], [21.51893, 44.7671], [21.49187, 44.76619], [21.4917, 44.7662], [21.49062, 44.76605], [21.4902, 44.76604], [21.48991, 44.766], [21.48984, 44.76602], [21.48936, 44.76599], [21.489, 44.76602], [21.48875, 44.76608], [21.48844, 44.76609], [21.48808, 44.76626], [21.48759, 44.76655], [21.48732, 44.76664], [21.48662, 44.76683], [21.48639, 44.76683], [21.48622, 44.76688], [21.48581, 44.76693], [21.48524, 44.76692], [21.48484, 44.76688], [21.48426, 44.76677], [21.48394, 44.76667], [21.48365, 44.76654], [21.48263, 44.76596], [21.48208, 44.76563], [21.48142, 44.76509], [21.48129, 44.76502], [21.48097, 44.7649], [21.48071, 44.76476], [21.48053, 44.7647], [21.48047, 44.76469], [21.48036, 44.76471], [21.48036, 44.76476], [21.48033, 44.76476], [21.48031, 44.76479], [21.48035, 44.76482], [21.48033, 44.76476], [21.4803, 44.76477], [21.48036, 44.76486], [21.4809, 44.76517], [21.48096, 44.76518], [21.48102, 44.76516], [21.48119, 44.76509], [21.48128, 44.76507], [21.48136, 44.76508], [21.48143, 44.76512], [21.48145, 44.76516], [21.48141, 44.76524], [21.48125, 44.76537], [21.48126, 44.76551], [21.48149, 44.76569], [21.48176, 44.76586], [21.48189, 44.76591], [21.48204, 44.76593], [21.48199, 44.76599], [21.48173, 44.76586], [21.48139, 44.7656], [21.48126, 44.76546], [21.48121, 44.76534], [21.48137, 44.76515], [21.48138, 44.7651], [21.48135, 44.76508], [21.48129, 44.76506], [21.48124, 44.76507], [21.48101, 44.76515], [21.48083, 44.76529], [21.48062, 44.76554], [21.48027, 44.76608], [21.47951, 44.76713], [21.47932, 44.76732], [21.47932, 44.76735], [21.47938, 44.7672], [21.47955, 44.76701], [21.47986, 44.76656], [21.4801, 44.76627], [21.48022, 44.76607], [21.48045, 44.76575], [21.48083, 44.76528], [21.48093, 44.76518], [21.48105, 44.7651], [21.48124, 44.76505], [21.48127, 44.76501], [21.4812, 44.76494], [21.48104, 44.76487], [21.4808, 44.76482], [21.48071, 44.76476], [21.48056, 44.76471], [21.48025, 44.76471], [21.48011, 44.76466], [21.47992, 44.76453], [21.47926, 44.76415], [21.4793, 44.76415], [21.4793, 44.76418], [21.4793, 44.76415], [21.47926, 44.76417], [21.47931, 44.76415], [21.47934, 44.76417], [21.47934, 44.76416], [21.47934, 44.76418], [21.47931, 44.76418], [21.47927, 44.76416], [21.47926, 44.76417], [21.47927, 44.76415], [21.47923, 44.76415], [21.47876, 44.76386], [21.47865, 44.76377], [21.47823, 44.76353], [21.47794, 44.76329], [21.4777, 44.76314], [21.47759, 44.76309], [21.47743, 44.76296], [21.477, 44.76274], [21.47497, 44.76186], [21.47462, 44.76175], [21.47425, 44.76167], [21.47412, 44.76163], [21.47385, 44.76149], [21.47321, 44.76135], [21.47276, 44.76123], [21.4727, 44.76123], [21.47259, 44.76116], [21.47244, 44.76112], [21.47229, 44.76104], [21.47215, 44.761], [21.4719, 44.76079], [21.47182, 44.76078], [21.47137, 44.76082], [21.47112, 44.76077], [21.47054, 44.76059], [21.4703, 44.76044], [21.47007, 44.76035], [21.46916, 44.76013], [21.46876, 44.76012], [21.46819, 44.76021], [21.46769, 44.76011], [21.4665, 44.76006], [21.4661, 44.76002]]}, "properties": {"id": 14795572750, "name": "Veliko grad 2", "sport": "Ride", "date": "2025-06-14", "distance_km": 10.51, "moving_time_s": 4307, "elev_gain_m": 23, "avg_speed_kmh": 8.8, "avg_hr": null}}, {"type": "Feature", "geometry": {"type": "LineString", "coordinates": [[20.37634, 44.84126], [20.37647, 44.84171], [20.37668, 44.84236], [20.3768, 44.84289], [20.37685, 44.843], [20.37693, 44.84305], [20.37749, 44.84299], [20.37779, 44.8429], [20.37805, 44.84287], [20.37826, 44.84282], [20.37928, 44.8427], [20.37987, 44.8426], [20.38044, 44.84256], [20.38099, 44.84246], [20.38201, 44.84233], [20.3824, 44.84226], [20.38286, 44.8422], [20.38321, 44.84218], [20.38386, 44.84208], [20.38446, 44.84202], [20.38503, 44.84194], [20.38535, 44.84193], [20.38555, 44.84186], [20.38576, 44.84182], [20.38719, 44.84166], [20.3876, 44.84158], [20.38795, 44.84155], [20.38825, 44.84149], [20.38845, 44.8415], [20.38866, 44.84146], [20.38902, 44.84145], [20.38944, 44.84135], [20.39, 44.84131], [20.39046, 44.8412], [20.39132, 44.84106], [20.39166, 44.84104], [20.39186, 44.84099], [20.39214, 44.84097], [20.39257, 44.84099], [20.39289, 44.84095], [20.39319, 44.84096], [20.39322, 44.84092], [20.39317, 44.84086], [20.39318, 44.84078], [20.39315, 44.84074], [20.39313, 44.84063], [20.39313, 44.84054], [20.39316, 44.84049], [20.39319, 44.84048], [20.39355, 44.84044], [20.39391, 44.84042], [20.39396, 44.8404], [20.39398, 44.84037], [20.39392, 44.84021], [20.39358, 44.8397], [20.39341, 44.83955], [20.39312, 44.83925], [20.39304, 44.83911], [20.39295, 44.8389], [20.39243, 44.83811], [20.39242, 44.83806], [20.39243, 44.83801], [20.39251, 44.83797], [20.39251, 44.83793], [20.39242, 44.83776], [20.3922, 44.83751], [20.39213, 44.83735], [20.39213, 44.83718], [20.39206, 44.83705], [20.39181, 44.83693], [20.39178, 44.83689], [20.39171, 44.83677], [20.39145, 44.83644], [20.39143, 44.83637], [20.39131, 44.83616], [20.39128, 44.83608], [20.39127, 44.83591], [20.39115, 44.83564], [20.39108, 44.83553], [20.39101, 44.83533], [20.39093, 44.8352], [20.3909, 44.83509], [20.39085, 44.83501], [20.39084, 44.83498], [20.39084, 44.83487], [20.39074, 44.83457], [20.39075, 44.83435], [20.39073, 44.83426], [20.39075, 44.83414], [20.39084, 44.83383], [20.39093, 44.83373], [20.39087, 44.83338], [20.39075, 44.83315], [20.3906, 44.83293], [20.39031, 44.83267], [20.39018, 44.8325], [20.39011, 44.83238], [20.39005, 44.83223], [20.38997, 44.8321], [20.38989, 44.83186], [20.38983, 44.83173], [20.38982, 44.83168], [20.38971, 44.83149], [20.38955, 44.83111], [20.38948, 44.831], [20.3894, 44.8307], [20.38926, 44.83048], [20.38915, 44.83026], [20.38909, 44.83002], [20.38898, 44.82973], [20.38889, 44.82955], [20.38885, 44.82943], [20.38871, 44.82914], [20.38859, 44.82875], [20.3884, 44.82838], [20.38832, 44.82832], [20.38815, 44.82783], [20.38818, 44.82778], [20.38823, 44.82774], [20.38851, 44.82766], [20.39023, 44.82747], [20.3906, 44.82742], [20.39094, 44.82738], [20.3913, 44.82732], [20.39162, 44.82732], [20.39221, 44.82727], [20.39239, 44.82724], [20.39273, 44.82721], [20.39294, 44.82714], [20.39334, 44.82708], [20.39382, 44.82708], [20.39481, 44.82698], [20.39502, 44.82695], [20.39547, 44.82692], [20.39604, 44.82683], [20.39697, 44.82666], [20.39721, 44.8266], [20.39747, 44.82652], [20.39768, 44.82652], [20.39807, 44.82644], [20.39832, 44.82641], [20.39877, 44.82631], [20.39913, 44.82626], [20.39948, 44.82619]]}, "properties": {"id": 13081776387, "name": "Vozikam", "sport": "Ride", "date": "2024-12-09", "distance_km": 4.42, "moving_time_s": 977, "elev_gain_m": 6, "avg_speed_kmh": 16.3, "avg_hr": null}}, {"type": "Feature", "geometry": {"type": "LineString", "coordinates": [[20.39789, 44.84139], [20.3983, 44.84127], [20.3999, 44.8412], [20.40103, 44.84142], [20.4013, 44.84136], [20.40194, 44.84147], [20.40359, 44.84151], [20.4037, 44.84141], [20.40412, 44.84144], [20.40417, 44.84134], [20.4035, 44.8399], [20.40338, 44.83916], [20.40278, 44.83817], [20.40009, 44.8319], [20.39948, 44.83028], [20.39951, 44.82988], [20.40113, 44.82926], [20.40261, 44.82857], [20.40382, 44.82817], [20.40444, 44.82776], [20.40455, 44.82787], [20.40674, 44.82677], [20.40861, 44.82594], [20.41142, 44.82491], [20.4127, 44.82419], [20.41204, 44.82321], [20.41068, 44.82174], [20.41041, 44.82159], [20.41013, 44.82108], [20.4061, 44.81676], [20.40544, 44.81589], [20.40478, 44.81533], [20.40484, 44.8152], [20.40519, 44.81511], [20.40494, 44.81476], [20.40452, 44.81447], [20.404, 44.81375], [20.40329, 44.81293], [20.40317, 44.81291], [20.40133, 44.81082], [20.40074, 44.81004], [20.40264, 44.8092], [20.40275, 44.80875], [20.40631, 44.80715], [20.40642, 44.80695], [20.4062, 44.80662], [20.40616, 44.80612], [20.40705, 44.80505], [20.40709, 44.8053], [20.40842, 44.80543], [20.40883, 44.80569], [20.40869, 44.80608], [20.40866, 44.80639], [20.40955, 44.80634], [20.41092, 44.80649], [20.4124, 44.80695], [20.41286, 44.80723], [20.41303, 44.80723], [20.41396, 44.80811], [20.4153, 44.8097], [20.41562, 44.80985], [20.4156, 44.80995], [20.41591, 44.8102], [20.4195, 44.80858], [20.41972, 44.80838], [20.42075, 44.80802], [20.42407, 44.80645], [20.42606, 44.80563], [20.43122, 44.81129], [20.43137, 44.81134], [20.43165, 44.81119], [20.4318, 44.81128], [20.43324, 44.81291], [20.43334, 44.81304], [20.43301, 44.81317], [20.43308, 44.81312], [20.43359, 44.81389], [20.43385, 44.814], [20.43428, 44.81464], [20.43426, 44.81485], [20.43412, 44.81492], [20.43367, 44.81488], [20.43382, 44.81499], [20.43452, 44.815], [20.43456, 44.81508], [20.43501, 44.81489], [20.43636, 44.81467], [20.43823, 44.81456], [20.43863, 44.81463], [20.43913, 44.8149], [20.44001, 44.81492], [20.44021, 44.81476], [20.44084, 44.81481], [20.4409, 44.8147], [20.44132, 44.81467], [20.45187, 44.81524], [20.45284, 44.81518], [20.45314, 44.81524], [20.45323, 44.81555], [20.45301, 44.81654], [20.45418, 44.8167], [20.45469, 44.81711], [20.45505, 44.81723], [20.45636, 44.81806], [20.45662, 44.81786], [20.45737, 44.81781], [20.45784, 44.81754], [20.45817, 44.81751], [20.4588, 44.81708], [20.45944, 44.81731], [20.4606, 44.81653], [20.46104, 44.81611], [20.46159, 44.81583], [20.46208, 44.8158], [20.46219, 44.81571], [20.46446, 44.81559], [20.46557, 44.81531], [20.46708, 44.81453], [20.4672, 44.81423], [20.46722, 44.81438], [20.46758, 44.81426], [20.46955, 44.81307], [20.47003, 44.81294], [20.47024, 44.81273], [20.47119, 44.81204], [20.47316, 44.81182], [20.47329, 44.81192], [20.47403, 44.81111], [20.47422, 44.81058], [20.47519, 44.81009], [20.47614, 44.8091], [20.47631, 44.80853], [20.47687, 44.808], [20.47725, 44.80716], [20.47796, 44.80675], [20.47862, 44.80613], [20.47949, 44.80653], [20.48219, 44.80818], [20.48429, 44.80965], [20.48549, 44.81029], [20.48568, 44.81056], [20.48609, 44.81064], [20.48792, 44.81204], [20.48944, 44.81338], [20.48914, 44.81353], [20.48915, 44.81382], [20.48888, 44.81391], [20.48902, 44.81398], [20.48887, 44.81403], [20.48843, 44.81396], [20.48849, 44.8142], [20.48842, 44.81408], [20.48826, 44.81414], [20.48843, 44.81409], [20.48866, 44.81423], [20.4892, 44.81382], [20.48926, 44.81341], [20.48945, 44.81339], [20.49123, 44.81496], [20.49159, 44.81492], [20.49199, 44.81506], [20.49507, 44.81393], [20.49728, 44.81381], [20.49846, 44.8136], [20.49958, 44.81353], [20.50051, 44.81331], [20.50142, 44.81288], [20.50317, 44.81247], [20.50535, 44.8122], [20.50593, 44.81208], [20.50651, 44.81182], [20.50816, 44.81133], [20.5101, 44.81052], [20.51204, 44.80949], [20.51273, 44.80895], [20.51284, 44.80915], [20.51357, 44.80963], [20.51411, 44.80972], [20.51547, 44.80961], [20.51635, 44.80837], [20.51644, 44.80832], [20.51574, 44.80912], [20.51586, 44.80923], [20.51627, 44.80925], [20.51661, 44.80908], [20.51745, 44.80809], [20.51779, 44.80779], [20.5177, 44.80794], [20.51794, 44.80779], [20.51784, 44.80789], [20.51793, 44.80782], [20.51788, 44.80783], [20.51773, 44.80776], [20.51756, 44.8079], [20.5164, 44.80919], [20.51577, 44.8092], [20.5154, 44.80967], [20.51389, 44.80968], [20.51269, 44.80911], [20.51219, 44.80953], [20.51051, 44.81045], [20.50909, 44.81113], [20.50691, 44.81175], [20.5065, 44.81196], [20.50257, 44.81266], [20.50229, 44.81283], [20.50133, 44.81302], [20.50099, 44.81324], [20.49981, 44.81356], [20.49755, 44.8138], [20.49633, 44.81403], [20.49599, 44.81396], [20.49514, 44.814], [20.49211, 44.81506], [20.49192, 44.81544], [20.49148, 44.81534], [20.49136, 44.81499], [20.49109, 44.81489], [20.49023, 44.814], [20.48983, 44.81391], [20.48954, 44.81372], [20.48957, 44.81352], [20.48904, 44.81299], [20.48695, 44.81121], [20.48612, 44.81064], [20.48564, 44.81051], [20.4855, 44.81028], [20.48051, 44.80721], [20.47879, 44.80609], [20.4773, 44.80735], [20.47661, 44.80834], [20.47583, 44.80933], [20.47553, 44.80946], [20.47516, 44.80998], [20.4745, 44.81053], [20.47429, 44.81091], [20.47353, 44.81166], [20.4717, 44.812], [20.47065, 44.81227], [20.47067, 44.81239], [20.4703, 44.81265], [20.46915, 44.81325], [20.46853, 44.81374], [20.46813, 44.81388], [20.46757, 44.81428], [20.46657, 44.81477], [20.46577, 44.81544], [20.4656, 44.81533], [20.46485, 44.81536], [20.46395, 44.81557], [20.46292, 44.81563], [20.46236, 44.8158], [20.46195, 44.81571], [20.46096, 44.81575], [20.46045, 44.81605], [20.4599, 44.81567], [20.45952, 44.81568], [20.459, 44.81535], [20.45838, 44.81572], [20.45822, 44.81592], [20.45691, 44.81635], [20.45657, 44.81627], [20.4564, 44.81643], [20.45608, 44.81642], [20.45582, 44.81621], [20.45564, 44.81629], [20.4554, 44.8162], [20.45479, 44.81626], [20.4545, 44.81613], [20.45331, 44.81639], [20.45325, 44.81604], [20.45341, 44.81594], [20.45358, 44.81548], [20.45296, 44.8152], [20.45186, 44.81523], [20.44988, 44.81506], [20.44148, 44.81466], [20.44094, 44.81466], [20.44085, 44.81479], [20.44064, 44.81483], [20.44013, 44.81479], [20.44, 44.81491], [20.43937, 44.81487], [20.43899, 44.81619], [20.43829, 44.81716], [20.43762, 44.81765], [20.4315, 44.82046], [20.42486, 44.82332], [20.42134, 44.825], [20.42064, 44.82553], [20.42002, 44.82683], [20.41909, 44.83143], [20.41887, 44.83141], [20.41863, 44.83186], [20.41825, 44.83309], [20.41827, 44.83359], [20.41795, 44.83413], [20.41793, 44.8345], [20.41808, 44.83466], [20.41769, 44.83658], [20.4174, 44.83685], [20.41751, 44.83712], [20.41697, 44.83721], [20.41682, 44.83748], [20.41621, 44.83769], [20.41583, 44.83793], [20.4143, 44.8381], [20.41365, 44.83835], [20.41265, 44.83847], [20.41156, 44.83876], [20.4114, 44.8389], [20.41078, 44.83908], [20.41033, 44.83939], [20.40958, 44.83958], [20.40947, 44.8399], [20.40913, 44.84007], [20.4073, 44.84058], [20.40686, 44.84078], [20.40532, 44.84212], [20.40513, 44.8421], [20.40418, 44.84149], [20.40296, 44.84139], [20.40194, 44.84144], [20.40031, 44.84127], [20.39893, 44.84125], [20.39821, 44.84133], [20.39768, 44.84145], [20.39761, 44.84169], [20.39641, 44.84189], [20.39645, 44.84211], [20.39665, 44.84203], [20.39696, 44.84302], [20.39743, 44.84364], [20.39761, 44.84372], [20.39918, 44.84346], [20.39943, 44.84352], [20.39982, 44.84392], [20.4011, 44.84578], [20.4022, 44.84697], [20.40312, 44.84667], [20.40481, 44.84656], [20.40559, 44.84642], [20.40642, 44.84643], [20.40803, 44.84659], [20.40913, 44.84634], [20.41116, 44.8446], [20.41159, 44.84404], [20.41221, 44.84349]]}, "properties": {"id": 13060095160, "name": "Svuda po gradu", "sport": "Ride", "date": "2024-12-06", "distance_km": 33.57, "moving_time_s": 9123, "elev_gain_m": 245, "avg_speed_kmh": 13.2, "avg_hr": null}}, {"type": "Feature", "geometry": {"type": "LineString", "coordinates": [[20.39677, 44.84261], [20.39745, 44.84368], [20.39931, 44.84345], [20.40216, 44.84694], [20.40355, 44.84659], [20.40612, 44.84636], [20.40723, 44.84658], [20.40908, 44.84626], [20.4125, 44.84313], [20.41762, 44.83656], [20.42024, 44.82552], [20.43769, 44.81762], [20.43879, 44.8166], [20.4394, 44.81478], [20.44124, 44.81464], [20.45304, 44.81524], [20.45824, 44.81419], [20.45871, 44.8143], [20.45852, 44.81449], [20.45916, 44.81424], [20.45971, 44.81476], [20.46028, 44.81439], [20.46596, 44.80387], [20.46491, 44.80277], [20.46606, 44.80202], [20.46622, 44.80147], [20.46512, 44.79645], [20.4665, 44.79123], [20.46556, 44.78805], [20.46464, 44.78777], [20.45715, 44.78767], [20.45227, 44.79206], [20.45003, 44.79347], [20.45211, 44.79353], [20.45349, 44.79319], [20.45323, 44.79348], [20.45338, 44.79316], [20.45363, 44.79352], [20.45323, 44.79324], [20.45348, 44.79341], [20.45237, 44.79368], [20.45115, 44.79337], [20.45005, 44.79344], [20.45264, 44.79175], [20.45757, 44.78722], [20.45855, 44.77742], [20.46396, 44.77126], [20.46504, 44.77017], [20.46753, 44.76855], [20.47367, 44.76158], [20.4761, 44.76088], [20.47643, 44.7594], [20.47635, 44.76086], [20.48005, 44.76093], [20.48118, 44.75981], [20.48276, 44.75734], [20.48261, 44.75695], [20.4833, 44.7565], [20.48332, 44.75609], [20.48172, 44.75455], [20.48228, 44.75181], [20.48165, 44.75047], [20.48086, 44.75006], [20.4771, 44.74995], [20.47658, 44.74848], [20.47754, 44.74577], [20.48194, 44.74298], [20.48401, 44.74223], [20.4867, 44.73974], [20.48567, 44.73868], [20.48575, 44.73755], [20.48361, 44.73476], [20.48279, 44.73189], [20.48326, 44.7305], [20.48725, 44.72652], [20.48976, 44.72661], [20.49236, 44.72595], [20.49588, 44.72673], [20.49797, 44.72603], [20.49776, 44.7248], [20.4958, 44.72324], [20.49599, 44.72264], [20.49681, 44.72212], [20.50039, 44.72101], [20.50191, 44.72205], [20.50262, 44.72202], [20.50303, 44.72168], [20.50406, 44.71934], [20.50425, 44.71575], [20.5059, 44.71346], [20.5059, 44.71131], [20.50744, 44.70936], [20.50871, 44.70666], [20.50842, 44.70561], [20.50368, 44.70047], [20.50217, 44.69763], [20.50181, 44.69628], [20.50406, 44.69606], [20.50378, 44.69644], [20.50352, 44.69627], [20.50363, 44.69654], [20.50367, 44.69581], [20.50195, 44.69601], [20.50182, 44.69582], [20.50331, 44.69064], [20.50594, 44.68707], [20.5073, 44.6868], [20.50815, 44.68573], [20.5095, 44.68557], [20.51029, 44.68391], [20.5113, 44.68349], [20.51256, 44.68393], [20.51318, 44.68387], [20.51387, 44.68306], [20.51556, 44.68272], [20.51595, 44.68141], [20.51724, 44.68066], [20.52035, 44.67975], [20.52122, 44.67985], [20.52162, 44.68035], [20.52121, 44.68251], [20.52185, 44.68285], [20.52284, 44.68259], [20.52483, 44.6809], [20.52648, 44.68072], [20.52759, 44.68145], [20.52752, 44.68319], [20.52825, 44.68354], [20.53238, 44.68129], [20.53454, 44.67906], [20.53807, 44.67684], [20.53864, 44.67532], [20.54129, 44.67272], [20.54203, 44.67126], [20.54176, 44.6687], [20.54266, 44.66397], [20.54449, 44.66169], [20.54822, 44.66037], [20.5503, 44.65493], [20.55231, 44.65359], [20.55367, 44.65193], [20.55458, 44.65003], [20.55319, 44.64499], [20.55192, 44.64325], [20.55218, 44.63866], [20.55118, 44.63647], [20.55198, 44.63477], [20.55374, 44.63371], [20.55541, 44.63031], [20.55482, 44.62968], [20.55256, 44.62928], [20.55185, 44.62877], [20.55177, 44.6281], [20.55352, 44.62671], [20.55171, 44.62488], [20.55159, 44.6242], [20.55521, 44.62258], [20.55574, 44.62184], [20.55491, 44.61959], [20.55635, 44.61716], [20.55622, 44.6151], [20.56327, 44.61352], [20.56623, 44.61212], [20.56867, 44.61144], [20.56952, 44.61087], [20.57316, 44.61075], [20.57337, 44.61015], [20.5716, 44.60893], [20.57018, 44.60712], [20.57125, 44.60581], [20.57091, 44.60542], [20.57032, 44.60565], [20.57097, 44.6054], [20.57122, 44.60578], [20.57038, 44.60755], [20.57316, 44.60984], [20.57316, 44.61105], [20.57311, 44.61084], [20.56965, 44.6109], [20.56231, 44.61378], [20.55962, 44.61417], [20.55762, 44.61488], [20.55707, 44.61488], [20.55714, 44.61461], [20.55713, 44.61492], [20.55624, 44.61527], [20.55629, 44.6177], [20.55498, 44.61956], [20.55575, 44.62198], [20.55526, 44.62263], [20.55162, 44.62425], [20.55362, 44.62677], [20.55207, 44.62816], [20.55198, 44.6289], [20.55262, 44.62931], [20.55492, 44.62963], [20.55556, 44.63032], [20.55376, 44.63384], [20.55207, 44.63491], [20.55127, 44.63668], [20.55226, 44.63835], [20.55203, 44.64325], [20.55331, 44.64494], [20.55472, 44.64995], [20.55384, 44.65223], [20.55039, 44.65528], [20.55001, 44.65706], [20.54843, 44.66049], [20.54472, 44.66181], [20.54295, 44.66392], [20.5419, 44.66782], [20.54238, 44.67123], [20.54163, 44.67264], [20.53869, 44.67513], [20.53818, 44.67701], [20.5385, 44.67732], [20.53872, 44.67698], [20.53791, 44.67715], [20.53535, 44.6787], [20.53219, 44.68153], [20.52826, 44.68366], [20.52749, 44.68326], [20.52772, 44.68176], [20.52688, 44.6809], [20.52494, 44.68095], [20.523, 44.68254], [20.52176, 44.68293], [20.52118, 44.6825], [20.52162, 44.68097], [20.52139, 44.67999], [20.52036, 44.67984], [20.51739, 44.68072], [20.51598, 44.68152], [20.51565, 44.68286], [20.51385, 44.68311], [20.51323, 44.68399], [20.51251, 44.68404], [20.51137, 44.68356], [20.51037, 44.68387], [20.50958, 44.68561], [20.50813, 44.68577], [20.50737, 44.68679], [20.50593, 44.68714], [20.50323, 44.69082], [20.50311, 44.69236], [20.50191, 44.69546], [20.50223, 44.69749], [20.5038, 44.70045], [20.50863, 44.70573], [20.50879, 44.70716], [20.506, 44.7113], [20.506, 44.71349], [20.50427, 44.71596], [20.50417, 44.7193], [20.50298, 44.72191], [20.50188, 44.72212], [20.50043, 44.72107], [20.4966, 44.72232], [20.4959, 44.72326], [20.49775, 44.72468], [20.49806, 44.72605], [20.49595, 44.7268], [20.49247, 44.72598], [20.48999, 44.72666], [20.48733, 44.7266], [20.48302, 44.73104], [20.4829, 44.73205], [20.48369, 44.73475], [20.48581, 44.73749], [20.48572, 44.7386], [20.48674, 44.73975], [20.48403, 44.74231], [20.48201, 44.74303], [20.47761, 44.74581], [20.47669, 44.74867], [20.47717, 44.74991], [20.47945, 44.75014], [20.48087, 44.75], [20.48169, 44.7504], [20.48236, 44.75177], [20.48185, 44.75466], [20.48322, 44.75585], [20.48336, 44.75641], [20.47907, 44.76325], [20.47635, 44.77041], [20.47376, 44.77398], [20.47292, 44.77643], [20.46887, 44.77948], [20.46632, 44.78432], [20.46602, 44.7872], [20.46532, 44.78762], [20.46661, 44.79162], [20.46507, 44.7958], [20.46627, 44.80194], [20.46482, 44.80287], [20.46583, 44.80364], [20.4657, 44.80423], [20.4635, 44.8082], [20.46217, 44.81116], [20.46089, 44.81313], [20.45833, 44.8143], [20.45801, 44.81416], [20.45315, 44.81522], [20.43944, 44.81476], [20.43873, 44.81673], [20.43876, 44.81683], [20.43899, 44.81695], [20.43868, 44.8168], [20.43728, 44.81784], [20.42341, 44.82404], [20.42069, 44.82552], [20.41864, 44.83402], [20.41845, 44.8345], [20.41797, 44.83442], [20.41765, 44.83729], [20.41582, 44.83808], [20.41153, 44.83878], [20.4095, 44.83959], [20.40911, 44.84005], [20.40688, 44.84076], [20.40439, 44.84291], [20.40232, 44.84537], [20.40109, 44.84578], [20.39945, 44.84362], [20.39745, 44.84377], [20.3968, 44.84272]]}, "properties": {"id": 12468425085, "name": "Tresnja jezero", "sport": "Ride", "date": "2024-09-21", "distance_km": 84.62, "moving_time_s": 22388, "elev_gain_m": 806, "avg_speed_kmh": 13.6, "avg_hr": null}}, {"type": "Feature", "geometry": {"type": "LineString", "coordinates": [[20.39676, 44.84143], [20.39698, 44.8415], [20.39717, 44.84149], [20.3974, 44.84147], [20.3977, 44.84136], [20.39838, 44.84127], [20.39991, 44.84123], [20.40066, 44.84127], [20.40165, 44.84141], [20.40208, 44.84142], [20.40275, 44.84137], [20.40398, 44.84147], [20.40422, 44.84146], [20.40437, 44.8415], [20.40477, 44.84183], [20.40519, 44.84208], [20.40535, 44.842], [20.40576, 44.84166], [20.40788, 44.83959], [20.40806, 44.83937], [20.40822, 44.83926], [20.40844, 44.83923], [20.40928, 44.83948], [20.4097, 44.8395], [20.40997, 44.83942], [20.41168, 44.8387], [20.41284, 44.83851], [20.41564, 44.8379], [20.41575, 44.83789], [20.41584, 44.83793], [20.41616, 44.83786], [20.41653, 44.8377], [20.41694, 44.83733], [20.41721, 44.83718], [20.41754, 44.83669], [20.41782, 44.83639], [20.41788, 44.8364], [20.418, 44.83632], [20.4182, 44.83604], [20.41822, 44.83598], [20.41795, 44.83577], [20.41791, 44.83568], [20.41797, 44.83475], [20.41791, 44.83452], [20.41797, 44.83445], [20.41801, 44.83419], [20.41812, 44.83403], [20.4186, 44.83184], [20.41861, 44.83144], [20.41869, 44.83142], [20.41878, 44.83144], [20.41912, 44.83144], [20.41932, 44.83019], [20.41974, 44.82852], [20.41995, 44.82713], [20.42001, 44.82707], [20.42023, 44.82615], [20.42053, 44.82568], [20.42109, 44.82521], [20.42224, 44.82462], [20.43713, 44.81793], [20.438, 44.81741], [20.43862, 44.81683], [20.43873, 44.81683], [20.43883, 44.81687], [20.43913, 44.81711], [20.43937, 44.81738], [20.43933, 44.81752], [20.43948, 44.8175], [20.43965, 44.81762], [20.43943, 44.81748], [20.43914, 44.81713], [20.43875, 44.81688], [20.43868, 44.81679], [20.43896, 44.81632], [20.43921, 44.81571], [20.43938, 44.81478], [20.44073, 44.81484], [20.4408, 44.81481], [20.44086, 44.81471], [20.44129, 44.81469], [20.44346, 44.8148], [20.44393, 44.81477], [20.44475, 44.81485], [20.44663, 44.81496], [20.4476, 44.81499], [20.44857, 44.81506], [20.45014, 44.81506], [20.45074, 44.81511], [20.45109, 44.81519], [20.45166, 44.81523], [20.45188, 44.81529], [20.45203, 44.81523], [20.45237, 44.81526], [20.45288, 44.81522], [20.45316, 44.81528], [20.45325, 44.81533], [20.45328, 44.81565], [20.45307, 44.81655], [20.45311, 44.81659], [20.45323, 44.81663], [20.45396, 44.81664], [20.45425, 44.8167], [20.45488, 44.81707], [20.45501, 44.8171], [20.45509, 44.8172], [20.45535, 44.81738], [20.45641, 44.81799], [20.45679, 44.81792], [20.45701, 44.81777], [20.45703, 44.81781], [20.45733, 44.81777], [20.45828, 44.81747], [20.45867, 44.81729], [20.45878, 44.81718], [20.45902, 44.81717], [20.459, 44.81706], [20.45904, 44.81704], [20.45942, 44.81709], [20.45946, 44.81715], [20.45955, 44.81719], [20.45977, 44.81713], [20.45998, 44.81717], [20.46027, 44.81688], [20.46036, 44.81667], [20.46086, 44.81628], [20.46097, 44.81622], [20.46113, 44.81599], [20.46132, 44.81585], [20.46158, 44.81578], [20.46253, 44.8157], [20.46359, 44.81563], [20.46424, 44.81555], [20.46491, 44.81535], [20.4655, 44.81522], [20.46629, 44.81493], [20.46698, 44.81474], [20.46726, 44.81461], [20.46748, 44.81434], [20.46824, 44.81394], [20.46854, 44.81372], [20.4687, 44.81366], [20.46981, 44.81305], [20.47019, 44.81279], [20.47043, 44.8127], [20.47048, 44.81278], [20.47053, 44.81276], [20.47081, 44.8124], [20.47104, 44.81228], [20.4713, 44.8121], [20.47148, 44.81188], [20.47193, 44.81158], [20.47256, 44.81086], [20.47303, 44.81024], [20.47365, 44.80963], [20.47473, 44.8084], [20.47467, 44.80828], [20.47446, 44.80811], [20.47444, 44.80798], [20.4746, 44.80709], [20.47466, 44.80693], [20.47476, 44.80692], [20.47455, 44.80677], [20.47435, 44.80638], [20.47421, 44.80628], [20.4742, 44.80622], [20.47431, 44.80621], [20.47456, 44.8061], [20.47512, 44.80575], [20.47499, 44.80555], [20.47502, 44.80548], [20.47547, 44.80525], [20.47549, 44.80509], [20.47544, 44.80492], [20.47513, 44.80464], [20.47473, 44.80452], [20.47473, 44.80446], [20.47468, 44.80445], [20.47461, 44.80444], [20.47458, 44.80449], [20.47454, 44.80447], [20.47467, 44.80443], [20.47475, 44.80443], [20.47497, 44.80455], [20.47511, 44.80455], [20.47514, 44.80466], [20.47539, 44.80478], [20.47563, 44.80495], [20.47583, 44.805], [20.4758, 44.80518], [20.47551, 44.80528], [20.47555, 44.80537], [20.47553, 44.80532], [20.47543, 44.80535], [20.47535, 44.80542], [20.47514, 44.80546], [20.47505, 44.80545], [20.47502, 44.8054], [20.47508, 44.80546], [20.4751, 44.80556], [20.47509, 44.80551], [20.47488, 44.80574], [20.47434, 44.80597], [20.47418, 44.80618], [20.47453, 44.80663], [20.475, 44.8071], [20.47551, 44.80747], [20.4755, 44.80759], [20.47513, 44.80794], [20.47451, 44.80868], [20.4742, 44.80909], [20.47336, 44.80986], [20.47232, 44.81093], [20.47213, 44.81121], [20.47149, 44.81182], [20.47139, 44.81204], [20.47096, 44.81236], [20.47088, 44.81228], [20.47082, 44.8123], [20.4708, 44.81239], [20.46971, 44.81306], [20.46749, 44.81425], [20.46746, 44.81423], [20.46747, 44.81428], [20.46715, 44.81446], [20.4667, 44.81464], [20.4666, 44.81466], [20.46597, 44.815], [20.46543, 44.8152], [20.46392, 44.81556], [20.46328, 44.81565], [20.4626, 44.81572], [20.46252, 44.81577], [20.46229, 44.8157], [20.46171, 44.81575], [20.46115, 44.81574], [20.46088, 44.81587], [20.46052, 44.81596], [20.46028, 44.81591], [20.45991, 44.81567], [20.45911, 44.81559], [20.45892, 44.81552], [20.45874, 44.81551], [20.45855, 44.81558], [20.45863, 44.8156], [20.45864, 44.81566], [20.45828, 44.81578], [20.45814, 44.81588], [20.45767, 44.81609], [20.45762, 44.81618], [20.45748, 44.81627], [20.45683, 44.8165], [20.4567, 44.81652], [20.4565, 44.81643], [20.45594, 44.8163], [20.45576, 44.81629], [20.45555, 44.81633], [20.45529, 44.81629], [20.45502, 44.81634], [20.45485, 44.81645], [20.45479, 44.81657], [20.45458, 44.81669], [20.45341, 44.81667], [20.4532, 44.81665], [20.4531, 44.81657], [20.45311, 44.81593], [20.45318, 44.81574], [20.45311, 44.81566], [20.45322, 44.81542], [20.45312, 44.81524], [20.45301, 44.81519], [20.45235, 44.81522], [20.45207, 44.8152], [20.45189, 44.81525], [20.45128, 44.81518], [20.45062, 44.81516], [20.44722, 44.81494], [20.4412, 44.81464], [20.44094, 44.81466], [20.44081, 44.81479], [20.43945, 44.81474], [20.43934, 44.81494], [20.4392, 44.81578], [20.4389, 44.81645], [20.4386, 44.81685], [20.43832, 44.81712], [20.43774, 44.81756], [20.43742, 44.81768], [20.43718, 44.81784], [20.43592, 44.81847], [20.43375, 44.8194], [20.43042, 44.82094], [20.42497, 44.8234], [20.42462, 44.82351], [20.42285, 44.82431], [20.42149, 44.82498], [20.42108, 44.82522], [20.42075, 44.82548], [20.42039, 44.82596], [20.42009, 44.82679], [20.41987, 44.82803], [20.41936, 44.83028], [20.41927, 44.83096], [20.41911, 44.83148], [20.41861, 44.83397], [20.41844, 44.83446], [20.41824, 44.83441], [20.41814, 44.83444], [20.41801, 44.83441], [20.41796, 44.83446], [20.41803, 44.83462], [20.41769, 44.83628], [20.41773, 44.8368], [20.41767, 44.83716], [20.41728, 44.83724], [20.41697, 44.83738], [20.41679, 44.83739], [20.41625, 44.83763], [20.41601, 44.83781], [20.41257, 44.83852], [20.41212, 44.83868], [20.41163, 44.83874], [20.4101, 44.83943], [20.40985, 44.83951], [20.40942, 44.83952], [20.40855, 44.83929], [20.40825, 44.83932], [20.40718, 44.8404], [20.40697, 44.84054], [20.40676, 44.8408], [20.40546, 44.84212], [20.40541, 44.84222], [20.40534, 44.84227], [20.40526, 44.84227], [20.4051, 44.84245], [20.40463, 44.84282], [20.40454, 44.84299], [20.40449, 44.843], [20.40457, 44.84303], [20.40454, 44.84302], [20.4043, 44.84315], [20.40369, 44.84383], [20.40306, 44.84462], [20.40274, 44.8451], [20.4025, 44.84525], [20.40202, 44.84541], [20.40126, 44.84573], [20.40128, 44.84571], [20.40115, 44.84575], [20.40101, 44.84571], [20.3997, 44.84395], [20.39928, 44.84351], [20.39917, 44.8435], [20.39865, 44.84362], [20.3983, 44.84362], [20.39806, 44.8437], [20.39778, 44.84373], [20.39753, 44.84373], [20.39739, 44.84369], [20.39727, 44.84357], [20.39677, 44.8427]]}, "properties": {"id": 12431859679, "name": "Blatobran", "sport": "Ride", "date": "2024-09-17", "distance_km": 19.63, "moving_time_s": 4920, "elev_gain_m": 105, "avg_speed_kmh": 14.4, "avg_hr": null}}, {"type": "Feature", "geometry": {"type": "LineString", "coordinates": [[20.39683, 44.84271], [20.39694, 44.84284], [20.39762, 44.84274], [20.39791, 44.84298], [20.39848, 44.84275], [20.39869, 44.84274], [20.39979, 44.84406], [20.40016, 44.84441], [20.40102, 44.84569], [20.40219, 44.84697], [20.40233, 44.84696], [20.40281, 44.84672], [20.40319, 44.84664], [20.40442, 44.84658], [20.40582, 44.84641], [20.40629, 44.84641], [20.40785, 44.84653], [20.4084, 44.84647], [20.40897, 44.84633], [20.40986, 44.84646], [20.41074, 44.84647], [20.41349, 44.84684], [20.41408, 44.84686], [20.41432, 44.84682], [20.41464, 44.8466], [20.41491, 44.84616], [20.41504, 44.84611], [20.41531, 44.84615], [20.41561, 44.8459], [20.41598, 44.84533], [20.41632, 44.84495], [20.41642, 44.84464], [20.41706, 44.84362], [20.41772, 44.84213], [20.41825, 44.84019], [20.41886, 44.83818], [20.41908, 44.83721], [20.41899, 44.83681], [20.42011, 44.83242], [20.4209, 44.8302], [20.42155, 44.82888], [20.42203, 44.82808], [20.42223, 44.82738], [20.42236, 44.8264], [20.42259, 44.82605], [20.42333, 44.8253], [20.42456, 44.82444], [20.42508, 44.82425], [20.42557, 44.82389], [20.42695, 44.82314], [20.4272, 44.82293], [20.42771, 44.82275], [20.42859, 44.82228], [20.42925, 44.822], [20.43101, 44.82169], [20.43321, 44.82155], [20.4347, 44.82159], [20.435, 44.82147], [20.43519, 44.8212], [20.43546, 44.82113], [20.4361, 44.82127], [20.43729, 44.82138], [20.43843, 44.82163], [20.43935, 44.82166], [20.43984, 44.82175], [20.43996, 44.82185], [20.44023, 44.82246], [20.44025, 44.82281], [20.44087, 44.82296], [20.44116, 44.82293], [20.44133, 44.82279], [20.44255, 44.82127], [20.4439, 44.8195], [20.44501, 44.81787], [20.44576, 44.81644], [20.44607, 44.81542], [20.44601, 44.81518], [20.44555, 44.81508], [20.44509, 44.81514], [20.44498, 44.81511], [20.44473, 44.8148], [20.44482, 44.81459], [20.44507, 44.8146], [20.44541, 44.81492], [20.44547, 44.81485], [20.4452, 44.81469], [20.44525, 44.81462], [20.44538, 44.8147], [20.44533, 44.81477], [20.44543, 44.81488], [20.44558, 44.81483], [20.44605, 44.81492], [20.45162, 44.81519], [20.45194, 44.81528], [20.45207, 44.81522], [20.45279, 44.81521], [20.45332, 44.81526], [20.45332, 44.81575], [20.45298, 44.81628], [20.45316, 44.81657], [20.45344, 44.81666], [20.45384, 44.81661], [20.45424, 44.81667], [20.4544, 44.81662], [20.45453, 44.81677], [20.45504, 44.81712], [20.45508, 44.81702], [20.45518, 44.81709], [20.45564, 44.81674], [20.45633, 44.81663], [20.45654, 44.81667], [20.45677, 44.81683], [20.45718, 44.8166], [20.45779, 44.81698], [20.45816, 44.81664], [20.45841, 44.81654], [20.45869, 44.81618], [20.45904, 44.81596], [20.45964, 44.81599], [20.46006, 44.8161], [20.46058, 44.816], [20.46099, 44.81581], [20.46186, 44.81573], [20.46185, 44.81569], [20.46209, 44.81574], [20.46278, 44.81565], [20.46343, 44.81566], [20.46388, 44.81559], [20.46417, 44.81562], [20.46415, 44.81566], [20.46425, 44.81568], [20.46465, 44.81568], [20.46473, 44.81559], [20.46535, 44.81531], [20.46661, 44.81487], [20.46711, 44.81462], [20.46743, 44.81441], [20.46798, 44.81417], [20.46814, 44.81401], [20.46858, 44.81376], [20.4691, 44.81352], [20.46978, 44.8131], [20.4699, 44.81296], [20.47013, 44.81296], [20.47044, 44.81283], [20.47087, 44.81228], [20.47116, 44.8121], [20.47145, 44.812], [20.47196, 44.81139], [20.4721, 44.81133], [20.47226, 44.81108], [20.47249, 44.81061], [20.474, 44.8093], [20.47393, 44.80918], [20.47397, 44.80924], [20.47412, 44.80915], [20.47463, 44.80844], [20.47489, 44.80831], [20.47519, 44.80793], [20.47543, 44.8078], [20.47549, 44.80764], [20.4757, 44.80758], [20.47596, 44.8074], [20.47624, 44.80709], [20.47624, 44.80698], [20.47585, 44.80666], [20.47582, 44.80648], [20.476, 44.80632], [20.47623, 44.80625], [20.47612, 44.80629], [20.47623, 44.80642], [20.47653, 44.8065], [20.47636, 44.8064], [20.47652, 44.8065], [20.47652, 44.80652], [20.47655, 44.80649], [20.47639, 44.80641], [20.47654, 44.80653], [20.47637, 44.80641], [20.47654, 44.80652], [20.47648, 44.80647], [20.47637, 44.80641], [20.47652, 44.80652], [20.47637, 44.8064], [20.47652, 44.80652], [20.47649, 44.80648], [20.47654, 44.80652], [20.47636, 44.80644], [20.47655, 44.80649], [20.47649, 44.80648], [20.47653, 44.80651], [20.47638, 44.80642], [20.47654, 44.80651], [20.47633, 44.80641], [20.47655, 44.80651], [20.47653, 44.80652], [20.47633, 44.80641], [20.47654, 44.80652], [20.47633, 44.80642], [20.47656, 44.80653], [20.47638, 44.80644], [20.47653, 44.8065], [20.47654, 44.80652], [20.47633, 44.80642], [20.47654, 44.80652], [20.47633, 44.80641], [20.47654, 44.8065], [20.47648, 44.80646], [20.47655, 44.8065], [20.47638, 44.80644], [20.47655, 44.80651], [20.47652, 44.80651], [20.47639, 44.80644], [20.47655, 44.80652], [20.47637, 44.80644], [20.47653, 44.80653], [20.47655, 44.80652], [20.47639, 44.80641], [20.47655, 44.80653], [20.47637, 44.80642], [20.47637, 44.8064], [20.47654, 44.8065], [20.47638, 44.80643], [20.4765, 44.80649], [20.47649, 44.80647], [20.47641, 44.80643], [20.47655, 44.80652], [20.47656, 44.80651], [20.47632, 44.80643], [20.47609, 44.8063], [20.47576, 44.80635], [20.47585, 44.80656], [20.47616, 44.8068], [20.47597, 44.80717], [20.4743, 44.80896], [20.47422, 44.80895], [20.47233, 44.8111], [20.47187, 44.81155], [20.47159, 44.8117], [20.4713, 44.81207], [20.4706, 44.81253], [20.46894, 44.81351], [20.46617, 44.81496], [20.46535, 44.81533], [20.46346, 44.81568], [20.46303, 44.81565], [20.46241, 44.8157], [20.46237, 44.81574], [20.46204, 44.81571], [20.46167, 44.81576], [20.46139, 44.81585], [20.46118, 44.81573], [20.46108, 44.81574], [20.4608, 44.81591], [20.46046, 44.816], [20.46032, 44.81596], [20.45971, 44.81563], [20.45923, 44.81562], [20.45879, 44.81545], [20.45827, 44.81581], [20.45746, 44.81612], [20.45676, 44.81646], [20.45623, 44.81658], [20.45583, 44.81643], [20.45562, 44.81662], [20.45492, 44.81666], [20.45476, 44.81678], [20.45446, 44.81681], [20.45426, 44.8167], [20.45346, 44.81671], [20.45314, 44.81663], [20.45311, 44.81613], [20.45325, 44.81534], [20.4532, 44.81523], [20.45295, 44.81513], [20.45244, 44.81518], [20.45207, 44.81517], [20.45188, 44.81522], [20.44685, 44.81492], [20.44124, 44.81465], [20.44094, 44.81467], [20.44087, 44.81472], [20.4409, 44.8148], [20.4411, 44.81485], [20.4456, 44.81508], [20.44602, 44.81514], [20.44609, 44.81524], [20.44572, 44.81651], [20.44488, 44.81815], [20.44306, 44.82062], [20.44266, 44.82108], [20.4416, 44.82252], [20.44124, 44.8229], [20.44105, 44.82297], [20.44084, 44.82297], [20.44022, 44.82277], [20.44016, 44.82232], [20.43983, 44.82176], [20.43926, 44.82166], [20.43873, 44.8217], [20.43837, 44.82166], [20.43744, 44.82141], [20.43651, 44.82133], [20.43544, 44.82114], [20.43519, 44.82124], [20.43496, 44.82152], [20.43467, 44.82161], [20.43369, 44.82158], [20.43116, 44.82173], [20.42917, 44.82205], [20.42793, 44.82269], [20.42713, 44.82297], [20.42521, 44.8242], [20.42466, 44.82438], [20.42314, 44.82554], [20.42255, 44.82616], [20.42233, 44.82652], [20.42224, 44.82734], [20.42201, 44.82819], [20.42121, 44.82959], [20.42084, 44.83038], [20.41986, 44.83329], [20.41905, 44.83648], [20.419, 44.83677], [20.41911, 44.83737], [20.41777, 44.84212], [20.41704, 44.84367], [20.41622, 44.8451], [20.41536, 44.84615], [20.41524, 44.84619], [20.41502, 44.84615], [20.41448, 44.84691], [20.41305, 44.84683], [20.41052, 44.8465], [20.40999, 44.84653], [20.40899, 44.84645], [20.40864, 44.8466], [20.40806, 44.84672], [20.40769, 44.84686], [20.4054, 44.84822], [20.40265, 44.84923], [20.40209, 44.84932], [20.40165, 44.84886], [20.39982, 44.84656], [20.39982, 44.84627], [20.40107, 44.84577], [20.39976, 44.84397], [20.39864, 44.84275], [20.39795, 44.84299], [20.39777, 44.84281], [20.3976, 44.84273], [20.39701, 44.84286], [20.39683, 44.84275]]}, "properties": {"id": 12367114560, "name": "Blatobran", "sport": "Ride", "date": "2024-09-09", "distance_km": 23.87, "moving_time_s": 6215, "elev_gain_m": 106, "avg_speed_kmh": 13.8, "avg_hr": null}}, {"type": "Feature", "geometry": {"type": "LineString", "coordinates": [[20.39908, 44.84349], [20.39917, 44.84346], [20.39928, 44.8435], [20.39945, 44.84368], [20.39979, 44.84395], [20.40153, 44.84626], [20.40193, 44.84675], [20.40217, 44.84696], [20.40237, 44.84693], [20.40305, 44.84668], [20.40335, 44.84664], [20.4045, 44.84664], [20.40617, 44.84642], [20.40705, 44.84653], [20.40814, 44.84655], [20.40912, 44.84629], [20.4113, 44.84441], [20.41252, 44.84306], [20.41439, 44.84072], [20.4145, 44.84058], [20.41449, 44.84051], [20.41441, 44.84049], [20.41451, 44.84066], [20.41474, 44.8407], [20.41524, 44.84112], [20.41572, 44.8414], [20.41641, 44.84173], [20.41719, 44.84225], [20.41724, 44.84225], [20.41738, 44.84211], [20.41769, 44.84145], [20.418, 44.84049], [20.41813, 44.83982], [20.41877, 44.8378], [20.41901, 44.83696], [20.41913, 44.83625], [20.41944, 44.83509], [20.4196, 44.83421], [20.4201, 44.83248], [20.42085, 44.83031], [20.42145, 44.82907], [20.42199, 44.82816], [20.42222, 44.82738], [20.42235, 44.82643], [20.42263, 44.82602], [20.4232, 44.82546], [20.42382, 44.82495], [20.42466, 44.82439], [20.42518, 44.8242], [20.42641, 44.82342], [20.42722, 44.82294], [20.42775, 44.82276], [20.429, 44.8221], [20.42929, 44.82202], [20.43102, 44.82174], [20.43184, 44.8217], [20.43202, 44.82179], [20.4327, 44.82173], [20.43387, 44.82171], [20.4344, 44.82176], [20.43486, 44.82177], [20.43532, 44.82174], [20.43645, 44.82179], [20.43739, 44.82167], [20.43921, 44.82187], [20.4394, 44.82186], [20.43954, 44.82178], [20.43972, 44.82177], [20.43988, 44.82183], [20.44014, 44.82228], [20.44022, 44.82254], [20.44019, 44.82275], [20.44024, 44.82282], [20.44089, 44.82297], [20.44117, 44.82291], [20.44132, 44.82281], [20.44184, 44.82218], [20.44395, 44.81942], [20.44485, 44.81815], [20.44537, 44.81724], [20.44585, 44.81613], [20.44609, 44.81527], [20.44603, 44.81521], [20.44577, 44.81518], [20.44576, 44.81508], [20.44563, 44.81506], [20.44553, 44.81499], [20.44522, 44.81496], [20.44546, 44.81491], [20.44525, 44.81486], [20.44536, 44.81489], [20.45136, 44.8152], [20.45172, 44.81523], [20.45187, 44.81528], [20.45206, 44.81523], [20.4523, 44.81525], [20.45288, 44.81521], [20.45319, 44.81529], [20.4534, 44.81524], [20.4537, 44.81524], [20.45423, 44.81504], [20.45496, 44.81486], [20.45532, 44.81473], [20.45623, 44.81459], [20.45637, 44.81479], [20.45622, 44.81492], [20.45614, 44.81522], [20.45591, 44.81552], [20.45571, 44.81619], [20.45584, 44.81624], [20.45611, 44.81624], [20.45637, 44.81634], [20.45679, 44.81658], [20.45755, 44.81689], [20.45759, 44.81692], [20.45751, 44.81695], [20.45752, 44.81699], [20.45769, 44.81707], [20.45808, 44.8167], [20.45817, 44.81666], [20.45836, 44.81642], [20.45857, 44.81631], [20.45896, 44.81596], [20.45921, 44.81582], [20.45942, 44.81587], [20.45962, 44.816], [20.4597, 44.81612], [20.46, 44.81617], [20.46043, 44.81608], [20.46093, 44.81581], [20.46227, 44.81568], [20.46379, 44.8156], [20.46447, 44.8155], [20.4657, 44.8152], [20.46632, 44.81482], [20.46715, 44.81441], [20.46723, 44.81431], [20.46844, 44.81375], [20.46934, 44.81327], [20.47024, 44.81266], [20.47049, 44.81253], [20.47092, 44.81224], [20.47095, 44.81217], [20.47142, 44.81188], [20.47217, 44.81122], [20.47294, 44.81032], [20.47407, 44.80907], [20.47494, 44.80825], [20.47547, 44.80766], [20.47578, 44.80753], [20.47623, 44.807], [20.47624, 44.80687], [20.47596, 44.80667], [20.47583, 44.80639], [20.47609, 44.80629], [20.47612, 44.80635], [20.47623, 44.80629], [20.47629, 44.80636], [20.47622, 44.80639], [20.4762, 44.80636], [20.47655, 44.80653], [20.47621, 44.80635], [20.47654, 44.80652], [20.47633, 44.80641], [20.4765, 44.80648], [20.47644, 44.80644], [20.47624, 44.80635], [20.47654, 44.80652], [20.47633, 44.80642], [20.47652, 44.80651], [20.47642, 44.80642], [20.47651, 44.8065], [20.47631, 44.80641], [20.4765, 44.80648], [20.47651, 44.80651], [20.47637, 44.8064], [20.47654, 44.80653], [20.47647, 44.80648], [20.47652, 44.80651], [20.47667, 44.80627], [20.4767, 44.8063], [20.47649, 44.80629], [20.47656, 44.80632], [20.47671, 44.80629], [20.47653, 44.80651], [20.47637, 44.80643], [20.47653, 44.80652], [20.47636, 44.80643], [20.47654, 44.80651], [20.47673, 44.80631], [20.47673, 44.80628], [20.4762, 44.80629], [20.47599, 44.80623], [20.47618, 44.80629], [20.47618, 44.80627], [20.47618, 44.8063], [20.47623, 44.80627], [20.47618, 44.8063], [20.47603, 44.80629], [20.47576, 44.8064], [20.47572, 44.80652], [20.47587, 44.8067], [20.47618, 44.80684], [20.47622, 44.80691], [20.47618, 44.80698], [20.47568, 44.80756], [20.47546, 44.80769], [20.47479, 44.80845], [20.47399, 44.80924], [20.47287, 44.81051], [20.47132, 44.8121], [20.47095, 44.8123], [20.47099, 44.81224], [20.47091, 44.81221], [20.47068, 44.81232], [20.47043, 44.81255], [20.46868, 44.81362], [20.46541, 44.81528], [20.46499, 44.81535], [20.46425, 44.81555], [20.46343, 44.81569], [20.46283, 44.81575], [20.46273, 44.81568], [20.46256, 44.81565], [20.46249, 44.81575], [20.46253, 44.8158], [20.46206, 44.81572], [20.46156, 44.81577], [20.46077, 44.81638], [20.46043, 44.81627], [20.46024, 44.81593], [20.4599, 44.81568], [20.45964, 44.81559], [20.45941, 44.81559], [20.45905, 44.81543], [20.45896, 44.81535], [20.45884, 44.81534], [20.45864, 44.81541], [20.4581, 44.81584], [20.45786, 44.81599], [20.45758, 44.8161], [20.45723, 44.81618], [20.45685, 44.81635], [20.45652, 44.81642], [20.45633, 44.81639], [20.45609, 44.81628], [20.45586, 44.81625], [20.45575, 44.81617], [20.45611, 44.81527], [20.4564, 44.81481], [20.45641, 44.81468], [20.45634, 44.81465], [20.45394, 44.81509], [20.45379, 44.81516], [20.45341, 44.81517], [20.45325, 44.81522], [20.45276, 44.81514], [20.45239, 44.81519], [20.45205, 44.81518], [20.45185, 44.81522], [20.45166, 44.81518], [20.44128, 44.81466], [20.44097, 44.81467], [20.44088, 44.81471], [20.4409, 44.81481], [20.44128, 44.8149], [20.44532, 44.81512], [20.44567, 44.81521], [20.44595, 44.81521], [20.44602, 44.81525], [20.44604, 44.81534], [20.44601, 44.81559], [20.44562, 44.81673], [20.44495, 44.81802], [20.44271, 44.82108], [20.44149, 44.82262], [20.44123, 44.82285], [20.44103, 44.82294], [20.44088, 44.82295], [20.44025, 44.82282], [20.44019, 44.82272], [20.44021, 44.82246], [20.43991, 44.82183], [20.43984, 44.82176], [20.43971, 44.82173], [20.43957, 44.82173], [20.4394, 44.82184], [20.43927, 44.82185], [20.43738, 44.82166], [20.43616, 44.8218], [20.43401, 44.82168], [20.43242, 44.82174], [20.43154, 44.82182], [20.42998, 44.82213], [20.42839, 44.82261], [20.42695, 44.82324], [20.42566, 44.82404], [20.42515, 44.82445], [20.42416, 44.82535], [20.42329, 44.82632], [20.42305, 44.82667], [20.4229, 44.82672], [20.42241, 44.82649], [20.42233, 44.82653], [20.42219, 44.82756], [20.42201, 44.82813], [20.42126, 44.82941], [20.42129, 44.82953], [20.42154, 44.82961], [20.42163, 44.8297], [20.42148, 44.82994], [20.42111, 44.83082], [20.42046, 44.83255], [20.42005, 44.83414], [20.41947, 44.83603], [20.41937, 44.83619], [20.41913, 44.83628], [20.41899, 44.83684], [20.41902, 44.83693], [20.41893, 44.83701], [20.41887, 44.83716], [20.41885, 44.83742], [20.41768, 44.84154], [20.41709, 44.84289], [20.41657, 44.84386], [20.41607, 44.84465], [20.41445, 44.84691], [20.4137, 44.84689], [20.41059, 44.84653], [20.40962, 44.84651], [20.40905, 44.84641], [20.40888, 44.84643], [20.4083, 44.84661], [20.40806, 44.84674], [20.40762, 44.84703], [20.40741, 44.84725], [20.40675, 44.84778], [20.40636, 44.84796], [20.40546, 44.84832], [20.40497, 44.84842], [20.40276, 44.84917], [20.40224, 44.8493], [20.40209, 44.8493], [20.4019, 44.84917], [20.40118, 44.84836], [20.40014, 44.84705], [20.39973, 44.84643], [20.39976, 44.84629], [20.40101, 44.84578], [20.40089, 44.84553], [20.40001, 44.84431], [20.39935, 44.84359], [20.39922, 44.84353], [20.3978, 44.84375], [20.39755, 44.84377], [20.3974, 44.84374], [20.39722, 44.84354], [20.39684, 44.84277]]}, "properties": {"id": 12352367761, "name": "Do faxa i nazad", "sport": "Ride", "date": "2024-09-07", "distance_km": 22.75, "moving_time_s": 4787, "elev_gain_m": 105, "avg_speed_kmh": 17.1, "avg_hr": null}}, {"type": "Feature", "geometry": {"type": "LineString", "coordinates": [[20.39675, 44.84272], [20.39715, 44.84348], [20.39748, 44.84373], [20.39917, 44.84347], [20.39939, 44.84351], [20.4004, 44.84498], [20.40211, 44.84695], [20.40229, 44.84696], [20.40355, 44.84664], [20.40469, 44.84658], [20.4059, 44.84639], [20.40815, 44.84647], [20.40895, 44.84634], [20.41431, 44.84683], [20.41462, 44.84663], [20.41497, 44.84616], [20.41534, 44.84613], [20.41589, 44.84548], [20.41682, 44.84401], [20.41768, 44.84214], [20.41911, 44.83721], [20.419, 44.83669], [20.41992, 44.83294], [20.42096, 44.83003], [20.42204, 44.82803], [20.42236, 44.82638], [20.42265, 44.82592], [20.42305, 44.82553], [20.42467, 44.8243], [20.42519, 44.82418], [20.42718, 44.82294], [20.42911, 44.82202], [20.43045, 44.82175], [20.43162, 44.82163], [20.43372, 44.82153], [20.43476, 44.82157], [20.43517, 44.8212], [20.43549, 44.8211], [20.43746, 44.82138], [20.43841, 44.82162], [20.43927, 44.82162], [20.4398, 44.82171], [20.44019, 44.82239], [20.4402, 44.82277], [20.44075, 44.8229], [20.44123, 44.82285], [20.44378, 44.81961], [20.44352, 44.81946], [20.4435, 44.81936], [20.44394, 44.81863], [20.44442, 44.81823], [20.44461, 44.81795], [20.44551, 44.8156], [20.44553, 44.81528], [20.44522, 44.81501], [20.44532, 44.81476], [20.44545, 44.81479], [20.44522, 44.81484], [20.44538, 44.81488], [20.44536, 44.81481], [20.44525, 44.81483], [20.44527, 44.81489], [20.44554, 44.81483], [20.44985, 44.81504], [20.45185, 44.81521], [20.45264, 44.81516], [20.45366, 44.81521], [20.45442, 44.81485], [20.45599, 44.81448], [20.45627, 44.81475], [20.45613, 44.8153], [20.45592, 44.81544], [20.45578, 44.81618], [20.45545, 44.8167], [20.4556, 44.81687], [20.45576, 44.81697], [20.45649, 44.817], [20.45655, 44.81719], [20.45677, 44.81733], [20.45687, 44.81764], [20.45724, 44.81777], [20.45754, 44.81779], [20.458, 44.81762], [20.45819, 44.81765], [20.4585, 44.81724], [20.45882, 44.81709], [20.45895, 44.81682], [20.4593, 44.81686], [20.45965, 44.8171], [20.45973, 44.81729], [20.45975, 44.81718], [20.46022, 44.81693], [20.46039, 44.81656], [20.46099, 44.81608], [20.46098, 44.81595], [20.46056, 44.81555], [20.46046, 44.81507], [20.46025, 44.81501], [20.46017, 44.81469], [20.46037, 44.81437], [20.4604, 44.81394], [20.46052, 44.81384], [20.46066, 44.81389], [20.4612, 44.81271], [20.46138, 44.81256], [20.46175, 44.81243], [20.46336, 44.81213], [20.46634, 44.81017], [20.46755, 44.8097], [20.46738, 44.80943], [20.46783, 44.80952], [20.46832, 44.80996], [20.46884, 44.80985], [20.46944, 44.80997], [20.47246, 44.80805], [20.47271, 44.80817], [20.47326, 44.80784], [20.47493, 44.80758], [20.47559, 44.80755], [20.47624, 44.80694], [20.47581, 44.80668], [20.47577, 44.8064], [20.476, 44.80613], [20.47616, 44.80637], [20.4763, 44.80624], [20.47625, 44.80632], [20.47624, 44.80625], [20.47637, 44.80643], [20.47652, 44.80653], [20.4765, 44.80652], [20.47652, 44.80652], [20.4764, 44.80644], [20.47653, 44.80652], [20.47638, 44.80644], [20.47652, 44.80652], [20.47644, 44.80646], [20.47654, 44.80653], [20.4764, 44.80645], [20.47653, 44.80653], [20.47636, 44.80639], [20.47653, 44.80651], [20.47637, 44.80639], [20.47653, 44.80653], [20.47636, 44.80642], [20.47646, 44.80649], [20.47647, 44.80648], [20.47653, 44.80652], [20.47635, 44.80641], [20.47653, 44.80652], [20.47639, 44.80641], [20.47653, 44.80653], [20.4764, 44.80644], [20.47652, 44.80652], [20.4764, 44.80641], [20.47652, 44.80652], [20.47653, 44.80652], [20.47639, 44.80643], [20.47651, 44.80651], [20.47644, 44.80646], [20.4765, 44.8065], [20.47646, 44.80649], [20.47653, 44.80652], [20.47639, 44.80643], [20.47648, 44.8065], [20.47642, 44.80646], [20.47639, 44.80641], [20.47641, 44.80643], [20.47636, 44.80642], [20.4765, 44.8065], [20.47635, 44.80642], [20.47636, 44.80642], [20.47653, 44.80653], [20.47626, 44.8063], [20.47603, 44.80639], [20.47624, 44.80637], [20.47611, 44.80623], [20.47595, 44.80628], [20.47577, 44.80639], [20.47623, 44.8069], [20.47564, 44.80755], [20.47654, 44.80799], [20.47701, 44.80833], [20.48027, 44.80957], [20.48046, 44.80977], [20.48007, 44.81043], [20.47964, 44.81069], [20.47928, 44.81109], [20.4797, 44.8115], [20.47976, 44.81143], [20.47964, 44.81133], [20.47982, 44.81136], [20.47974, 44.81129], [20.47985, 44.8113], [20.47967, 44.81122], [20.47995, 44.81142], [20.47972, 44.8112], [20.47957, 44.81123], [20.47945, 44.81116], [20.47966, 44.81126], [20.47961, 44.81119], [20.4797, 44.81136], [20.47959, 44.81133], [20.47971, 44.81136], [20.47954, 44.81133], [20.4793, 44.81146], [20.47864, 44.81215], [20.47828, 44.81261], [20.47796, 44.81325], [20.47752, 44.8149], [20.4777, 44.81508], [20.47757, 44.815], [20.47692, 44.817], [20.47683, 44.81822], [20.47693, 44.81931], [20.47513, 44.8195], [20.4753, 44.82014], [20.47561, 44.82057], [20.476, 44.82157], [20.47569, 44.82182], [20.47266, 44.82258], [20.47233, 44.82286], [20.47219, 44.82331], [20.47203, 44.82345], [20.4717, 44.8234], [20.47024, 44.82251], [20.46998, 44.82246], [20.46343, 44.82765], [20.46257, 44.82802], [20.46252, 44.82815], [20.46267, 44.82833], [20.46356, 44.82806], [20.46291, 44.82826], [20.46252, 44.82849], [20.46264, 44.82858], [20.46276, 44.82855], [20.46292, 44.8287], [20.46293, 44.82899], [20.46342, 44.83004], [20.46268, 44.83005], [20.46179, 44.83026], [20.459, 44.83052], [20.45843, 44.83046], [20.45667, 44.83058], [20.45592, 44.83072], [20.45414, 44.83068], [20.45247, 44.8305], [20.45081, 44.83002], [20.44936, 44.82946], [20.4476, 44.82843], [20.44763, 44.82809], [20.44712, 44.828], [20.44622, 44.82708], [20.44575, 44.82631], [20.44576, 44.82593], [20.44541, 44.82576], [20.44531, 44.82552], [20.4456, 44.82525], [20.44565, 44.82462], [20.4455, 44.82452], [20.44563, 44.82416], [20.44579, 44.82408], [20.44621, 44.82273], [20.4471, 44.82156], [20.44712, 44.82108], [20.44808, 44.81971], [20.44905, 44.8179], [20.44973, 44.81513], [20.44924, 44.81503], [20.44459, 44.81478], [20.4409, 44.81467], [20.44089, 44.8148], [20.44111, 44.81492], [20.44523, 44.81512], [20.4454, 44.81516], [20.44556, 44.81533], [20.44538, 44.81603], [20.44473, 44.81749], [20.44476, 44.81766], [20.44506, 44.81781], [20.44493, 44.81803], [20.44474, 44.81823], [20.44445, 44.81821], [20.44394, 44.81863], [20.44253, 44.82057], [20.44212, 44.82094], [20.44129, 44.8214], [20.44055, 44.82162], [20.43971, 44.82157], [20.43949, 44.82165], [20.43858, 44.82164], [20.43553, 44.82113], [20.4352, 44.82121], [20.43502, 44.82143], [20.43472, 44.82157], [20.43384, 44.82153], [20.4319, 44.82163], [20.43182, 44.8218], [20.43057, 44.82197], [20.4294, 44.82227], [20.42776, 44.82284], [20.42624, 44.82363], [20.42551, 44.82412], [20.42414, 44.82533], [20.42343, 44.82615], [20.42252, 44.82731], [20.42241, 44.82767], [20.42235, 44.82757], [20.42233, 44.82764], [20.42243, 44.82769], [20.42255, 44.82771], [20.42246, 44.82761], [20.42234, 44.82763], [20.42181, 44.8284], [20.4205, 44.83103], [20.41916, 44.83602], [20.41898, 44.83687], [20.41908, 44.83713], [20.419, 44.83768], [20.41752, 44.84259], [20.41634, 44.84482], [20.41566, 44.84583], [20.41536, 44.84611], [20.41506, 44.84613], [20.41449, 44.84692], [20.41334, 44.84798], [20.41301, 44.84799], [20.41268, 44.84778], [20.41241, 44.84774], [20.41206, 44.84808], [20.41126, 44.84846], [20.4105, 44.84907], [20.41029, 44.84909], [20.40932, 44.84859], [20.40953, 44.84818], [20.40948, 44.84791], [20.40948, 44.84817], [20.40934, 44.84832], [20.40944, 44.84835], [20.40921, 44.84853], [20.40804, 44.84752], [20.4068, 44.84814], [20.40612, 44.84957], [20.40369, 44.84951], [20.40338, 44.84904], [20.40348, 44.84867], [20.40113, 44.84589], [20.4012, 44.84581], [20.40104, 44.84575], [20.39946, 44.84357], [20.39922, 44.84349], [20.3976, 44.84377], [20.39736, 44.84365], [20.39684, 44.84285]]}, "properties": {"id": 11925398396, "name": "Dusa i ja i srce puno uspomenica", "sport": "Ride", "date": "2024-07-19", "distance_km": 29.7, "moving_time_s": 11058, "elev_gain_m": 127, "avg_speed_kmh": 9.7, "avg_hr": null}}, {"type": "Feature", "geometry": {"type": "LineString", "coordinates": [[20.39809, 44.84289], [20.39851, 44.84278], [20.39872, 44.84281], [20.39936, 44.84348], [20.40009, 44.84436], [20.40189, 44.84685], [20.40215, 44.84701], [20.40306, 44.84671], [20.40418, 44.8467], [20.40553, 44.8465], [20.40654, 44.84645], [20.40725, 44.84654], [20.40731, 44.84687], [20.40732, 44.84667], [20.40734, 44.84681], [20.40743, 44.84658], [20.4081, 44.84659], [20.40875, 44.84642], [20.40903, 44.84643], [20.40984, 44.84616], [20.41036, 44.8455], [20.41123, 44.84485], [20.41186, 44.84397], [20.41246, 44.84334], [20.41268, 44.84289], [20.41455, 44.8406], [20.41501, 44.83991], [20.41607, 44.83875], [20.41671, 44.83821], [20.4177, 44.83656], [20.41797, 44.83586], [20.41823, 44.83412], [20.41988, 44.82615], [20.4202, 44.82544], [20.42114, 44.82484], [20.42392, 44.82369], [20.42527, 44.82305], [20.42565, 44.82298], [20.42566, 44.82308], [20.42576, 44.8231], [20.42728, 44.82232], [20.43208, 44.82024], [20.43741, 44.81782], [20.43832, 44.8172], [20.43891, 44.81652], [20.43925, 44.81576], [20.43938, 44.81462], [20.44031, 44.81466], [20.44348, 44.81476], [20.4442, 44.81481], [20.44441, 44.81489], [20.44565, 44.81485], [20.45193, 44.81526], [20.45297, 44.81522], [20.45326, 44.81529], [20.4534, 44.81521], [20.45368, 44.81523], [20.45433, 44.81513], [20.45467, 44.815], [20.45526, 44.81502], [20.45589, 44.81465], [20.45605, 44.8146], [20.45624, 44.81466], [20.4563, 44.8146], [20.45636, 44.81462], [20.45606, 44.81528], [20.4558, 44.81549], [20.45593, 44.8156], [20.45627, 44.81565], [20.45668, 44.81558], [20.45683, 44.81563], [20.45725, 44.81553], [20.45796, 44.81506], [20.45814, 44.81484], [20.45846, 44.81476], [20.45884, 44.81457], [20.45891, 44.81439], [20.45913, 44.81425], [20.45956, 44.81434], [20.45959, 44.81496], [20.46016, 44.81502], [20.46036, 44.81547], [20.46051, 44.81551], [20.46091, 44.816], [20.46083, 44.81586], [20.4611, 44.81573], [20.46127, 44.81574], [20.46156, 44.81589], [20.46213, 44.81586], [20.46219, 44.81576], [20.46216, 44.81581], [20.46234, 44.81581], [20.46281, 44.81567], [20.46383, 44.81566], [20.46434, 44.8155], [20.46484, 44.8156], [20.46555, 44.81549], [20.46621, 44.8153], [20.46655, 44.81506], [20.46669, 44.81477], [20.46698, 44.81471], [20.46755, 44.81434], [20.46787, 44.81426], [20.46806, 44.81412], [20.4683, 44.81415], [20.46889, 44.81366], [20.47002, 44.81309], [20.47069, 44.8127], [20.47092, 44.81233], [20.47139, 44.81216], [20.47202, 44.81175], [20.47256, 44.81103], [20.47275, 44.81061], [20.47311, 44.81021], [20.47386, 44.8095], [20.47423, 44.809], [20.47464, 44.8087], [20.47498, 44.80859], [20.4752, 44.80816], [20.47557, 44.80787], [20.47565, 44.80772], [20.47581, 44.80766], [20.47633, 44.80703], [20.47633, 44.80695], [20.4761, 44.80684], [20.47588, 44.8066], [20.47588, 44.80638], [20.47604, 44.8063], [20.47655, 44.80653], [20.47653, 44.80654], [20.47648, 44.80647], [20.47653, 44.80653], [20.47638, 44.8064], [20.47653, 44.80653], [20.47636, 44.80641], [20.47653, 44.80652], [20.47652, 44.80652], [20.47647, 44.80647], [20.47655, 44.80653], [20.47628, 44.80636], [20.47633, 44.80645], [20.47615, 44.80632], [20.4761, 44.80637], [20.47635, 44.80628], [20.47654, 44.80651], [20.47659, 44.80629], [20.47647, 44.80649], [20.47635, 44.80642], [20.47641, 44.80634], [20.47614, 44.80626], [20.47599, 44.80645], [20.47599, 44.8068], [20.47601, 44.8067], [20.47625, 44.80692], [20.47577, 44.80735], [20.47577, 44.80752], [20.4762, 44.80786], [20.47671, 44.80797], [20.4769, 44.80819], [20.47752, 44.80848], [20.47841, 44.80879], [20.4796, 44.80933], [20.48048, 44.80956], [20.48053, 44.80998], [20.47996, 44.81066], [20.47953, 44.81092], [20.47938, 44.81114], [20.4793, 44.81113], [20.47951, 44.81123], [20.4797, 44.81146], [20.47941, 44.81147], [20.4788, 44.81223], [20.47798, 44.81264], [20.4779, 44.8128], [20.47804, 44.81318], [20.47784, 44.8132], [20.47781, 44.81332], [20.47811, 44.81365], [20.47791, 44.81408], [20.47764, 44.81432], [20.47753, 44.81484], [20.47765, 44.81498], [20.47734, 44.81546], [20.47729, 44.81612], [20.47712, 44.8164], [20.47716, 44.81666], [20.47701, 44.81686], [20.47699, 44.81815], [20.4769, 44.81875], [20.47676, 44.81895], [20.47691, 44.81912], [20.47671, 44.81933], [20.47608, 44.81947], [20.47408, 44.81955], [20.47356, 44.81967], [20.47356, 44.8198], [20.47373, 44.81998], [20.47425, 44.82029], [20.47308, 44.82126], [20.47311, 44.82137], [20.4737, 44.82076], [20.47399, 44.82033], [20.47354, 44.82], [20.47345, 44.81972], [20.47323, 44.81969], [20.47261, 44.81973], [20.47225, 44.81985], [20.47139, 44.81985], [20.47037, 44.82002], [20.46993, 44.82005], [20.46981, 44.81999], [20.46951, 44.82008], [20.46898, 44.82039], [20.46848, 44.82081], [20.46742, 44.82175], [20.46635, 44.82244], [20.46618, 44.82219], [20.46582, 44.82205], [20.46554, 44.82166], [20.46521, 44.82157], [20.46475, 44.82119], [20.46438, 44.82112], [20.46379, 44.82152], [20.46249, 44.8221], [20.46177, 44.82243], [20.46145, 44.82267], [20.46109, 44.82276], [20.46083, 44.82301], [20.46018, 44.82332], [20.4599, 44.82356], [20.45826, 44.82441], [20.45792, 44.82452], [20.45686, 44.82528], [20.45518, 44.82613], [20.45373, 44.82697], [20.4533, 44.82729], [20.45239, 44.82776], [20.45171, 44.8278], [20.45104, 44.82774], [20.4473, 44.82678], [20.44693, 44.82707], [20.44672, 44.82709], [20.44639, 44.82703], [20.44608, 44.82691], [20.44582, 44.8264], [20.44582, 44.82604], [20.44534, 44.82568], [20.44532, 44.82549], [20.44562, 44.82526], [20.4456, 44.82456], [20.44552, 44.82453], [20.44621, 44.82267], [20.44705, 44.82162], [20.44694, 44.82136], [20.44727, 44.82074], [20.44794, 44.81981], [20.44881, 44.81824], [20.44924, 44.81788], [20.44948, 44.81714], [20.44951, 44.81615], [20.44974, 44.81556], [20.44973, 44.81515], [20.44976, 44.81522], [20.44967, 44.81522], [20.44975, 44.81518], [20.44978, 44.81523], [20.44977, 44.81515], [20.44966, 44.81506], [20.44098, 44.81468], [20.44092, 44.81484], [20.44121, 44.81493], [20.44546, 44.81516], [20.44603, 44.81525], [20.44607, 44.81531], [20.44558, 44.81695], [20.44474, 44.81844], [20.44258, 44.82136], [20.44126, 44.82286], [20.44089, 44.82294], [20.44019, 44.82279], [20.44018, 44.82239], [20.43979, 44.8218], [20.43929, 44.82172], [20.43856, 44.82171], [20.43723, 44.82141], [20.43659, 44.82138], [20.43562, 44.82118], [20.43523, 44.82124], [20.43499, 44.82151], [20.43468, 44.82162], [20.43378, 44.82157], [20.43045, 44.82182], [20.42918, 44.82208], [20.42802, 44.82267], [20.42726, 44.82296], [20.42694, 44.82323], [20.42566, 44.82392], [20.42526, 44.82422], [20.42471, 44.82441], [20.42392, 44.82498], [20.42318, 44.82559], [20.42263, 44.82614], [20.42242, 44.82649], [20.4221, 44.82808], [20.42132, 44.82943], [20.42137, 44.82955], [20.42161, 44.82966], [20.42162, 44.82979], [20.42092, 44.83144], [20.41951, 44.83601], [20.41941, 44.83621], [20.41912, 44.83625], [20.41921, 44.83724], [20.41789, 44.84191], [20.41733, 44.84326], [20.41638, 44.84492], [20.41545, 44.84616], [20.41504, 44.8462], [20.41453, 44.84688], [20.4134, 44.84686], [20.41044, 44.84651], [20.4097, 44.84654], [20.40901, 44.84644], [20.40854, 44.84654], [20.40811, 44.84659], [20.40755, 44.84662], [20.40656, 44.84642], [20.40611, 44.84641], [20.40426, 44.84667], [20.40324, 44.84666], [20.40255, 44.84699], [20.40216, 44.847], [20.40179, 44.84679], [20.40143, 44.84619], [20.40105, 44.84589], [20.4007, 44.84525], [20.39953, 44.84382], [20.39922, 44.84362], [20.39829, 44.84373], [20.39779, 44.84385], [20.3975, 44.84384], [20.39725, 44.84362], [20.39675, 44.84276]]}, "properties": {"id": 11833405199, "name": "Pajson fax", "sport": "Ride", "date": "2024-07-07", "distance_km": 26.62, "moving_time_s": 9368, "elev_gain_m": 123, "avg_speed_kmh": 10.2, "avg_hr": null}}, {"type": "Feature", "geometry": {"type": "LineString", "coordinates": [[20.39336, 44.84257], [20.38883, 44.84313], [20.38818, 44.84214], [20.38821, 44.84206], [20.38849, 44.84201], [20.38846, 44.84176], [20.38776, 44.84166], [20.38006, 44.8427], [20.3765, 44.84437], [20.37296, 44.84659], [20.37286, 44.84653], [20.37265, 44.84595], [20.37282, 44.8457], [20.3727, 44.84517], [20.37284, 44.84573], [20.37268, 44.84587], [20.37287, 44.84649], [20.37302, 44.84661], [20.37358, 44.84618], [20.37346, 44.84619], [20.37691, 44.84413], [20.3768, 44.84318], [20.377, 44.84304], [20.37844, 44.84282], [20.379, 44.84287], [20.37887, 44.84278], [20.39244, 44.84101], [20.39672, 44.84106], [20.39704, 44.8411], [20.39757, 44.84134], [20.39972, 44.84123], [20.40203, 44.84144], [20.40291, 44.84136], [20.40391, 44.84145], [20.40418, 44.84137], [20.40417, 44.84109], [20.40335, 44.83952], [20.40053, 44.83295], [20.39946, 44.82999], [20.40006, 44.82953], [20.40102, 44.82927], [20.40108, 44.82916], [20.4033, 44.82831], [20.40447, 44.82773], [20.40656, 44.82702], [20.40875, 44.8259], [20.41122, 44.82497], [20.41254, 44.82428], [20.41271, 44.82407], [20.41083, 44.82191], [20.41042, 44.82159], [20.41041, 44.82135], [20.40916, 44.82015], [20.40598, 44.81653], [20.40482, 44.81543], [20.40472, 44.81511], [20.40334, 44.81359], [20.40273, 44.81294], [20.40178, 44.81206], [20.40094, 44.81086], [20.3999, 44.80985], [20.39924, 44.80878], [20.39898, 44.80733], [20.39908, 44.80481], [20.39922, 44.80468], [20.39915, 44.80426], [20.40021, 44.79689], [20.39937, 44.79671], [20.39821, 44.79656], [20.38889, 44.79599], [20.38616, 44.79547], [20.38333, 44.79473], [20.38186, 44.79424], [20.37758, 44.79245], [20.37242, 44.78998], [20.36676, 44.78573], [20.35931, 44.77967], [20.35223, 44.77543], [20.34902, 44.77279], [20.34707, 44.77091], [20.34652, 44.77023], [20.34035, 44.7613], [20.3374, 44.75806], [20.33421, 44.75599], [20.3283, 44.75295], [20.32476, 44.75032], [20.31756, 44.74544], [20.31137, 44.74373], [20.31293, 44.74247], [20.31322, 44.74211], [20.3127, 44.74119], [20.31247, 44.74099], [20.3124, 44.74051], [20.3114, 44.73942], [20.30666, 44.73516], [20.30479, 44.73214], [20.3048, 44.73154], [20.30459, 44.7311], [20.30291, 44.73137], [20.30241, 44.72994], [20.30216, 44.72778], [20.30184, 44.72786], [20.30158, 44.7278], [20.30124, 44.72583], [20.29545, 44.72519], [20.29194, 44.72513], [20.28958, 44.72543], [20.28853, 44.72566], [20.28498, 44.7271], [20.28382, 44.72771], [20.27748, 44.73676], [20.27691, 44.73737], [20.27664, 44.73793], [20.27595, 44.73872], [20.27248, 44.74371], [20.27124, 44.74533], [20.27069, 44.74543], [20.27037, 44.74532], [20.26548, 44.74489], [20.26482, 44.74463], [20.26095, 44.7442], [20.25664, 44.74348], [20.25272, 44.74329], [20.25237, 44.73959], [20.25208, 44.73905], [20.24605, 44.73267], [20.24557, 44.73228], [20.23909, 44.72541], [20.23603, 44.72203], [20.23559, 44.72175], [20.22869, 44.72114], [20.21195, 44.7231], [20.20615, 44.725], [20.20246, 44.72637], [20.20174, 44.72673], [20.19966, 44.72802], [20.19853, 44.72901], [20.1985, 44.72928], [20.19954, 44.73101], [20.19949, 44.73132], [20.18981, 44.73544], [20.18923, 44.73584], [20.18683, 44.7365], [20.18305, 44.73711], [20.17835, 44.73717], [20.17715, 44.73701], [20.17545, 44.7363], [20.17186, 44.73398], [20.16809, 44.7312], [20.1651, 44.72932], [20.16462, 44.72781], [20.16414, 44.72707], [20.16409, 44.72655], [20.16352, 44.72541], [20.16083, 44.72279], [20.16034, 44.72215], [20.16026, 44.72149], [20.1606, 44.71897], [20.15665, 44.71917], [20.15508, 44.71831], [20.15424, 44.71771], [20.15399, 44.71767], [20.14211, 44.71959], [20.13998, 44.71985], [20.13939, 44.71893], [20.13943, 44.7181], [20.1398, 44.71785], [20.14112, 44.71785], [20.14131, 44.71732], [20.14128, 44.7162], [20.14179, 44.71596], [20.14349, 44.71553], [20.14343, 44.71504], [20.14376, 44.71492], [20.14363, 44.71501], [20.14343, 44.71501], [20.14359, 44.71541], [20.14135, 44.71608], [20.14134, 44.71757], [20.14119, 44.71786], [20.14089, 44.71791], [20.13978, 44.71782], [20.13938, 44.71816], [20.1394, 44.71894], [20.14, 44.71986], [20.15422, 44.71758], [20.15494, 44.71819], [20.15667, 44.71916], [20.16067, 44.71892], [20.16037, 44.72198], [20.16105, 44.72287], [20.16359, 44.72537], [20.16476, 44.72803], [20.16518, 44.72932], [20.1683, 44.73125], [20.17197, 44.73395], [20.17543, 44.7362], [20.1772, 44.73695], [20.17848, 44.73713], [20.18298, 44.73707], [20.1867, 44.73647], [20.18925, 44.73578], [20.18981, 44.73537], [20.19097, 44.73485], [20.19941, 44.73131], [20.19945, 44.73092], [20.19851, 44.72943], [20.19845, 44.72903], [20.19939, 44.72813], [20.20176, 44.72662], [20.20758, 44.72442], [20.2118, 44.72308], [20.22901, 44.72109], [20.23555, 44.72173], [20.23587, 44.72187], [20.2364, 44.72239], [20.23878, 44.72491], [20.23904, 44.72531], [20.24269, 44.72897], [20.25225, 44.73918], [20.2524, 44.73958], [20.25272, 44.74329], [20.25654, 44.74341], [20.26166, 44.74429], [20.26491, 44.74465], [20.2653, 44.74482], [20.26577, 44.74482], [20.26582, 44.7449], [20.27083, 44.74534], [20.27116, 44.74531], [20.27202, 44.74427], [20.27269, 44.74318], [20.28283, 44.72902], [20.28413, 44.72741], [20.28517, 44.72692], [20.28888, 44.72553], [20.29184, 44.72511], [20.29594, 44.72521], [20.30123, 44.72589], [20.30137, 44.72611], [20.30159, 44.72781], [20.30196, 44.72789], [20.30358, 44.72778], [20.30384, 44.72794], [20.30426, 44.72995], [20.30472, 44.73109], [20.30482, 44.73219], [20.30653, 44.735], [20.30737, 44.73585], [20.30931, 44.73749], [20.3112, 44.73926], [20.31237, 44.74057], [20.31248, 44.74107], [20.31321, 44.74215], [20.31146, 44.74357], [20.31139, 44.74374], [20.31462, 44.74465], [20.31757, 44.74544], [20.3251, 44.75056], [20.32804, 44.75282], [20.33422, 44.75599], [20.33686, 44.75768], [20.3378, 44.75849], [20.34061, 44.76172], [20.34704, 44.77093], [20.34917, 44.77294], [20.35162, 44.77499], [20.35909, 44.77955], [20.36669, 44.78569], [20.37278, 44.79016], [20.37376, 44.79069], [20.38099, 44.79395], [20.38446, 44.79503], [20.38429, 44.79611], [20.38229, 44.7992], [20.3823, 44.79962], [20.38132, 44.80128], [20.3813, 44.80154], [20.38532, 44.8026], [20.3882, 44.80326], [20.39196, 44.80378], [20.39544, 44.80414], [20.39895, 44.80428], [20.39956, 44.80438], [20.39935, 44.80656], [20.39936, 44.80758], [20.39955, 44.80838], [20.39997, 44.80927], [20.40035, 44.80962], [20.40077, 44.81011], [20.40492, 44.81468], [20.40632, 44.81636], [20.40597, 44.81654], [20.40668, 44.81738], [20.40992, 44.82099], [20.41026, 44.82125], [20.41226, 44.82353], [20.41266, 44.82411], [20.41234, 44.82438], [20.41269, 44.82478], [20.41085, 44.83018], [20.41084, 44.83051], [20.40983, 44.83308], [20.40984, 44.83349], [20.40915, 44.83509], [20.40939, 44.83564], [20.40935, 44.836], [20.40964, 44.83631], [20.40679, 44.83742], [20.40835, 44.83913], [20.4083, 44.83929], [20.40411, 44.84332], [20.40266, 44.84517], [20.40122, 44.84577], [20.401, 44.84573], [20.3999, 44.84413], [20.39936, 44.84359], [20.39783, 44.84377], [20.39744, 44.84375], [20.3968, 44.84272]]}, "properties": {"id": 11658811421, "name": "Tarzan plaza", "sport": "Ride", "date": "2024-06-15", "distance_km": 79.76, "moving_time_s": 18520, "elev_gain_m": 82, "avg_speed_kmh": 15.5, "avg_hr": null}}, {"type": "Feature", "geometry": {"type": "LineString", "coordinates": [[20.4134, 44.8457], [20.41343, 44.84564], [20.41422, 44.84571], [20.41507, 44.84613], [20.4153, 44.84617], [20.41541, 44.84611], [20.4168, 44.84406], [20.41758, 44.84237], [20.41791, 44.84189], [20.41829, 44.84062], [20.4182, 44.84036], [20.41908, 44.83724], [20.41895, 44.83685], [20.41946, 44.83456], [20.42051, 44.8311], [20.42124, 44.82943], [20.4212, 44.82924], [20.42135, 44.82878], [20.42096, 44.82863], [20.42084, 44.82863], [20.4208, 44.82866], [20.42098, 44.82865], [20.42134, 44.82879], [20.42161, 44.82876], [20.42168, 44.82869], [20.42202, 44.82808], [20.42214, 44.82766], [20.42229, 44.82652], [20.42282, 44.82579], [20.42327, 44.82537], [20.42464, 44.82436], [20.42512, 44.82422], [20.42711, 44.82296], [20.42769, 44.82275], [20.42886, 44.82216], [20.42947, 44.82225], [20.43135, 44.82182], [20.43271, 44.82169], [20.43513, 44.82168], [20.43638, 44.82177], [20.43744, 44.82163], [20.43937, 44.82184], [20.43976, 44.82173], [20.43991, 44.82183], [20.44016, 44.82228], [20.44027, 44.8228], [20.44091, 44.82295], [20.44123, 44.82286], [20.44402, 44.81932], [20.44496, 44.81798], [20.44533, 44.81732], [20.44607, 44.81526], [20.446, 44.81519], [20.44571, 44.8152], [20.44516, 44.81508], [20.44524, 44.81493], [20.44536, 44.81489], [20.44553, 44.81493], [20.44522, 44.81488], [20.44944, 44.81505], [20.44968, 44.81507], [20.44969, 44.81512], [20.44974, 44.81502], [20.44974, 44.81521], [20.44983, 44.81521], [20.44992, 44.81404], [20.44982, 44.81288], [20.44942, 44.81078], [20.44896, 44.80984], [20.44867, 44.80861], [20.44854, 44.80855], [20.44807, 44.80784], [20.44791, 44.80772], [20.44739, 44.80694], [20.44722, 44.8065], [20.44683, 44.80624], [20.4463, 44.80603], [20.44598, 44.80577], [20.44593, 44.80512], [20.44583, 44.8048], [20.44548, 44.80434], [20.44381, 44.80271], [20.44262, 44.80179], [20.44232, 44.80144], [20.44155, 44.80117], [20.4399, 44.80019], [20.4391, 44.79956], [20.43844, 44.7992], [20.43726, 44.79866], [20.43578, 44.79785], [20.43454, 44.79731], [20.43394, 44.79697], [20.43328, 44.7967], [20.43051, 44.79534], [20.42887, 44.79429], [20.42872, 44.79407], [20.42847, 44.7939], [20.42719, 44.79319], [20.4263, 44.79238], [20.42586, 44.79204], [20.42472, 44.79146], [20.42409, 44.79137], [20.4217, 44.78965], [20.42026, 44.78895], [20.41984, 44.78881], [20.4191, 44.78883], [20.41779, 44.78842], [20.41653, 44.78877], [20.41636, 44.789], [20.41619, 44.78966], [20.41544, 44.78961], [20.41455, 44.78972], [20.41415, 44.7897], [20.41343, 44.79015], [20.41342, 44.79024], [20.41308, 44.79029], [20.41281, 44.79029], [20.41272, 44.79032], [20.41274, 44.79043], [20.41264, 44.79045], [20.41133, 44.79036], [20.41098, 44.7904], [20.40939, 44.79012], [20.40845, 44.79006], [20.4072, 44.78977], [20.40621, 44.78964], [20.40568, 44.78945], [20.40538, 44.78911], [20.40407, 44.78883], [20.40349, 44.78903], [20.40331, 44.78904], [20.40259, 44.7888], [20.40231, 44.78865], [20.40187, 44.78867], [20.40132, 44.78852], [20.39928, 44.78842], [20.39856, 44.78846], [20.39749, 44.78834], [20.39578, 44.78826], [20.39357, 44.78791], [20.39097, 44.7873], [20.38887, 44.7865], [20.38739, 44.78583], [20.38484, 44.78437], [20.38302, 44.78337], [20.38141, 44.78264], [20.3797, 44.78202], [20.3787, 44.78178], [20.37744, 44.78157], [20.37673, 44.78136], [20.37565, 44.78091], [20.37531, 44.7807], [20.37436, 44.77997], [20.37375, 44.77934], [20.37298, 44.77881], [20.37284, 44.77859], [20.37238, 44.77829], [20.37232, 44.77817], [20.37257, 44.77782], [20.37408, 44.77641], [20.37436, 44.77621], [20.37456, 44.77617], [20.37504, 44.77625], [20.37548, 44.77646], [20.37587, 44.77644], [20.37627, 44.77658], [20.37703, 44.77698], [20.37758, 44.77746], [20.37835, 44.77786], [20.37857, 44.77806], [20.37872, 44.7781], [20.37868, 44.77806], [20.37876, 44.77804], [20.37872, 44.7781], [20.37882, 44.77817], [20.38049, 44.77879], [20.38191, 44.77951], [20.38272, 44.77951], [20.38324, 44.77964], [20.38362, 44.77996], [20.38413, 44.78022], [20.38426, 44.78038], [20.38551, 44.78076], [20.38793, 44.78176], [20.38967, 44.7821], [20.3906, 44.78235], [20.39326, 44.78316], [20.39457, 44.78335], [20.39524, 44.78358], [20.3957, 44.78364], [20.39671, 44.78403], [20.39859, 44.78446], [20.39972, 44.78479], [20.40289, 44.7851], [20.40413, 44.78514], [20.40556, 44.78551], [20.406, 44.78573], [20.4064, 44.78574], [20.40686, 44.78586], [20.40751, 44.78631], [20.40855, 44.78657], [20.41031, 44.78673], [20.41102, 44.78669], [20.41128, 44.78688], [20.41355, 44.78715], [20.4147, 44.78742], [20.41552, 44.78782], [20.4156, 44.78848], [20.41546, 44.78876], [20.41527, 44.78892], [20.41446, 44.78928], [20.41444, 44.78948], [20.41419, 44.78965], [20.41425, 44.7897], [20.41466, 44.78971], [20.41549, 44.78958], [20.41602, 44.78961], [20.41621, 44.78967], [20.41638, 44.78896], [20.41655, 44.78875], [20.41773, 44.7884], [20.41805, 44.78843], [20.41911, 44.78877], [20.41992, 44.7888], [20.42049, 44.789], [20.42176, 44.78964], [20.42309, 44.79052], [20.42375, 44.79109], [20.42431, 44.79146], [20.42472, 44.79149], [20.42596, 44.79216], [20.42638, 44.79247], [20.42689, 44.793], [20.42873, 44.79406], [20.42897, 44.79432], [20.43036, 44.79524], [20.43378, 44.79685], [20.43461, 44.79732], [20.43571, 44.7978], [20.43686, 44.79843], [20.43859, 44.79925], [20.43908, 44.79951], [20.44033, 44.80043], [20.44162, 44.80122], [20.44207, 44.80133], [20.44232, 44.80146], [20.44338, 44.80229], [20.44574, 44.80459], [20.44595, 44.80497], [20.446, 44.80566], [20.44632, 44.80598], [20.44687, 44.80619], [20.44726, 44.80649], [20.4473, 44.80674], [20.44823, 44.80815], [20.44857, 44.80857], [20.44883, 44.80875], [20.44919, 44.8096], [20.4495, 44.811], [20.44993, 44.81344], [20.44994, 44.81452], [20.44981, 44.81519], [20.44969, 44.81524], [20.4497, 44.8151], [20.44903, 44.81503], [20.44185, 44.81468], [20.44121, 44.81465], [20.44086, 44.81471], [20.44092, 44.81486], [20.44108, 44.81494], [20.44538, 44.81512], [20.44602, 44.81524], [20.44612, 44.81535], [20.4461, 44.81549], [20.4462, 44.81399], [20.44602, 44.81247], [20.44572, 44.81146], [20.44605, 44.81265], [20.44622, 44.81431], [20.446, 44.8157], [20.44563, 44.81672], [20.4453, 44.81744], [20.44449, 44.81875], [20.44269, 44.82117], [20.4423, 44.82155], [20.44122, 44.82292], [20.44083, 44.82298], [20.44014, 44.82276], [20.44023, 44.82251], [20.43987, 44.8218], [20.43929, 44.82165], [20.4384, 44.82167], [20.43806, 44.82173], [20.43718, 44.82167], [20.43632, 44.8218], [20.43548, 44.82179], [20.43528, 44.82173], [20.43334, 44.8217], [20.43133, 44.82186], [20.42971, 44.8222], [20.42914, 44.822], [20.42798, 44.82265], [20.42714, 44.82295], [20.42511, 44.82424], [20.42468, 44.82434], [20.42361, 44.82513], [20.42277, 44.82586], [20.42235, 44.82645], [20.42201, 44.82813], [20.42127, 44.82939], [20.42131, 44.82952], [20.42156, 44.82961], [20.42163, 44.82972], [20.42118, 44.83053], [20.42078, 44.83165], [20.41947, 44.83606], [20.41937, 44.8362], [20.41914, 44.83625], [20.41904, 44.83642], [20.419, 44.83689], [20.41914, 44.83725], [20.41864, 44.83907], [20.41773, 44.84214], [20.41747, 44.84257], [20.41694, 44.84399], [20.4168, 44.84404], [20.41658, 44.84398], [20.41646, 44.84403], [20.41598, 44.84468], [20.41567, 44.84523], [20.41446, 44.84691], [20.41432, 44.84695], [20.41411, 44.84689], [20.4125, 44.84675], [20.41058, 44.84651], [20.40969, 44.84652], [20.40904, 44.8464], [20.40877, 44.84643], [20.4077, 44.8468], [20.40502, 44.84835], [20.4029, 44.84909], [20.40217, 44.84931], [20.40204, 44.8493], [20.4012, 44.84838], [20.40052, 44.84742], [20.39965, 44.84641], [20.39953, 44.84641], [20.39682, 44.84737], [20.39655, 44.84741], [20.3965, 44.84736], [20.39614, 44.84666], [20.39537, 44.84551], [20.39472, 44.8442], [20.39495, 44.84412], [20.39695, 44.84387], [20.39727, 44.84375], [20.39739, 44.84348], [20.39713, 44.84327], [20.39682, 44.8427]]}, "properties": {"id": 11545657903, "name": "Ada subota jutarnja", "sport": "Ride", "date": "2024-06-01", "distance_km": 33.17, "moving_time_s": 6451, "elev_gain_m": 100, "avg_speed_kmh": 18.5, "avg_hr": null}}, {"type": "Feature", "geometry": {"type": "LineString", "coordinates": [[20.3996, 44.82434], [20.3998, 44.82435], [20.40005, 44.82416], [20.40019, 44.82413], [20.40082, 44.82379], [20.40097, 44.82378], [20.40112, 44.82357], [20.40121, 44.82352], [20.40106, 44.82378], [20.40116, 44.82395], [20.40099, 44.82431], [20.40109, 44.82459], [20.40168, 44.82515], [20.40181, 44.82518], [20.40194, 44.82544], [20.40277, 44.82625], [20.40302, 44.82659], [20.40328, 44.82673], [20.4035, 44.82702], [20.4035, 44.82712], [20.40361, 44.82728], [20.40409, 44.82776], [20.40419, 44.82779], [20.40448, 44.82774], [20.40554, 44.82726], [20.40689, 44.82669], [20.40729, 44.82656], [20.40833, 44.82612], [20.40844, 44.82618], [20.40862, 44.82637], [20.40862, 44.82653], [20.40827, 44.82815], [20.40827, 44.82843], [20.40809, 44.82903], [20.40804, 44.82955], [20.40794, 44.82992], [20.40785, 44.83001], [20.40788, 44.83002], [20.40791, 44.83005], [20.40784, 44.83026], [20.40788, 44.83033], [20.40855, 44.83038], [20.40954, 44.83042], [20.41067, 44.83056], [20.41102, 44.83054], [20.4112, 44.83057], [20.41134, 44.83065], [20.41151, 44.83067], [20.41159, 44.83074], [20.4119, 44.83071], [20.41264, 44.83075], [20.41286, 44.83081], [20.41334, 44.83083], [20.41434, 44.831], [20.41782, 44.83128], [20.41856, 44.8314], [20.41868, 44.83134], [20.41883, 44.8314], [20.41929, 44.83141], [20.41999, 44.83153], [20.42035, 44.83154], [20.42042, 44.83149], [20.4211, 44.82958], [20.42202, 44.82805], [20.42223, 44.82719], [20.42232, 44.82643], [20.42269, 44.82586], [20.42321, 44.82536], [20.42384, 44.82489], [20.42438, 44.82457], [20.42464, 44.82435], [20.42502, 44.82428], [20.42515, 44.82422], [20.4255, 44.82396], [20.42595, 44.82371], [20.42681, 44.82315], [20.42715, 44.8229], [20.42767, 44.82275], [20.42805, 44.82259], [20.42908, 44.82199], [20.4294, 44.82199], [20.42967, 44.82219], [20.431, 44.82188], [20.43104, 44.82183], [20.43122, 44.82188], [20.43147, 44.82178], [20.43194, 44.82171], [20.43307, 44.82163], [20.43434, 44.82169], [20.43524, 44.82169], [20.43574, 44.82176], [20.43592, 44.82174], [20.43649, 44.82179], [20.43706, 44.82163], [20.43726, 44.82164], [20.43865, 44.82176], [20.43879, 44.82184], [20.43927, 44.82186], [20.43938, 44.82183], [20.43955, 44.82171], [20.43966, 44.82169], [20.43986, 44.82175], [20.44006, 44.82202], [20.44023, 44.8225], [20.4402, 44.82272], [20.44026, 44.82278], [20.4409, 44.82294], [20.44111, 44.82292], [20.44131, 44.82282], [20.44167, 44.82233], [20.44166, 44.82218], [20.44186, 44.82205], [20.44207, 44.82184], [20.44222, 44.82159], [20.44233, 44.82152], [20.44244, 44.82137], [20.44255, 44.82116], [20.4427, 44.82104], [20.44327, 44.82039], [20.44374, 44.81967], [20.44405, 44.8193], [20.44424, 44.81894], [20.44442, 44.8188], [20.44456, 44.81863], [20.44464, 44.81842], [20.44491, 44.81805], [20.44498, 44.8178], [20.4453, 44.81729], [20.44564, 44.81662], [20.44589, 44.81596], [20.44609, 44.81514], [20.44615, 44.81503], [20.44606, 44.8146], [20.44614, 44.81406], [20.4461, 44.81387], [20.44614, 44.81342], [20.44604, 44.813], [20.44606, 44.81252], [20.446, 44.81247], [20.44587, 44.81208], [20.44574, 44.81147], [20.44594, 44.81133], [20.44589, 44.81114], [20.44594, 44.81102], [20.44574, 44.81052], [20.446, 44.81097], [20.44603, 44.81113], [20.44618, 44.81112], [20.44617, 44.81109], [20.44624, 44.81112], [20.44602, 44.81114], [20.44599, 44.81109], [20.44623, 44.81109], [20.44629, 44.81111], [20.44617, 44.81113], [20.44634, 44.8111], [20.44625, 44.81112], [20.44638, 44.81111], [20.4463, 44.8111], [20.44636, 44.8111], [20.44635, 44.81113], [20.44642, 44.8111], [20.44636, 44.81109], [20.44652, 44.81108], [20.44635, 44.81112], [20.44626, 44.8111], [20.44641, 44.81109], [20.44629, 44.81109], [20.4462, 44.81112], [20.4463, 44.81111], [20.44622, 44.81111], [20.44613, 44.81115], [20.44585, 44.81115], [20.44602, 44.81113], [20.44602, 44.8112], [20.44603, 44.81112], [20.44596, 44.81113], [20.44601, 44.81115], [20.44595, 44.81114], [20.44589, 44.81119], [20.44594, 44.81116], [20.44603, 44.81116], [20.44599, 44.81116], [20.44604, 44.81113], [20.44598, 44.81111], [20.44609, 44.81106], [20.44604, 44.81108], [20.44608, 44.81109], [20.44598, 44.81108], [20.44596, 44.81115], [20.44602, 44.81116], [20.44616, 44.81145], [20.44642, 44.81219], [20.4466, 44.81327], [20.44663, 44.81401], [20.44661, 44.81461], [20.44646, 44.81514], [20.44639, 44.81566], [20.44595, 44.81689], [20.44567, 44.81752], [20.44509, 44.81855], [20.44483, 44.81893], [20.44395, 44.82005], [20.44371, 44.82042], [20.44347, 44.82066], [20.44317, 44.82113], [20.44268, 44.82171], [20.44222, 44.82172], [20.44231, 44.82174], [20.4422, 44.82171], [20.44223, 44.82176], [20.44223, 44.82169], [20.44216, 44.82173], [20.44178, 44.8223], [20.44126, 44.82288], [20.44112, 44.82294], [20.44089, 44.82297], [20.44018, 44.82278], [20.44022, 44.82249], [20.43989, 44.82178], [20.43931, 44.82161], [20.43872, 44.82167], [20.43837, 44.82166], [20.43801, 44.82171], [20.43723, 44.82165], [20.4365, 44.82178], [20.436, 44.82175], [20.43555, 44.82176], [20.4353, 44.82172], [20.43478, 44.82174], [20.43382, 44.82168], [20.43319, 44.82168], [20.4318, 44.82183], [20.43154, 44.82183], [20.43134, 44.82188], [20.43067, 44.82196], [20.42939, 44.82227], [20.42898, 44.82242], [20.42855, 44.82252], [20.42802, 44.82272], [20.4274, 44.823], [20.42663, 44.82343], [20.4263, 44.82365], [20.42596, 44.8238], [20.42558, 44.82403], [20.42542, 44.82418], [20.4252, 44.82433], [20.42515, 44.82434], [20.425, 44.82424], [20.4247, 44.82433], [20.42449, 44.82452], [20.42385, 44.82495], [20.42332, 44.82536], [20.42263, 44.82601], [20.42233, 44.82647], [20.4222, 44.8274], [20.42195, 44.82829], [20.42175, 44.82859], [20.42161, 44.82871], [20.42155, 44.82909], [20.42131, 44.82938], [20.42133, 44.82952], [20.42157, 44.82959], [20.42162, 44.82973], [20.42138, 44.83014], [20.42106, 44.83098], [20.42094, 44.83115], [20.42094, 44.83131], [20.42064, 44.83222], [20.42045, 44.83261], [20.4203, 44.8332], [20.42024, 44.83324], [20.42023, 44.83348], [20.42, 44.83438], [20.4198, 44.83489], [20.4197, 44.83534], [20.41954, 44.83567], [20.41946, 44.83606], [20.41939, 44.83619], [20.41927, 44.83625], [20.41914, 44.83623], [20.41907, 44.83633], [20.41898, 44.83676], [20.41901, 44.83696], [20.41892, 44.83697], [20.41882, 44.83764], [20.41851, 44.83854], [20.41835, 44.8388], [20.41772, 44.83871], [20.41681, 44.83864], [20.4167, 44.83866], [20.4166, 44.83884], [20.41611, 44.83937], [20.41606, 44.83951], [20.41599, 44.83958], [20.41587, 44.83961], [20.41549, 44.84009], [20.41542, 44.8403], [20.4155, 44.84054], [20.4158, 44.8408], [20.41628, 44.8411], [20.41628, 44.84115], [20.41603, 44.8414], [20.41566, 44.84161], [20.41456, 44.84251], [20.41426, 44.84262], [20.41393, 44.84371], [20.41383, 44.84399], [20.41353, 44.84435], [20.41315, 44.84494], [20.41317, 44.84504], [20.41323, 44.84509], [20.41299, 44.845], [20.41303, 44.84504], [20.41297, 44.84515], [20.41317, 44.84531], [20.41319, 44.8455], [20.41306, 44.8457], [20.41327, 44.84616], [20.41287, 44.84679], [20.41284, 44.84678], [20.41286, 44.84677], [20.41295, 44.8468], [20.41294, 44.84674], [20.41287, 44.84674], [20.41285, 44.84684], [20.41287, 44.84673], [20.41281, 44.84686], [20.41288, 44.84679], [20.41292, 44.84679], [20.41039, 44.84649], [20.40961, 44.8465], [20.40902, 44.84641], [20.4086, 44.84648], [20.40822, 44.84661], [20.40805, 44.84662], [20.4076, 44.84653], [20.40746, 44.84655], [20.40709, 44.84652], [20.40696, 44.84642], [20.40659, 44.84639], [20.4062, 44.84638], [20.40508, 44.84653], [20.40384, 44.84662], [20.40384, 44.84658], [20.40392, 44.84653], [20.40378, 44.84661], [20.40385, 44.84666], [20.40363, 44.84665], [20.40351, 44.84657], [20.40327, 44.84662], [20.40311, 44.84661], [20.40295, 44.84664], [20.40283, 44.84673], [20.40281, 44.84668], [20.40273, 44.8467], [20.40219, 44.84691], [20.40214, 44.84681], [20.4018, 44.84653], [20.40156, 44.84625], [20.40112, 44.84586], [20.40097, 44.84558], [20.40053, 44.84501], [20.40043, 44.8448], [20.39986, 44.84406], [20.39938, 44.84355], [20.39919, 44.84351], [20.39874, 44.84361], [20.3978, 44.84374], [20.39743, 44.84369], [20.39727, 44.84356], [20.39686, 44.84273]]}, "properties": {"id": 11440227067, "name": "Tina i ja", "sport": "Ride", "date": "2024-05-18", "distance_km": 16.45, "moving_time_s": 6833, "elev_gain_m": 55, "avg_speed_kmh": 8.7, "avg_hr": null}}, {"type": "Feature", "geometry": {"type": "LineString", "coordinates": [[20.39688, 44.84269], [20.39713, 44.84333], [20.39757, 44.84369], [20.39876, 44.8436], [20.39921, 44.84346], [20.39956, 44.84367], [20.40112, 44.84579], [20.4022, 44.84698], [20.40337, 44.84662], [20.40396, 44.84668], [20.40603, 44.84642], [20.40803, 44.84656], [20.40902, 44.84635], [20.41086, 44.84651], [20.4134, 44.84685], [20.41421, 44.84688], [20.4145, 44.8468], [20.41512, 44.84594], [20.41556, 44.84545], [20.41628, 44.84434], [20.41652, 44.84385], [20.41683, 44.84358], [20.41757, 44.84177], [20.41807, 44.84031], [20.41821, 44.83944], [20.41874, 44.83777], [20.41878, 44.83723], [20.41885, 44.83729], [20.41903, 44.837], [20.41914, 44.83636], [20.41947, 44.8361], [20.4208, 44.83165], [20.42157, 44.82988], [20.42162, 44.82962], [20.42125, 44.8295], [20.42125, 44.82943], [20.4215, 44.82885], [20.42206, 44.82801], [20.42232, 44.82651], [20.42256, 44.82606], [20.42363, 44.82509], [20.4247, 44.82435], [20.42525, 44.82417], [20.42721, 44.82293], [20.42769, 44.8228], [20.42881, 44.82219], [20.42935, 44.82199], [20.42951, 44.82198], [20.4297, 44.82213], [20.43122, 44.82185], [20.4326, 44.82173], [20.43488, 44.82169], [20.43646, 44.82176], [20.43728, 44.82163], [20.43822, 44.82172], [20.43935, 44.82166], [20.43987, 44.82178], [20.44017, 44.82234], [20.44021, 44.82279], [20.44083, 44.82295], [20.44122, 44.82291], [20.44278, 44.8211], [20.44428, 44.81907], [20.44542, 44.81716], [20.44615, 44.81531], [20.44605, 44.81521], [20.44579, 44.81524], [20.44521, 44.81506], [20.44521, 44.81493], [20.44558, 44.81492], [20.44523, 44.81486], [20.4497, 44.81506], [20.4497, 44.81513], [20.44989, 44.81515], [20.44979, 44.8152], [20.44987, 44.81522], [20.44995, 44.8136], [20.44953, 44.81091], [20.44892, 44.80962], [20.44875, 44.80862], [20.44834, 44.80814], [20.44822, 44.80786], [20.44788, 44.80757], [20.44787, 44.8074], [20.4474, 44.8068], [20.44732, 44.8065], [20.44703, 44.8064], [20.44618, 44.80595], [20.44594, 44.8055], [20.44604, 44.8051], [20.44595, 44.80478], [20.44373, 44.80255], [20.44311, 44.80202], [20.44268, 44.80177], [20.44242, 44.80146], [20.44159, 44.80116], [20.43992, 44.80018], [20.43903, 44.79947], [20.43818, 44.79914], [20.43564, 44.79779], [20.43433, 44.79724], [20.43375, 44.79686], [20.43205, 44.796], [20.43066, 44.79543], [20.42901, 44.79436], [20.42815, 44.79368], [20.42667, 44.79278], [20.42633, 44.79229], [20.42464, 44.79146], [20.42434, 44.79144], [20.42397, 44.79128], [20.42186, 44.78973], [20.42042, 44.78898], [20.4198, 44.78879], [20.4191, 44.78879], [20.41795, 44.78842], [20.41769, 44.7884], [20.4165, 44.78871], [20.41632, 44.78903], [20.41624, 44.78967], [20.41587, 44.7896], [20.41411, 44.7897], [20.41382, 44.78994], [20.41323, 44.79023], [20.41284, 44.79031], [20.41269, 44.79046], [20.41132, 44.79036], [20.4109, 44.7904], [20.40946, 44.79011], [20.40845, 44.7901], [20.40721, 44.78977], [20.40595, 44.78957], [20.40566, 44.78944], [20.40533, 44.78912], [20.40412, 44.78882], [20.40331, 44.78904], [20.40252, 44.78881], [20.40232, 44.78867], [20.40126, 44.78852], [20.40014, 44.78843], [20.39852, 44.78845], [20.39795, 44.78833], [20.39724, 44.78833], [20.39621, 44.78821], [20.39588, 44.78824], [20.39382, 44.78795], [20.39095, 44.78727], [20.38812, 44.7862], [20.3868, 44.78553], [20.38612, 44.78502], [20.38533, 44.78466], [20.383, 44.78334], [20.38184, 44.78282], [20.37941, 44.78191], [20.37736, 44.78155], [20.37666, 44.78136], [20.3756, 44.78087], [20.37479, 44.78032], [20.37415, 44.77982], [20.37384, 44.77942], [20.37241, 44.77824], [20.3725, 44.77798], [20.37301, 44.77744], [20.37316, 44.77736], [20.37324, 44.77742], [20.3731, 44.7774], [20.37311, 44.77731], [20.37405, 44.7764], [20.37452, 44.7762], [20.37497, 44.77626], [20.37553, 44.77647], [20.37584, 44.77646], [20.37623, 44.77656], [20.37689, 44.77691], [20.37849, 44.77795], [20.38184, 44.77948], [20.38306, 44.77966], [20.38424, 44.78036], [20.3881, 44.78183], [20.38997, 44.78221], [20.39287, 44.78306], [20.39439, 44.78331], [20.39537, 44.78355], [20.39647, 44.78396], [20.39966, 44.78478], [20.4009, 44.78493], [20.40395, 44.78515], [20.4056, 44.78551], [20.40597, 44.78572], [20.40691, 44.7859], [20.40721, 44.7862], [20.40763, 44.78642], [20.40895, 44.78666], [20.40978, 44.78672], [20.41094, 44.78668], [20.41119, 44.78687], [20.41362, 44.78715], [20.41468, 44.78742], [20.41549, 44.78781], [20.41558, 44.78844], [20.41523, 44.78894], [20.41444, 44.7893], [20.41445, 44.78948], [20.41418, 44.78966], [20.41422, 44.78971], [20.41462, 44.78973], [20.41556, 44.78961], [20.41618, 44.78968], [20.41633, 44.78896], [20.41647, 44.78882], [20.4167, 44.78868], [20.41774, 44.78842], [20.41907, 44.78881], [20.41978, 44.7888], [20.42118, 44.78938], [20.42289, 44.79043], [20.42421, 44.79141], [20.42469, 44.79153], [20.42613, 44.79225], [20.42663, 44.79276], [20.42728, 44.79302], [20.42797, 44.79359], [20.42872, 44.79404], [20.42891, 44.79427], [20.43026, 44.79517], [20.43213, 44.79616], [20.43393, 44.79695], [20.43518, 44.79764], [20.43719, 44.79865], [20.43905, 44.79949], [20.4399, 44.80018], [20.44169, 44.80124], [20.44229, 44.80145], [20.4427, 44.8019], [20.44359, 44.80249], [20.44507, 44.80384], [20.44567, 44.8045], [20.44593, 44.80494], [20.44605, 44.80573], [20.44627, 44.80594], [20.44687, 44.80623], [20.44719, 44.80646], [20.44828, 44.80831], [20.44884, 44.80877], [20.44928, 44.80969], [20.44953, 44.81096], [20.44994, 44.81352], [20.44995, 44.81449], [20.44981, 44.81482], [20.44994, 44.81508], [20.45073, 44.81523], [20.45098, 44.81504], [20.45085, 44.81491], [20.45145, 44.81518], [20.44566, 44.81483], [20.44536, 44.81486], [20.44543, 44.81502], [20.44521, 44.81484], [20.44524, 44.81512], [20.44601, 44.81527], [20.44603, 44.81577], [20.44565, 44.81688], [20.44488, 44.81825], [20.44375, 44.81985], [20.44167, 44.82247], [20.44139, 44.82278], [20.44117, 44.8229], [20.44099, 44.82295], [20.44028, 44.82279], [20.43987, 44.82179], [20.43939, 44.82165], [20.43895, 44.8217], [20.43854, 44.82162], [20.43829, 44.8217], [20.43722, 44.82163], [20.43625, 44.82177], [20.43565, 44.82177], [20.43313, 44.82165], [20.43153, 44.8218], [20.43151, 44.82191], [20.43064, 44.822], [20.42919, 44.82235], [20.42821, 44.82266], [20.4268, 44.82334], [20.42637, 44.82341], [20.42531, 44.82412], [20.42478, 44.82429], [20.42303, 44.82555], [20.42239, 44.82643], [20.42205, 44.82813], [20.42133, 44.82947], [20.42161, 44.82964], [20.42163, 44.82974], [20.42119, 44.83062], [20.42055, 44.83243], [20.4195, 44.83611], [20.41918, 44.83623], [20.41913, 44.83633], [20.41908, 44.83683], [20.41919, 44.83711], [20.41774, 44.84219], [20.41712, 44.8436], [20.41612, 44.84527], [20.4154, 44.84611], [20.41507, 44.84612], [20.41451, 44.84686], [20.41421, 44.84693], [20.41103, 44.84652], [20.41087, 44.84664], [20.41071, 44.84664], [20.41021, 44.8465], [20.40974, 44.84651], [20.40902, 44.84637], [20.40793, 44.84658], [20.40774, 44.8465], [20.407, 44.84652], [20.40587, 44.84637], [20.40549, 44.84648], [20.40518, 44.84654], [20.40449, 44.84653], [20.40364, 44.84671], [20.40304, 44.84668], [20.40281, 44.84676], [20.40271, 44.84671], [20.40241, 44.84686], [20.40226, 44.84685], [20.40198, 44.84674], [20.40157, 44.84639], [20.40109, 44.84581], [20.39962, 44.84367], [20.3994, 44.8435], [20.3992, 44.84345], [20.39857, 44.84364], [20.39745, 44.84371], [20.39729, 44.8436], [20.3968, 44.84275]]}, "properties": {"id": 11388544860, "name": "Ada 2 2024", "sport": "Ride", "date": "2024-05-11", "distance_km": 32.74, "moving_time_s": 7597, "elev_gain_m": 106, "avg_speed_kmh": 15.5, "avg_hr": null}}, {"type": "Feature", "geometry": {"type": "LineString", "coordinates": [[20.39683, 44.84282], [20.3973, 44.84361], [20.39756, 44.84373], [20.39869, 44.84363], [20.3992, 44.84349], [20.39945, 44.84356], [20.40108, 44.84579], [20.40192, 44.84683], [20.40214, 44.84698], [20.40328, 44.84665], [20.40449, 44.84661], [20.40613, 44.84643], [20.40804, 44.84656], [20.40901, 44.84637], [20.41336, 44.84684], [20.41423, 44.84687], [20.41455, 44.84675], [20.41493, 44.8462], [20.41536, 44.84615], [20.41552, 44.84591], [20.41575, 44.84577], [20.41675, 44.84425], [20.41753, 44.84253], [20.41792, 44.84195], [20.41829, 44.84072], [20.41822, 44.84035], [20.41911, 44.83738], [20.41898, 44.83677], [20.41909, 44.83632], [20.41936, 44.83623], [20.41946, 44.83608], [20.42066, 44.832], [20.42162, 44.82967], [20.42152, 44.82954], [20.42128, 44.82947], [20.42202, 44.82808], [20.42232, 44.82646], [20.42272, 44.82592], [20.42325, 44.82539], [20.42461, 44.82442], [20.42513, 44.82424], [20.42719, 44.82295], [20.42805, 44.82261], [20.42912, 44.82205], [20.4302, 44.82182], [20.43118, 44.82169], [20.43479, 44.82158], [20.43499, 44.82149], [20.43521, 44.82122], [20.43555, 44.82113], [20.43616, 44.82129], [20.43736, 44.82139], [20.4384, 44.82165], [20.43928, 44.82166], [20.43984, 44.82176], [20.44023, 44.82252], [20.44025, 44.8228], [20.44086, 44.82297], [20.44126, 44.82287], [20.44395, 44.81946], [20.44482, 44.81824], [20.44543, 44.81717], [20.44611, 44.8153], [20.446, 44.8152], [20.44543, 44.81517], [20.44522, 44.81496], [20.4455, 44.815], [20.44523, 44.81492], [20.44835, 44.81499], [20.44964, 44.81508], [20.44973, 44.81522], [20.44981, 44.8152], [20.44991, 44.8138], [20.44947, 44.81083], [20.44931, 44.81059], [20.4492, 44.8097], [20.44855, 44.80818], [20.4486, 44.8081], [20.44965, 44.80812], [20.45005, 44.808], [20.45006, 44.80746], [20.44965, 44.80623], [20.44947, 44.80579], [20.44907, 44.80543], [20.44879, 44.80497], [20.44856, 44.80496], [20.44799, 44.80519], [20.44778, 44.80515], [20.44768, 44.805], [20.44706, 44.80481], [20.44695, 44.80439], [20.44714, 44.80277], [20.44692, 44.80262], [20.44688, 44.80242], [20.44504, 44.80098], [20.44322, 44.8018], [20.44276, 44.80175], [20.44236, 44.80145], [20.44167, 44.80123], [20.43999, 44.80026], [20.4392, 44.79962], [20.43828, 44.79913], [20.43569, 44.79782], [20.43462, 44.7974], [20.4336, 44.79682], [20.43233, 44.79625], [20.43208, 44.79623], [20.43185, 44.79601], [20.43163, 44.79599], [20.43082, 44.79559], [20.43011, 44.79518], [20.42824, 44.79365], [20.42714, 44.79295], [20.42652, 44.79268], [20.42615, 44.79227], [20.42476, 44.79155], [20.42423, 44.79143], [20.42196, 44.78978], [20.42073, 44.78915], [20.41989, 44.78885], [20.41915, 44.78882], [20.41778, 44.78842], [20.41656, 44.78878], [20.41619, 44.78968], [20.41544, 44.7896], [20.41457, 44.78972], [20.41419, 44.7897], [20.41348, 44.79012], [20.41347, 44.79024], [20.41337, 44.79022], [20.41357, 44.79019], [20.41361, 44.79014], [20.41293, 44.79033], [20.41277, 44.79047], [20.41216, 44.79033], [20.41134, 44.79037], [20.41098, 44.79048], [20.40946, 44.79015], [20.40842, 44.79009], [20.40586, 44.78956], [20.40535, 44.78906], [20.40496, 44.78904], [20.40437, 44.78887], [20.40397, 44.78885], [20.40335, 44.78907], [20.40209, 44.78858], [20.40183, 44.78864], [20.40126, 44.78851], [20.39954, 44.78843], [20.39879, 44.78847], [20.39797, 44.78836], [20.39596, 44.78829], [20.39563, 44.78819], [20.39438, 44.78809], [20.39099, 44.78731], [20.38926, 44.78672], [20.38737, 44.78581], [20.3864, 44.78519], [20.38616, 44.78494], [20.38588, 44.78486], [20.38503, 44.78432], [20.38446, 44.78412], [20.3818, 44.78271], [20.3796, 44.78195], [20.37824, 44.78175], [20.37702, 44.78137], [20.37603, 44.78103], [20.37548, 44.78075], [20.37519, 44.78035], [20.37431, 44.77969], [20.37374, 44.77896], [20.37335, 44.77877], [20.37316, 44.77851], [20.37253, 44.77828], [20.37241, 44.7781], [20.3727, 44.7777], [20.37332, 44.77705], [20.3739, 44.77656], [20.37423, 44.77636], [20.37471, 44.77628], [20.37422, 44.77637], [20.37433, 44.77637], [20.37437, 44.77616], [20.37455, 44.77614], [20.37561, 44.7765], [20.37628, 44.7766], [20.3769, 44.77692], [20.37794, 44.77767], [20.37959, 44.7785], [20.38195, 44.77946], [20.38315, 44.77956], [20.38374, 44.78011], [20.38424, 44.78038], [20.38605, 44.78088], [20.3865, 44.78123], [20.38695, 44.78144], [20.38813, 44.78185], [20.38976, 44.78214], [20.3907, 44.7824], [20.39323, 44.78314], [20.39446, 44.78333], [20.39521, 44.78356], [20.39554, 44.78358], [20.39682, 44.78407], [20.39997, 44.78485], [20.40182, 44.78497], [20.40406, 44.78519], [20.40568, 44.78559], [20.40614, 44.78582], [20.40687, 44.78591], [20.40759, 44.78642], [20.40982, 44.78673], [20.41092, 44.7867], [20.41115, 44.78688], [20.41244, 44.78694], [20.4145, 44.78731], [20.41478, 44.78738], [20.41553, 44.7878], [20.41561, 44.78853], [20.41537, 44.78887], [20.41458, 44.7892], [20.41444, 44.78951], [20.41383, 44.78999], [20.41345, 44.79017], [20.41413, 44.78978], [20.41453, 44.7898], [20.4155, 44.78961], [20.41615, 44.78967], [20.4165, 44.78881], [20.41782, 44.78841], [20.41906, 44.7888], [20.41986, 44.78881], [20.42074, 44.78914], [20.42184, 44.78971], [20.42434, 44.7915], [20.42534, 44.79186], [20.42609, 44.79228], [20.4267, 44.79279], [20.42735, 44.79326], [20.42862, 44.79403], [20.429, 44.79432], [20.4291, 44.79462], [20.43038, 44.79545], [20.43087, 44.79568], [20.43189, 44.79599], [20.43372, 44.79697], [20.43469, 44.79744], [20.43512, 44.79751], [20.43577, 44.79781], [20.43923, 44.79962], [20.44017, 44.80037], [20.44014, 44.80056], [20.44156, 44.8012], [20.44203, 44.80131], [20.44264, 44.80165], [20.44294, 44.80205], [20.44386, 44.80272], [20.44572, 44.80456], [20.44594, 44.8049], [20.44592, 44.80539], [20.44611, 44.80583], [20.44686, 44.80631], [20.44722, 44.80649], [20.44747, 44.80701], [20.44814, 44.80788], [20.44827, 44.80822], [20.44885, 44.80884], [20.44903, 44.8093], [20.44946, 44.8108], [20.44951, 44.81186], [20.44993, 44.8133], [20.44988, 44.81495], [20.44984, 44.81507], [20.44976, 44.81498], [20.44966, 44.81519], [20.44972, 44.8151], [20.44916, 44.81504], [20.44085, 44.81466], [20.44119, 44.81498], [20.44172, 44.81493], [20.4455, 44.81512], [20.4461, 44.81523], [20.44618, 44.81536], [20.44572, 44.81664], [20.44511, 44.81782], [20.44457, 44.81856], [20.4442, 44.81889], [20.4438, 44.81965], [20.44229, 44.82138], [20.4421, 44.82182], [20.44128, 44.82282], [20.44083, 44.8229], [20.44023, 44.82279], [20.44006, 44.82214], [20.43985, 44.82178], [20.43916, 44.82166], [20.43831, 44.82167], [20.43731, 44.82137], [20.43636, 44.82133], [20.43543, 44.82109], [20.43504, 44.82121], [20.43499, 44.82143], [20.43477, 44.82157], [20.43351, 44.82156], [20.43199, 44.82171], [20.43065, 44.82174], [20.42922, 44.822], [20.42758, 44.82284], [20.42726, 44.82291], [20.42576, 44.82379], [20.42519, 44.82426], [20.42455, 44.82452], [20.42347, 44.82517], [20.42304, 44.82552], [20.42232, 44.82643], [20.42221, 44.8268], [20.42232, 44.82717], [20.42199, 44.82816], [20.42103, 44.82986], [20.42055, 44.83093], [20.41964, 44.83413], [20.41961, 44.83473], [20.41927, 44.83603], [20.41905, 44.83629], [20.41913, 44.83724], [20.41777, 44.84211], [20.41615, 44.84534], [20.41549, 44.84606], [20.41519, 44.84615], [20.41481, 44.84643], [20.4146, 44.84678], [20.41441, 44.84685], [20.41413, 44.84678], [20.41328, 44.8468], [20.41236, 44.84667], [20.41065, 44.8465], [20.40976, 44.84648], [20.40927, 44.84638], [20.40875, 44.8464], [20.40807, 44.84659], [20.40666, 44.84729], [20.40573, 44.84794], [20.40495, 44.84835], [20.40376, 44.84871], [20.4028, 44.8479], [20.40245, 44.8473], [20.40188, 44.84675], [20.40123, 44.84593], [20.40117, 44.84569], [20.40074, 44.84534], [20.39942, 44.84352], [20.39917, 44.84336], [20.39786, 44.84183]]}, "properties": {"id": 11341475014, "name": "Prva Ada 2024", "sport": "Ride", "date": "2024-05-05", "distance_km": 34.28, "moving_time_s": 7915, "elev_gain_m": 102, "avg_speed_kmh": 15.6, "avg_hr": null}}, {"type": "Feature", "geometry": {"type": "LineString", "coordinates": [[20.44131, 44.80486], [20.44134, 44.8049], [20.44149, 44.80503], [20.44154, 44.80513], [20.4416, 44.80522], [20.44192, 44.80551], [20.44211, 44.80572], [20.44246, 44.80604], [20.4428, 44.80639], [20.44319, 44.80688], [20.44329, 44.80695], [20.44364, 44.80742], [20.44374, 44.80757], [20.44381, 44.80765], [20.444, 44.80795], [20.44426, 44.80829], [20.4449, 44.80936], [20.44505, 44.80963], [20.4453, 44.81015], [20.44539, 44.81043], [20.44547, 44.81075], [20.44559, 44.81102], [20.44558, 44.81111], [20.44563, 44.81117], [20.44562, 44.81121], [20.44567, 44.8113], [20.44574, 44.8115], [20.44583, 44.81179], [20.44583, 44.81189], [20.44589, 44.8121], [20.44592, 44.81213], [20.44598, 44.81239], [20.44606, 44.81296], [20.44614, 44.81317], [20.44613, 44.81324], [20.44617, 44.8134], [20.44619, 44.81371], [20.44618, 44.81387], [20.44624, 44.81402], [20.44624, 44.8144], [20.4462, 44.8149], [20.44618, 44.81501], [20.44617, 44.81521], [20.44607, 44.81549], [20.44606, 44.81557], [20.44602, 44.81565], [20.446, 44.81583], [20.44596, 44.81597], [20.44574, 44.81649], [20.44553, 44.81702], [20.44531, 44.81741], [20.44529, 44.81752], [20.44522, 44.81762], [20.44503, 44.81788], [20.44487, 44.81815], [20.44479, 44.81825], [20.44475, 44.81833], [20.44464, 44.81848], [20.44459, 44.81857], [20.44408, 44.81925], [20.44396, 44.81946], [20.44396, 44.81952], [20.44371, 44.81977], [20.44361, 44.81991], [20.44344, 44.82009], [20.44338, 44.82019], [20.44327, 44.8203], [20.44301, 44.82063], [20.4428, 44.82095], [20.44274, 44.821], [20.44262, 44.82119], [20.44254, 44.82126], [20.44245, 44.82141], [20.44228, 44.82163], [20.44203, 44.8219], [20.44193, 44.82204], [20.44185, 44.82211], [20.44166, 44.82238], [20.44144, 44.82262], [20.44137, 44.82273], [20.44126, 44.82282], [20.44116, 44.82287], [20.44094, 44.82292], [20.44076, 44.8229], [20.44036, 44.8228], [20.44025, 44.82279], [20.44015, 44.82276], [20.44022, 44.82255], [20.44015, 44.82232], [20.44003, 44.82208], [20.44001, 44.82196], [20.43995, 44.82189], [20.43993, 44.82181], [20.43982, 44.82176], [20.43962, 44.82173], [20.43936, 44.82167], [20.4391, 44.82169], [20.43862, 44.82169], [20.43806, 44.82159], [20.43781, 44.82153], [20.43751, 44.82142], [20.43739, 44.8214], [20.43733, 44.82138], [20.43707, 44.82138], [20.43692, 44.82135], [20.43669, 44.82136], [20.43631, 44.82129], [20.43623, 44.8213], [20.43612, 44.82128], [20.43595, 44.82126], [20.43554, 44.82113], [20.43535, 44.82118], [20.4352, 44.82124], [20.43515, 44.82128], [20.43507, 44.82141], [20.43502, 44.82148], [20.43471, 44.82161], [20.43447, 44.82161], [20.4342, 44.82159], [20.43381, 44.82158], [20.43272, 44.82165], [20.43236, 44.82166], [20.43146, 44.82172], [20.43136, 44.82171], [20.43109, 44.82173], [20.43064, 44.82178], [20.4304, 44.82183], [20.43018, 44.82184], [20.42989, 44.82191], [20.42917, 44.82205], [20.42905, 44.82212], [20.42894, 44.82216], [20.42871, 44.82227], [20.42851, 44.82239], [20.42799, 44.82265], [20.42772, 44.82277], [20.42732, 44.82288], [20.42705, 44.82307], [20.42694, 44.82311], [20.42662, 44.82329], [20.42588, 44.82374], [20.42586, 44.82376], [20.42572, 44.82383], [20.42555, 44.82394], [20.42552, 44.82399], [20.42536, 44.82409], [20.42518, 44.82414], [20.42502, 44.82423], [20.42482, 44.82425], [20.42472, 44.82431], [20.42461, 44.82443], [20.42439, 44.8246], [20.42394, 44.82485], [20.42363, 44.82511], [20.42321, 44.82544], [20.42277, 44.82583], [20.42247, 44.82617], [20.42238, 44.82639], [20.42224, 44.827], [20.42225, 44.82711], [20.42222, 44.82719], [20.42223, 44.82726], [20.42218, 44.82753], [20.42218, 44.82756], [20.4222, 44.8276], [20.42219, 44.82764], [20.42215, 44.82768], [20.4221, 44.82786], [20.42187, 44.82834], [20.42183, 44.82838], [20.42183, 44.82842], [20.42177, 44.82848], [20.42169, 44.82859], [20.42166, 44.82874], [20.42157, 44.82898], [20.42146, 44.82912], [20.4214, 44.82925], [20.42133, 44.82936], [20.42114, 44.82968], [20.42101, 44.82986], [20.42097, 44.83], [20.4209, 44.83012], [20.42085, 44.83026], [20.42074, 44.83045], [20.42066, 44.83052], [20.42063, 44.8307], [20.42057, 44.83078], [20.42051, 44.83109], [20.42044, 44.83119], [20.42041, 44.83129], [20.42035, 44.8317], [20.42026, 44.83183], [20.42026, 44.83191], [20.4202, 44.83202], [20.42019, 44.83211], [20.42011, 44.83223], [20.42012, 44.83231], [20.42015, 44.8324], [20.42014, 44.83253], [20.42008, 44.83266], [20.42003, 44.83297], [20.41991, 44.83331], [20.41987, 44.83334], [20.41985, 44.83342], [20.41982, 44.83362], [20.41971, 44.83381], [20.41969, 44.83394], [20.41958, 44.8341], [20.41955, 44.8342], [20.41959, 44.83439], [20.41952, 44.83458], [20.41948, 44.83488], [20.4194, 44.83498], [20.4194, 44.83509], [20.41933, 44.83533], [20.41929, 44.83564], [20.41911, 44.83617], [20.41905, 44.83643], [20.41902, 44.8367], [20.41897, 44.8368], [20.41912, 44.83708], [20.41913, 44.83716], [20.41909, 44.83728], [20.41903, 44.83734], [20.41907, 44.83738], [20.41906, 44.83744], [20.41901, 44.83754], [20.41894, 44.83784], [20.41879, 44.83811], [20.4188, 44.83821], [20.41876, 44.83833], [20.41876, 44.83842], [20.41869, 44.83859], [20.41872, 44.83867], [20.41871, 44.83872], [20.41862, 44.83895], [20.4185, 44.83943], [20.41829, 44.84001], [20.41826, 44.84025], [20.4182, 44.84043], [20.41818, 44.84054], [20.41814, 44.84071], [20.41809, 44.84081], [20.41804, 44.84107], [20.41792, 44.84143], [20.41785, 44.84181], [20.41775, 44.84196], [20.41773, 44.84212], [20.41767, 44.84222], [20.41762, 44.84239], [20.41758, 44.84242], [20.41759, 44.84248], [20.41739, 44.84275], [20.41716, 44.84327], [20.41705, 44.84343], [20.41699, 44.84358], [20.41696, 44.84376], [20.41688, 44.84389], [20.41674, 44.84407], [20.41665, 44.84423], [20.41661, 44.84437], [20.41647, 44.84458], [20.41644, 44.84464], [20.41639, 44.84468], [20.41633, 44.84485], [20.41622, 44.84503], [20.41622, 44.84508], [20.41618, 44.8451], [20.41604, 44.8453], [20.41595, 44.84538], [20.41594, 44.84546], [20.4159, 44.84555], [20.41572, 44.84576], [20.4156, 44.84585], [20.41553, 44.84595], [20.41538, 44.84607], [20.41528, 44.84611], [20.41513, 44.84609], [20.41504, 44.84613], [20.41492, 44.84632], [20.41477, 44.84648], [20.41462, 44.84654], [20.4146, 44.84664], [20.41454, 44.84673], [20.41457, 44.84686], [20.41455, 44.84689], [20.41439, 44.84702], [20.4143, 44.84715], [20.41404, 44.84742], [20.41387, 44.84757], [20.41372, 44.84766], [20.41358, 44.84778], [20.41344, 44.84796], [20.41326, 44.84805], [20.41306, 44.84804], [20.41297, 44.84802], [20.41292, 44.84796], [20.4128, 44.84788], [20.41269, 44.84786], [20.41243, 44.84778], [20.41238, 44.84779], [20.41233, 44.84782], [20.41229, 44.84781], [20.41225, 44.84783], [20.41227, 44.84788], [20.41221, 44.84783], [20.41214, 44.84783], [20.41212, 44.84789], [20.41206, 44.84795], [20.41205, 44.848], [20.41202, 44.84804], [20.41195, 44.84808], [20.41191, 44.84808], [20.41154, 44.84829], [20.4113, 44.84845], [20.41115, 44.84851], [20.41109, 44.84856], [20.41098, 44.84869], [20.41087, 44.84874], [20.4109, 44.84874], [20.41083, 44.84876], [20.4108, 44.84881], [20.4107, 44.84885], [20.41059, 44.84892], [20.41047, 44.84903], [20.41029, 44.84915], [20.4103, 44.84926], [20.41025, 44.84927], [20.41022, 44.84934], [20.41019, 44.84936], [20.41011, 44.84937], [20.41004, 44.8494], [20.40989, 44.8494], [20.40985, 44.84937], [20.40971, 44.84935], [20.40961, 44.84938], [20.4095, 44.84939], [20.40949, 44.84941], [20.40938, 44.84939], [20.40916, 44.8494], [20.40905, 44.84938], [20.40882, 44.8494], [20.40867, 44.84938], [20.40843, 44.84939], [20.40823, 44.84942], [20.40803, 44.84941], [20.40734, 44.84947], [20.4069, 44.84953], [20.4065, 44.84956], [20.40615, 44.84961], [20.40581, 44.84958], [20.40541, 44.84959], [20.40536, 44.84957], [20.40515, 44.84959], [20.40488, 44.84959], [20.40378, 44.84952], [20.40374, 44.84951], [20.40367, 44.84944], [20.40362, 44.84932], [20.40356, 44.84925], [20.40349, 44.84908], [20.40346, 44.84903], [20.40347, 44.84898], [20.40345, 44.84897], [20.40344, 44.8489], [20.40352, 44.84881], [20.40348, 44.84876], [20.40346, 44.8487], [20.40341, 44.84861], [20.40324, 44.84843], [20.40319, 44.84835], [20.40324, 44.84837], [20.40324, 44.84841], [20.40319, 44.84835], [20.40304, 44.84808], [20.40289, 44.84796], [20.40285, 44.84789], [20.40262, 44.84771], [20.40255, 44.84754], [20.40252, 44.8475], [20.40248, 44.84741], [20.40233, 44.84725], [20.40229, 44.84715], [20.40222, 44.84708], [20.40214, 44.84705], [20.40208, 44.84698], [20.40205, 44.84691], [20.40191, 44.84684], [20.40184, 44.84677], [20.40175, 44.84661], [20.40174, 44.84653], [20.40169, 44.8465], [20.40161, 44.84647], [20.40155, 44.84641], [20.40152, 44.84634], [20.40146, 44.84629], [20.40139, 44.84618], [20.40127, 44.84611], [20.40119, 44.84593], [20.40099, 44.8459], [20.40097, 44.84588], [20.40099, 44.84573], [20.40075, 44.84537], [20.4006, 44.84506], [20.40052, 44.845], [20.40042, 44.84484], [20.40034, 44.84476], [20.40027, 44.84462], [20.40016, 44.84447], [20.40005, 44.84436], [20.39996, 44.84423], [20.39988, 44.84415], [20.39961, 44.8438], [20.39943, 44.84368], [20.39932, 44.84355], [20.39923, 44.84353], [20.39887, 44.8436], [20.39872, 44.84364], [20.39837, 44.84368], [20.39832, 44.8437], [20.39805, 44.84372], [20.3978, 44.84376], [20.39748, 44.84377], [20.39736, 44.84368], [20.39724, 44.84353], [20.39712, 44.84331], [20.39701, 44.84303], [20.39682, 44.84267]]}, "properties": {"id": 11141896140, "name": "Tina i ja x2", "sport": "Ride", "date": "2024-04-09", "distance_km": 8.86, "moving_time_s": 3073, "elev_gain_m": 30, "avg_speed_kmh": 10.4, "avg_hr": null}}, {"type": "Feature", "geometry": {"type": "LineString", "coordinates": [[20.44575, 44.81511], [20.44573, 44.81516], [20.4457, 44.81519], [20.44561, 44.81521], [20.44551, 44.81519], [20.44532, 44.81511], [20.44523, 44.8151], [20.44508, 44.81511], [20.44473, 44.81508], [20.44452, 44.81509], [20.44418, 44.81506], [20.44384, 44.81508], [20.44363, 44.81503], [20.44342, 44.81503], [20.44322, 44.81501], [20.44242, 44.81501], [20.44229, 44.81498], [20.44187, 44.81496], [20.4415, 44.81496], [20.44126, 44.81492], [20.44096, 44.81491], [20.44073, 44.81488], [20.44061, 44.81488], [20.44043, 44.81485], [20.44019, 44.81484], [20.44012, 44.81485], [20.43989, 44.81482], [20.43972, 44.81483], [20.43958, 44.8148], [20.43946, 44.8148], [20.43941, 44.81476], [20.43935, 44.81471], [20.43939, 44.81462], [20.43943, 44.81459], [20.43926, 44.81451], [20.43895, 44.81454], [20.43888, 44.81453], [20.43874, 44.81454], [20.438, 44.81453], [20.43779, 44.81455], [20.43739, 44.81455], [20.43707, 44.81457], [20.43627, 44.81467], [20.43585, 44.81476], [20.43575, 44.8148], [20.43553, 44.81479], [20.43541, 44.81483], [20.43513, 44.81487], [20.435, 44.81485], [20.43471, 44.81497], [20.43411, 44.81515], [20.43401, 44.81523], [20.43385, 44.81524], [20.43362, 44.81532], [20.43355, 44.81532], [20.43352, 44.81535], [20.43342, 44.81539], [20.43313, 44.81546], [20.43275, 44.81564], [20.43262, 44.81567], [20.43251, 44.81574], [20.4322, 44.81586], [20.43201, 44.81596], [20.4315, 44.81617], [20.43145, 44.81622], [20.43128, 44.81631], [20.4306, 44.81658], [20.43041, 44.81662], [20.43036, 44.81666], [20.43031, 44.81673], [20.43, 44.81686], [20.42959, 44.81707], [20.42941, 44.81711], [20.42934, 44.81716], [20.4293, 44.81724], [20.42911, 44.81728], [20.42893, 44.81738], [20.4289, 44.81741], [20.42868, 44.81747], [20.42842, 44.81759], [20.42834, 44.81763], [20.42815, 44.81778], [20.42794, 44.81789], [20.42786, 44.81791], [20.42773, 44.81799], [20.42759, 44.818], [20.42725, 44.81811], [20.42698, 44.81826], [20.42665, 44.81838], [20.42616, 44.81859], [20.42598, 44.81869], [20.42543, 44.81894], [20.42526, 44.81901], [20.42464, 44.81929], [20.42438, 44.81941], [20.42397, 44.81966], [20.4238, 44.81974], [20.42349, 44.81984], [20.42333, 44.81992], [20.4231, 44.82], [20.42302, 44.82006], [20.42266, 44.82018], [20.42243, 44.8203], [20.42225, 44.82037], [20.42188, 44.82055], [20.42173, 44.82059], [20.42155, 44.82066], [20.42138, 44.82076], [20.42097, 44.82095], [20.42053, 44.82109], [20.42044, 44.82115], [20.42039, 44.82116], [20.42029, 44.82124], [20.42004, 44.82138], [20.41986, 44.82146], [20.4197, 44.8215], [20.41944, 44.82165], [20.41916, 44.82174], [20.41884, 44.82188], [20.41872, 44.82196], [20.41851, 44.82204], [20.41833, 44.82213], [20.41826, 44.82216], [20.41808, 44.82227], [20.41786, 44.82235], [20.41776, 44.82237], [20.41766, 44.82236], [20.41734, 44.82251], [20.41733, 44.82256], [20.41728, 44.8226], [20.41712, 44.82266], [20.41691, 44.82278], [20.41667, 44.82287], [20.41648, 44.82298], [20.41581, 44.82326], [20.41561, 44.82335], [20.41554, 44.82342], [20.41542, 44.82344], [20.41534, 44.82349], [20.41529, 44.82355], [20.41525, 44.82355], [20.41518, 44.82359], [20.41515, 44.82362], [20.41506, 44.82368], [20.41491, 44.82372], [20.41476, 44.82381], [20.41455, 44.8239], [20.41449, 44.82396], [20.41433, 44.82404], [20.41418, 44.82421], [20.41397, 44.82434], [20.41396, 44.82439], [20.41388, 44.82451], [20.41341, 44.82506], [20.41331, 44.82522], [20.4131, 44.82548], [20.41301, 44.82564], [20.41293, 44.82592], [20.41289, 44.826], [20.41286, 44.82612], [20.4127, 44.82643], [20.41269, 44.82656], [20.41246, 44.82719], [20.4124, 44.82743], [20.41235, 44.82751], [20.41235, 44.82766], [20.41228, 44.82788], [20.41223, 44.82796], [20.41226, 44.82815], [20.41224, 44.8282], [20.41216, 44.8283], [20.41218, 44.82838], [20.41215, 44.82845], [20.41201, 44.82874], [20.41189, 44.82919], [20.41169, 44.82964], [20.41158, 44.82999], [20.41144, 44.83028], [20.41128, 44.83042], [20.41125, 44.83049], [20.41123, 44.83058], [20.41123, 44.83063], [20.41131, 44.83071], [20.41124, 44.83095], [20.41122, 44.83113], [20.41114, 44.83129], [20.41105, 44.83154], [20.41103, 44.83164], [20.41089, 44.83201], [20.41082, 44.8323], [20.41075, 44.83242], [20.41071, 44.83255], [20.41065, 44.83264], [20.41059, 44.83279], [20.41051, 44.83312], [20.41044, 44.83323], [20.41043, 44.83329], [20.41031, 44.83334], [20.41032, 44.83347], [20.41028, 44.83357], [20.41029, 44.8336], [20.41035, 44.83365], [20.41033, 44.83372], [20.41028, 44.8338], [20.41026, 44.83388], [20.41021, 44.83398], [20.41016, 44.83402], [20.41011, 44.83401], [20.41003, 44.83405], [20.40996, 44.83419], [20.40992, 44.83424], [20.40985, 44.83452], [20.40966, 44.83492], [20.40953, 44.83534], [20.40951, 44.83544], [20.40957, 44.8357], [20.40966, 44.83585], [20.40988, 44.83611], [20.4099, 44.83616], [20.40991, 44.83625], [20.40981, 44.83631], [20.40946, 44.83645], [20.40942, 44.83644], [20.40928, 44.83652], [20.40891, 44.83663], [20.40831, 44.83687], [20.40783, 44.83702], [20.40736, 44.83721], [20.40687, 44.83737], [20.40682, 44.83741], [20.40679, 44.83745], [20.40695, 44.83765], [20.40697, 44.83771], [20.407, 44.83775], [20.40727, 44.83795], [20.40781, 44.8386], [20.40798, 44.83876], [20.40803, 44.83888], [20.40819, 44.83899], [20.40824, 44.83908], [20.40821, 44.83919], [20.40819, 44.83922], [20.40811, 44.83927], [20.40807, 44.83938], [20.40802, 44.83943], [20.40798, 44.83944], [20.40782, 44.83954], [20.40785, 44.83959], [20.40778, 44.8396], [20.40773, 44.83965], [20.40772, 44.83972], [20.40765, 44.83983], [20.40756, 44.8399], [20.40747, 44.83993], [20.40742, 44.83999], [20.40743, 44.84], [20.4074, 44.84001], [20.40737, 44.84005], [20.40733, 44.84005], [20.40736, 44.84008], [20.40731, 44.84005], [20.40736, 44.84008], [20.40729, 44.84005], [20.40736, 44.84008], [20.4073, 44.84006], [20.4073, 44.84007], [20.40736, 44.84008], [20.40726, 44.84002], [20.40738, 44.84009], [20.40729, 44.84], [20.40737, 44.84009], [20.40731, 44.84001], [20.40729, 44.84001], [20.40737, 44.84008], [20.40731, 44.84002], [20.40737, 44.84008], [20.40731, 44.84004], [20.40734, 44.84004], [20.40736, 44.84008], [20.40747, 44.84002], [20.40763, 44.84002], [20.40768, 44.84], [20.40772, 44.84003], [20.40784, 44.84003], [20.40724, 44.84], [20.40728, 44.84001], [20.40734, 44.84006], [20.40733, 44.84009], [20.40735, 44.84006], [20.40733, 44.84006], [20.40731, 44.8401], [20.40731, 44.84015], [20.40721, 44.84026], [20.40706, 44.8405], [20.40643, 44.84105], [20.4061, 44.84139], [20.40592, 44.84161], [20.40575, 44.84178], [20.40564, 44.84192], [20.4056, 44.84201], [20.40541, 44.84217], [20.4054, 44.84219], [20.40542, 44.84222], [20.4054, 44.84225], [20.40531, 44.84229], [20.40524, 44.84236], [20.40513, 44.84241], [20.40505, 44.8425], [20.40496, 44.84255], [20.40491, 44.8426], [20.40476, 44.84271], [20.40462, 44.84284], [20.40459, 44.84292], [20.40456, 44.84297], [20.40448, 44.84301], [20.40446, 44.84305], [20.40424, 44.84319], [20.40419, 44.84325], [20.40406, 44.84335], [20.40396, 44.84348], [20.40385, 44.84355], [20.40379, 44.84366], [20.40381, 44.84369], [20.4038, 44.84368], [20.40377, 44.84381], [20.40376, 44.84378], [20.40381, 44.84375], [20.40367, 44.84388], [20.40366, 44.84399], [20.4036, 44.84404], [20.40356, 44.8441], [20.40347, 44.84419], [20.40331, 44.84426], [20.4033, 44.84429], [20.40331, 44.84434], [20.4033, 44.84437], [20.40322, 44.84441], [20.40314, 44.84449], [20.40317, 44.84456], [20.40316, 44.8446], [20.40312, 44.84466], [20.40305, 44.8447], [20.40305, 44.84473], [20.40297, 44.84481], [20.40293, 44.84483], [20.40296, 44.84479], [20.4029, 44.84488], [20.40286, 44.84499], [20.40269, 44.8451], [20.40268, 44.84514], [20.40258, 44.84514], [20.40248, 44.84518], [20.40245, 44.84521], [20.40223, 44.84528], [20.4019, 44.84544], [20.4016, 44.84554], [20.40159, 44.84557], [20.40158, 44.84563], [20.40155, 44.84565], [20.40135, 44.84571], [20.40123, 44.84576], [20.40114, 44.84578], [20.40095, 44.84562], [20.40077, 44.84534], [20.40078, 44.84523], [20.40075, 44.84515], [20.40063, 44.84508], [20.40048, 44.84495], [20.40042, 44.84488], [20.40037, 44.84476], [20.40025, 44.84459], [20.40018, 44.84443], [20.40008, 44.84429], [20.39989, 44.84409], [20.39982, 44.84399], [20.39967, 44.84384], [20.39957, 44.84378], [20.3994, 44.84358], [20.39928, 44.84351], [20.39905, 44.84331], [20.39902, 44.84323], [20.39881, 44.84297], [20.39878, 44.84291], [20.3986, 44.84271], [20.39857, 44.84271], [20.39845, 44.84278], [20.39833, 44.84283], [20.39809, 44.84297], [20.39806, 44.84301], [20.39802, 44.84301], [20.3978, 44.84283], [20.39776, 44.84275], [20.39776, 44.84272], [20.39778, 44.8427], [20.39747, 44.84277], [20.3972, 44.84287], [20.39708, 44.84289], [20.39697, 44.84285], [20.39698, 44.84271], [20.39693, 44.84267]]}, "properties": {"id": 11121995066, "name": "Tina i ja / 2", "sport": "Ride", "date": "2024-04-06", "distance_km": 7.01, "moving_time_s": 2802, "elev_gain_m": 30, "avg_speed_kmh": 9.0, "avg_hr": null}}, {"type": "Feature", "geometry": {"type": "LineString", "coordinates": [[20.39802, 44.84294], [20.39858, 44.84273], [20.39911, 44.84317], [20.39929, 44.84348], [20.40148, 44.84633], [20.40193, 44.84681], [20.40227, 44.84702], [20.40312, 44.84671], [20.40598, 44.84642], [20.40759, 44.84661], [20.40829, 44.84654], [20.40891, 44.84638], [20.41058, 44.84652], [20.41205, 44.8467], [20.41251, 44.84687], [20.41406, 44.84692], [20.41453, 44.84678], [20.41495, 44.8461], [20.41503, 44.84609], [20.41509, 44.84621], [20.41531, 44.84616], [20.41644, 44.84482], [20.41744, 44.84266], [20.41772, 44.84227], [20.41771, 44.84201], [20.41802, 44.84139], [20.41828, 44.84009], [20.41863, 44.83935], [20.4187, 44.83867], [20.41915, 44.83734], [20.41901, 44.83671], [20.41951, 44.8345], [20.41989, 44.83318], [20.42056, 44.83139], [20.42058, 44.83106], [20.42091, 44.83048], [20.42087, 44.83024], [20.42217, 44.8279], [20.4224, 44.82651], [20.42261, 44.82614], [20.42372, 44.82512], [20.42463, 44.82448], [20.42516, 44.82432], [20.42709, 44.82307], [20.42777, 44.82282], [20.42927, 44.82205], [20.43096, 44.82177], [20.43377, 44.8216], [20.43473, 44.82163], [20.43503, 44.82151], [20.4352, 44.82125], [20.43554, 44.82116], [20.43621, 44.82134], [20.43746, 44.82144], [20.43853, 44.82171], [20.43926, 44.82169], [20.43976, 44.82179], [20.44015, 44.82248], [20.44012, 44.82279], [20.44078, 44.82293], [20.44126, 44.82282], [20.44215, 44.82181], [20.44225, 44.82157], [20.44252, 44.82135], [20.44267, 44.82104], [20.44303, 44.82071], [20.44433, 44.81894], [20.44545, 44.81704], [20.44606, 44.81531], [20.44546, 44.81518], [20.44399, 44.81511], [20.44259, 44.81493], [20.44097, 44.81486], [20.44087, 44.81471], [20.44155, 44.81469], [20.44966, 44.8151], [20.44978, 44.81531], [20.44991, 44.81457], [20.44974, 44.81361], [20.44987, 44.81343], [20.44973, 44.81218], [20.44951, 44.81194], [20.44948, 44.81069], [20.44921, 44.81011], [20.44916, 44.80949], [20.449, 44.80935], [20.4485, 44.8082], [20.44855, 44.80813], [20.44906, 44.80806], [20.4494, 44.80806], [20.44974, 44.80818], [20.44985, 44.80813], [20.44996, 44.8074], [20.4498, 44.8072], [20.44986, 44.80691], [20.44948, 44.80598], [20.44912, 44.80534], [20.44869, 44.8051], [20.44866, 44.80494], [20.44843, 44.80507], [20.44775, 44.80534], [20.44762, 44.80518], [20.4477, 44.80507], [20.44701, 44.8048], [20.44693, 44.80428], [20.44737, 44.8028], [20.44716, 44.80277], [20.44646, 44.80234], [20.4455, 44.80165], [20.44457, 44.80062], [20.44387, 44.80106], [20.44338, 44.80132], [20.44312, 44.8013], [20.44259, 44.80156], [20.44241, 44.80158], [20.44165, 44.80128], [20.44083, 44.80068], [20.4388, 44.79934], [20.43492, 44.79746], [20.43418, 44.797], [20.43085, 44.79549], [20.42899, 44.7943], [20.4284, 44.7938], [20.42694, 44.793], [20.42641, 44.79244], [20.42475, 44.79153], [20.42417, 44.7914], [20.42156, 44.78951], [20.42059, 44.78908], [20.41989, 44.78881], [20.41912, 44.78884], [20.41806, 44.78847], [20.41774, 44.78844], [20.41646, 44.78883], [20.41625, 44.78971], [20.41534, 44.78962], [20.41439, 44.78975], [20.41425, 44.78984], [20.41427, 44.79022], [20.41397, 44.79023], [20.41319, 44.79049], [20.41243, 44.79056], [20.41206, 44.79043], [20.41129, 44.79035], [20.411, 44.79041], [20.41027, 44.79021], [20.4085, 44.79005], [20.40729, 44.78976], [20.40637, 44.78965], [20.40587, 44.78953], [20.40544, 44.78909], [20.40417, 44.78878], [20.40334, 44.789], [20.40239, 44.78859], [20.40187, 44.7886], [20.40085, 44.78845], [20.39827, 44.78842], [20.39732, 44.78826], [20.39582, 44.78819], [20.39171, 44.78739], [20.39062, 44.78708], [20.38924, 44.78659], [20.38839, 44.78624], [20.38702, 44.78558], [20.38454, 44.78408], [20.38202, 44.78281], [20.38032, 44.78218], [20.37743, 44.78153], [20.37534, 44.78067], [20.37443, 44.77998], [20.37402, 44.77953], [20.37305, 44.77885], [20.37245, 44.77815], [20.37246, 44.77794], [20.37262, 44.77789], [20.37268, 44.7777], [20.37401, 44.77648], [20.37444, 44.77622], [20.37498, 44.77628], [20.37551, 44.77652], [20.37621, 44.77659], [20.37693, 44.77693], [20.37756, 44.77756], [20.37883, 44.77808], [20.37936, 44.77842], [20.38084, 44.77901], [20.38114, 44.77923], [20.38178, 44.77938], [20.38202, 44.7795], [20.38288, 44.77953], [20.38433, 44.78041], [20.38578, 44.78085], [20.38702, 44.78147], [20.38815, 44.78183], [20.38975, 44.78215], [20.39336, 44.78322], [20.39447, 44.78339], [20.39496, 44.78355], [20.39551, 44.7836], [20.39691, 44.7841], [20.39887, 44.78456], [20.39955, 44.78479], [20.40089, 44.78499], [20.40164, 44.78501], [20.40321, 44.78521], [20.40404, 44.78521], [20.40549, 44.78554], [20.40611, 44.78579], [20.40691, 44.7859], [20.40742, 44.7863], [20.40889, 44.78673], [20.41014, 44.78677], [20.41104, 44.78668], [20.41127, 44.78691], [20.41372, 44.78716], [20.41461, 44.7874], [20.41547, 44.78777], [20.41581, 44.78768], [20.4179, 44.78836], [20.41935, 44.78864], [20.42069, 44.78907], [20.4225, 44.79015], [20.42399, 44.79128], [20.42435, 44.79148], [20.42464, 44.79149], [20.42493, 44.79161], [20.42586, 44.79211], [20.42722, 44.79323], [20.42869, 44.79404], [20.42887, 44.79425], [20.43052, 44.79532], [20.433, 44.79651], [20.4329, 44.79651], [20.43412, 44.79703], [20.43532, 44.79769], [20.43595, 44.79793], [20.43668, 44.79837], [20.43715, 44.79852], [20.43916, 44.79954], [20.43967, 44.79989], [20.44, 44.80026], [20.44165, 44.80123], [20.44209, 44.80131], [20.44255, 44.80162], [20.44336, 44.80108], [20.44405, 44.80097], [20.44447, 44.8006], [20.44466, 44.8006], [20.44497, 44.80097], [20.44555, 44.80152], [20.44624, 44.80192], [20.44689, 44.80238], [20.44697, 44.80266], [20.4472, 44.80285], [20.44704, 44.80429], [20.44688, 44.80455], [20.44708, 44.80485], [20.44763, 44.80506], [20.44836, 44.80475], [20.44873, 44.80482], [20.44926, 44.80555], [20.44985, 44.80628], [20.44995, 44.80679], [20.44982, 44.80771], [20.44991, 44.808], [20.44955, 44.8081], [20.44864, 44.80814], [20.44851, 44.80824], [20.44877, 44.80843], [20.44916, 44.80924], [20.44927, 44.8098], [20.44949, 44.80994], [20.44946, 44.81112], [20.44997, 44.81379], [20.44994, 44.8145], [20.44981, 44.8146], [20.44996, 44.81498], [20.44991, 44.81519], [20.44973, 44.81526], [20.44961, 44.81508], [20.44149, 44.81467], [20.43931, 44.81468], [20.4393, 44.81546], [20.43894, 44.81647], [20.43845, 44.81708], [20.43767, 44.81766], [20.43691, 44.81806], [20.43231, 44.82012], [20.43141, 44.82046], [20.42993, 44.82122], [20.42749, 44.82219], [20.42233, 44.82454], [20.42096, 44.82526], [20.42047, 44.82577], [20.42018, 44.82638], [20.41993, 44.82789], [20.41959, 44.82892], [20.41959, 44.82939], [20.41938, 44.82974], [20.41944, 44.82995], [20.41912, 44.83113], [20.4189, 44.83115], [20.41896, 44.83111], [20.4186, 44.83103], [20.41763, 44.83092], [20.41717, 44.83078], [20.41512, 44.83072], [20.41376, 44.83058], [20.41374, 44.83064], [20.41395, 44.83059], [20.414, 44.83072], [20.41407, 44.83068], [20.41398, 44.83074], [20.41401, 44.8306], [20.4138, 44.83067], [20.41306, 44.83048], [20.41265, 44.83067], [20.41169, 44.83058], [20.41125, 44.83064], [20.41127, 44.83096], [20.41058, 44.83279], [20.41058, 44.8331], [20.41012, 44.83376], [20.40952, 44.8353], [20.40957, 44.83558], [20.41001, 44.83623], [20.40838, 44.83686], [20.40801, 44.83691], [20.40681, 44.83737], [20.40685, 44.8376], [20.40717, 44.83784], [20.40832, 44.83916], [20.40827, 44.83936], [20.40795, 44.83958], [20.40717, 44.84048], [20.40538, 44.84223], [20.40514, 44.84218], [20.40426, 44.84154], [20.40404, 44.84151], [20.40295, 44.84143], [20.40198, 44.84148], [20.39948, 44.84128], [20.39798, 44.84136]]}, "properties": {"id": 9745305013, "name": "Spora ada", "sport": "Ride", "date": "2023-08-29", "distance_km": 32.71, "moving_time_s": 8320, "elev_gain_m": 91, "avg_speed_kmh": 14.2, "avg_hr": null}}, {"type": "Feature", "geometry": {"type": "LineString", "coordinates": [[20.39802, 44.84301], [20.3984, 44.84275], [20.39851, 44.84276], [20.39905, 44.84312], [20.39947, 44.84349], [20.39998, 44.84408], [20.40036, 44.84479], [20.40085, 44.84538], [20.40094, 44.84566], [20.40101, 44.84574], [20.40109, 44.84571], [20.40216, 44.84686], [20.40257, 44.84681], [20.40303, 44.84666], [20.40324, 44.84653], [20.40367, 44.84658], [20.40399, 44.84652], [20.40503, 44.84654], [20.40575, 44.8464], [20.4061, 44.84639], [20.40797, 44.84656], [20.40826, 44.84653], [20.40885, 44.84634], [20.41049, 44.84642], [20.41111, 44.84655], [20.41241, 44.84662], [20.41339, 44.84682], [20.4142, 44.84689], [20.41444, 44.84681], [20.41493, 44.84615], [20.41527, 44.84615], [20.41545, 44.84589], [20.41567, 44.84576], [20.41578, 44.84562], [20.4158, 44.84547], [20.41603, 44.84503], [20.41621, 44.84493], [20.41672, 44.84418], [20.41683, 44.84371], [20.41708, 44.84338], [20.4176, 44.84219], [20.41817, 44.84029], [20.41835, 44.83936], [20.41863, 44.83872], [20.41881, 44.83732], [20.41877, 44.83694], [20.41906, 44.83619], [20.41906, 44.83579], [20.41947, 44.83428], [20.41997, 44.83293], [20.42029, 44.83157], [20.42122, 44.82934], [20.42193, 44.82806], [20.42231, 44.82635], [20.4225, 44.82607], [20.42319, 44.82538], [20.42438, 44.82448], [20.4253, 44.82399], [20.42683, 44.82303], [20.42719, 44.82284], [20.42768, 44.82267], [20.4289, 44.82206], [20.43083, 44.8217], [20.43383, 44.82153], [20.43468, 44.82162], [20.43495, 44.82147], [20.43516, 44.82119], [20.43565, 44.82113], [20.43671, 44.82133], [20.4375, 44.82136], [20.43843, 44.82161], [20.43918, 44.82156], [20.43955, 44.82167], [20.43982, 44.82168], [20.44024, 44.82205], [20.44028, 44.82277], [20.44072, 44.82293], [20.44112, 44.82291], [20.44217, 44.8217], [20.44262, 44.821], [20.44304, 44.82049], [20.44311, 44.82018], [20.44309, 44.82022], [20.44358, 44.81983], [20.44443, 44.81865], [20.4453, 44.81723], [20.4459, 44.81545], [20.44578, 44.81534], [20.44545, 44.81526], [20.44518, 44.81526], [20.44492, 44.81512], [20.44451, 44.8151], [20.44409, 44.8152], [20.44361, 44.81514], [20.44338, 44.81519], [20.44299, 44.81515], [20.44257, 44.81504], [20.44191, 44.81498], [20.44135, 44.815], [20.44112, 44.81488], [20.4411, 44.81477], [20.44172, 44.81469], [20.44304, 44.81472], [20.44952, 44.81505], [20.44967, 44.81507], [20.4497, 44.81517], [20.44986, 44.81513], [20.44968, 44.81496], [20.44966, 44.81462], [20.44954, 44.81447], [20.44968, 44.81427], [20.44979, 44.81386], [20.4498, 44.81293], [20.44975, 44.81227], [20.44949, 44.81143], [20.4494, 44.81076], [20.44891, 44.80928], [20.4485, 44.8084], [20.44789, 44.80763], [20.44765, 44.80707], [20.44722, 44.80653], [20.44657, 44.80612], [20.44576, 44.80509], [20.44563, 44.80458], [20.44503, 44.80391], [20.44342, 44.80242], [20.44289, 44.80204], [20.44245, 44.80186], [20.44222, 44.80165], [20.44203, 44.80164], [20.44159, 44.80143], [20.44119, 44.80107], [20.4409, 44.80089], [20.44083, 44.80091], [20.44056, 44.80065], [20.44016, 44.80041], [20.43989, 44.80037], [20.43934, 44.79984], [20.43877, 44.79945], [20.43755, 44.79885], [20.43736, 44.79888], [20.43731, 44.79901], [20.43719, 44.79908], [20.43681, 44.79869], [20.4359, 44.79811], [20.43465, 44.79755], [20.43362, 44.79691], [20.43331, 44.79682], [20.43312, 44.79683], [20.43285, 44.79663], [20.43243, 44.79648], [20.43197, 44.79608], [20.43065, 44.79548], [20.42999, 44.79502], [20.42906, 44.79451], [20.42855, 44.79411], [20.42751, 44.79354], [20.42705, 44.79309], [20.42677, 44.79294], [20.4263, 44.79245], [20.4259, 44.79223], [20.42575, 44.79206], [20.42471, 44.79152], [20.42422, 44.79145], [20.42394, 44.79131], [20.42385, 44.79117], [20.42171, 44.78966], [20.42124, 44.7894], [20.42003, 44.78889], [20.41977, 44.78884], [20.41913, 44.78888], [20.41807, 44.78852], [20.41761, 44.78849], [20.41659, 44.78882], [20.41645, 44.78903], [20.41641, 44.78946], [20.41627, 44.78972], [20.41464, 44.78982], [20.41424, 44.78974], [20.41377, 44.79018], [20.4134, 44.79022], [20.4134, 44.79029], [20.41334, 44.79023], [20.41341, 44.79034], [20.41329, 44.79044], [20.41283, 44.79043], [20.41271, 44.79053], [20.41227, 44.79048], [20.41116, 44.79049], [20.41065, 44.79041], [20.41045, 44.79024], [20.40999, 44.7901], [20.40959, 44.78986], [20.40931, 44.78953], [20.40897, 44.78901], [20.40848, 44.78903], [20.408, 44.78897], [20.40806, 44.78886], [20.40805, 44.78894], [20.408, 44.78889], [20.40811, 44.78893], [20.40802, 44.78895], [20.40801, 44.78887], [20.40814, 44.78879], [20.40902, 44.78882], [20.40953, 44.78906], [20.40954, 44.78949], [20.40973, 44.78953], [20.40967, 44.78963], [20.40984, 44.7898], [20.41031, 44.79004], [20.41187, 44.79028], [20.41258, 44.79032], [20.41293, 44.79029], [20.41399, 44.78965], [20.41448, 44.7897], [20.41545, 44.78957], [20.41618, 44.78967], [20.41638, 44.78895], [20.41656, 44.78873], [20.4178, 44.78839], [20.41904, 44.78878], [20.41984, 44.7888], [20.42013, 44.78886], [20.42186, 44.78968], [20.42331, 44.79068], [20.42417, 44.79143], [20.42478, 44.79149], [20.42583, 44.79201], [20.42639, 44.7924], [20.42691, 44.79295], [20.42763, 44.79344], [20.42854, 44.79387], [20.42921, 44.79443], [20.42981, 44.79473], [20.43024, 44.79514], [20.43094, 44.79562], [20.43152, 44.7958], [20.43429, 44.79703], [20.43453, 44.79725], [20.43518, 44.79763], [20.43579, 44.79779], [20.43712, 44.79853], [20.43862, 44.7992], [20.43923, 44.79957], [20.4399, 44.80008], [20.44059, 44.80042], [20.44105, 44.80057], [20.44401, 44.80236], [20.44407, 44.80283], [20.44447, 44.80304], [20.44468, 44.80328], [20.44475, 44.8035], [20.44514, 44.80384], [20.44541, 44.80398], [20.44559, 44.80425], [20.44598, 44.80457], [20.4459, 44.80485], [20.44605, 44.80528], [20.44663, 44.80592], [20.44682, 44.80627], [20.44731, 44.80659], [20.44833, 44.80792], [20.44854, 44.80808], [20.44879, 44.80868], [20.44895, 44.80886], [20.44909, 44.80896], [20.44932, 44.80956], [20.44943, 44.80958], [20.44975, 44.81083], [20.44968, 44.81156], [20.44998, 44.81325], [20.44999, 44.81449], [20.44987, 44.81482], [20.44991, 44.81517], [20.44999, 44.81524], [20.44992, 44.8153], [20.44978, 44.8153], [20.44969, 44.81527], [20.44971, 44.81514], [20.44961, 44.81509], [20.44942, 44.81512], [20.44776, 44.81497], [20.44582, 44.81491], [20.44177, 44.81468], [20.44055, 44.81473], [20.43937, 44.81468], [20.43926, 44.81574], [20.43901, 44.8164], [20.43865, 44.81695], [20.43801, 44.81753], [20.43728, 44.81791], [20.43564, 44.8187], [20.43219, 44.82015], [20.43156, 44.82048], [20.42937, 44.82148], [20.42895, 44.82162], [20.42585, 44.82306], [20.42405, 44.82382], [20.42155, 44.825], [20.42071, 44.82555], [20.42026, 44.82639], [20.41991, 44.82839], [20.41963, 44.8295], [20.41959, 44.83017], [20.41922, 44.83119], [20.41929, 44.83167], [20.41891, 44.83299], [20.41845, 44.83528], [20.41832, 44.83574], [20.41816, 44.83595], [20.41816, 44.83632], [20.41772, 44.83702], [20.41714, 44.83737], [20.41703, 44.83753], [20.41655, 44.83778], [20.41597, 44.8379], [20.4155, 44.83808], [20.41502, 44.83818], [20.41409, 44.83819], [20.41364, 44.83835], [20.41277, 44.83844], [20.41248, 44.83854], [20.41217, 44.83878], [20.41193, 44.83877], [20.41099, 44.83907], [20.40998, 44.83951], [20.40989, 44.83957], [20.40992, 44.8397], [20.40974, 44.83976], [20.4095, 44.83996], [20.40883, 44.84016], [20.40875, 44.84027], [20.40888, 44.84044], [20.40904, 44.84052], [20.40874, 44.84068], [20.4088, 44.84061], [20.40864, 44.84063], [20.40849, 44.84043], [20.40833, 44.84041], [20.40734, 44.84064], [20.40728, 44.84071], [20.40706, 44.84076], [20.40684, 44.84097], [20.40647, 44.84113], [20.40625, 44.84141], [20.40557, 44.84203], [20.40544, 44.84207], [20.40529, 44.84207], [20.40425, 44.84154], [20.40402, 44.84154], [20.40349, 44.84143], [20.40311, 44.8414], [20.40214, 44.84148], [20.40098, 44.84135], [20.40056, 44.84124], [20.4, 44.84132], [20.39916, 44.84125], [20.39813, 44.84136], [20.39794, 44.84129]]}, "properties": {"id": 9679060905, "name": "Ada brza", "sport": "Ride", "date": "2023-08-19", "distance_km": 25.04, "moving_time_s": 6607, "elev_gain_m": 76, "avg_speed_kmh": 13.6, "avg_hr": null}}, {"type": "Feature", "geometry": {"type": "LineString", "coordinates": [[20.41107, 44.84556], [20.41189, 44.84571], [20.41243, 44.84593], [20.41243, 44.84609], [20.41276, 44.84601], [20.41329, 44.84617], [20.41458, 44.84678], [20.41499, 44.84607], [20.41528, 44.84608], [20.41544, 44.84594], [20.41657, 44.84428], [20.41763, 44.84217], [20.41808, 44.84088], [20.41914, 44.83721], [20.419, 44.83677], [20.4196, 44.83402], [20.4206, 44.83094], [20.42203, 44.82806], [20.42236, 44.82629], [20.42382, 44.82493], [20.42468, 44.82435], [20.42701, 44.82301], [20.42906, 44.82204], [20.43115, 44.8217], [20.43473, 44.82158], [20.43508, 44.82147], [20.43519, 44.82122], [20.43551, 44.82113], [20.43729, 44.82137], [20.43876, 44.82172], [20.43943, 44.82163], [20.43999, 44.82189], [20.44026, 44.8228], [20.44097, 44.82297], [20.44135, 44.82279], [20.44492, 44.818], [20.44567, 44.81654], [20.44615, 44.81495], [20.446, 44.81248], [20.44527, 44.81012], [20.4438, 44.80757], [20.44285, 44.80644], [20.44078, 44.80452], [20.43925, 44.80448], [20.43866, 44.80463], [20.43808, 44.80428], [20.43735, 44.80365], [20.43762, 44.80306], [20.43748, 44.80278], [20.43699, 44.80293], [20.43524, 44.80396], [20.43373, 44.80425], [20.43231, 44.80408], [20.42936, 44.80324], [20.4275, 44.80242], [20.42633, 44.80224], [20.42515, 44.80233], [20.42443, 44.80324], [20.42416, 44.80372], [20.41756, 44.80387], [20.41738, 44.8035], [20.41749, 44.80105], [20.41735, 44.80081], [20.41286, 44.80159], [20.4125, 44.80385], [20.40424, 44.80414], [20.4041, 44.80409], [20.40424, 44.80329], [20.40408, 44.80283], [20.40465, 44.7981], [20.40406, 44.79747], [20.40131, 44.79701], [20.40076, 44.79681], [20.39697, 44.79647], [20.38991, 44.79607], [20.38638, 44.7955], [20.38277, 44.79458], [20.38066, 44.79382], [20.37292, 44.79028], [20.3665, 44.78555], [20.35881, 44.77936], [20.35207, 44.77536], [20.3489, 44.77275], [20.34668, 44.77051], [20.3454, 44.76844], [20.34493, 44.76805], [20.34455, 44.76731], [20.34054, 44.76159], [20.33737, 44.758], [20.33461, 44.75616], [20.32845, 44.75304], [20.32436, 44.75], [20.31742, 44.74534], [20.31129, 44.74369], [20.313, 44.74242], [20.31324, 44.74208], [20.31315, 44.74184], [20.31241, 44.74097], [20.31225, 44.74043], [20.31159, 44.73958], [20.30806, 44.73652], [20.30661, 44.73507], [20.30486, 44.73213], [20.30459, 44.73076], [20.30457, 44.73111], [20.30279, 44.73135], [20.30223, 44.72834], [20.30206, 44.72785], [20.30173, 44.72785], [20.30162, 44.72773], [20.30125, 44.72584], [20.29551, 44.72516], [20.29182, 44.72511], [20.2885, 44.7256], [20.28425, 44.72734], [20.2837, 44.72781], [20.28187, 44.7305], [20.28136, 44.73096], [20.27176, 44.74463], [20.27118, 44.7453], [20.26958, 44.74524], [20.26552, 44.74488], [20.26497, 44.74465], [20.26065, 44.74414], [20.2567, 44.74346], [20.25274, 44.74331], [20.25238, 44.73971], [20.25213, 44.73911], [20.24144, 44.72784], [20.24086, 44.72715], [20.24101, 44.72701], [20.24084, 44.72703], [20.24055, 44.72682], [20.23719, 44.72327], [20.23701, 44.72297], [20.23742, 44.72241], [20.23641, 44.72077], [20.23455, 44.71961], [20.23306, 44.71914], [20.22997, 44.71884], [20.22652, 44.71827], [20.22084, 44.71874], [20.21859, 44.71917], [20.2159, 44.72023], [20.21528, 44.72059], [20.21647, 44.72254], [20.21189, 44.72309], [20.20834, 44.72418], [20.20262, 44.72627], [20.20054, 44.7274], [20.19938, 44.72817], [20.19844, 44.72908], [20.19956, 44.73107], [20.19943, 44.73136], [20.19023, 44.7352], [20.18936, 44.73576], [20.18877, 44.73598], [20.18324, 44.73709], [20.17854, 44.7372], [20.17712, 44.73699], [20.17523, 44.73616], [20.17225, 44.73424], [20.16827, 44.73134], [20.16507, 44.7293], [20.16477, 44.7281], [20.16365, 44.72549], [20.16098, 44.72296], [20.16035, 44.72205], [20.16066, 44.71872], [20.16131, 44.71484], [20.15766, 44.71479], [20.15478, 44.71739], [20.15409, 44.71767], [20.11666, 44.7235], [20.09884, 44.72642], [20.09473, 44.72508], [20.09411, 44.72498], [20.09245, 44.72432], [20.0771, 44.71907], [20.05618, 44.70895], [20.05172, 44.70705], [20.05083, 44.70678], [20.05055, 44.70667], [20.05061, 44.70659], [20.05035, 44.7067], [20.05023, 44.70694], [20.05041, 44.70683], [20.0504, 44.70654], [20.04822, 44.70517], [20.04457, 44.70808], [20.04455, 44.70833], [20.04462, 44.70815], [20.04793, 44.7053], [20.0483, 44.70513], [20.04897, 44.7057], [20.04893, 44.70586], [20.04888, 44.70589], [20.04908, 44.70568], [20.04926, 44.70571], [20.05047, 44.70652], [20.05045, 44.70678], [20.05016, 44.70691], [20.05039, 44.70672], [20.05077, 44.70667], [20.05447, 44.7081], [20.05667, 44.7091], [20.05678, 44.70916], [20.0566, 44.70925], [20.07742, 44.71915], [20.0988, 44.7264], [20.10176, 44.72601], [20.11944, 44.72306], [20.14101, 44.71975], [20.14633, 44.71881], [20.14868, 44.71855], [20.15215, 44.71798], [20.15257, 44.71781], [20.15422, 44.71765], [20.1552, 44.71836], [20.15676, 44.71918], [20.16062, 44.7189], [20.16038, 44.72208], [20.1618, 44.72349], [20.16363, 44.72543], [20.16518, 44.72937], [20.16836, 44.73129], [20.17036, 44.73278], [20.17212, 44.73406], [20.1755, 44.73626], [20.17718, 44.73696], [20.17835, 44.73711], [20.18314, 44.73705], [20.18646, 44.7365], [20.18883, 44.73591], [20.18997, 44.73528], [20.19921, 44.73142], [20.19947, 44.73126], [20.19949, 44.73107], [20.19853, 44.72953], [20.19842, 44.72903], [20.19933, 44.72815], [20.20142, 44.72679], [20.20316, 44.72603], [20.20828, 44.72415], [20.21197, 44.72304], [20.21643, 44.72251], [20.21528, 44.72055], [20.21607, 44.72025], [20.21615, 44.72012], [20.21833, 44.71923], [20.22138, 44.71866], [20.22654, 44.71824], [20.22974, 44.71877], [20.23296, 44.71912], [20.23458, 44.7196], [20.2365, 44.72083], [20.23745, 44.72243], [20.23698, 44.72311], [20.25223, 44.7391], [20.25242, 44.73953], [20.25259, 44.74253], [20.25284, 44.74335], [20.25321, 44.74325], [20.25351, 44.74337], [20.25661, 44.74345], [20.26137, 44.74428], [20.26496, 44.74465], [20.26585, 44.74489], [20.26952, 44.74524], [20.27105, 44.74534], [20.27152, 44.74518], [20.27311, 44.74266], [20.28235, 44.72979], [20.28267, 44.7293], [20.28254, 44.72925], [20.28412, 44.72739], [20.28862, 44.72559], [20.29217, 44.72505], [20.29563, 44.72516], [20.30118, 44.72581], [20.30135, 44.72594], [20.3016, 44.72777], [20.30215, 44.72786], [20.30221, 44.72799], [20.30234, 44.72966], [20.30278, 44.73125], [20.30293, 44.73144], [20.30472, 44.73109], [20.30478, 44.73202], [20.30654, 44.73504], [20.31131, 44.73926], [20.31243, 44.74053], [20.31251, 44.74113], [20.3127, 44.74154], [20.31323, 44.74218], [20.31155, 44.74349], [20.31143, 44.74378], [20.31777, 44.74552], [20.32831, 44.75289], [20.33391, 44.75573], [20.33667, 44.7575], [20.33782, 44.75841], [20.34035, 44.76131], [20.34473, 44.76769], [20.34546, 44.76852], [20.34614, 44.76971], [20.34739, 44.77124], [20.34886, 44.77265], [20.35202, 44.77528], [20.35841, 44.77907], [20.36128, 44.78127]]}, "properties": {"id": 9678213676, "name": "Lunch Ride", "sport": "Ride", "date": "2023-08-08", "distance_km": 95.06, "moving_time_s": 953472, "elev_gain_m": 70, "avg_speed_kmh": 0.4, "avg_hr": null}}, {"type": "Feature", "geometry": {"type": "LineString", "coordinates": [[20.3964, 44.84185], [20.39649, 44.84203], [20.39659, 44.84214], [20.39647, 44.84208], [20.39649, 44.84205], [20.39644, 44.84208], [20.39641, 44.84201], [20.39645, 44.84192], [20.39659, 44.84184], [20.39723, 44.84172], [20.39768, 44.84174], [20.39777, 44.84183], [20.39797, 44.84192], [20.39847, 44.84237], [20.39864, 44.84264], [20.39913, 44.84317], [20.40083, 44.84263], [20.40091, 44.84266], [20.40096, 44.84279], [20.4011, 44.84288], [20.40113, 44.84297], [20.4012, 44.84298], [20.40141, 44.84295], [20.40209, 44.84271], [20.4025, 44.84266], [20.40255, 44.84261], [20.40261, 44.84263], [20.40257, 44.84266], [20.40254, 44.84254], [20.40239, 44.84231], [20.40189, 44.84237], [20.40157, 44.84247], [20.40043, 44.84298], [20.39997, 44.84311], [20.39987, 44.8432], [20.39965, 44.84325], [20.39926, 44.84324], [20.39945, 44.84344], [20.39981, 44.84392], [20.39994, 44.84419], [20.40023, 44.84448], [20.40106, 44.84569], [20.40219, 44.84699], [20.4027, 44.84677], [20.40316, 44.84659], [20.40332, 44.84664], [20.40357, 44.84666], [20.40456, 44.84662], [20.4063, 44.84631], [20.40777, 44.8465], [20.4084, 44.84652], [20.40874, 44.8464], [20.40915, 44.84632], [20.40962, 44.84584], [20.4099, 44.84568], [20.40992, 44.84558], [20.41013, 44.84545], [20.41022, 44.84531], [20.41034, 44.84528], [20.41038, 44.84518], [20.41055, 44.84521], [20.4109, 44.84538], [20.41127, 44.84548], [20.41159, 44.84564], [20.41224, 44.84576], [20.41262, 44.84591], [20.41305, 44.84598], [20.41332, 44.84607], [20.41409, 44.84656], [20.41442, 44.84665], [20.4145, 44.84676], [20.41475, 44.8464], [20.41485, 44.84612], [20.41523, 44.84613], [20.41543, 44.84604], [20.41543, 44.84596], [20.41572, 44.84562], [20.41596, 44.8452], [20.41621, 44.84493], [20.41682, 44.84401], [20.4172, 44.84331], [20.41721, 44.84309], [20.4173, 44.84299], [20.4175, 44.84242], [20.41777, 44.84199], [20.41815, 44.84074], [20.41844, 44.83951], [20.41872, 44.83861], [20.41906, 44.83709], [20.41899, 44.83686], [20.41917, 44.83579], [20.41943, 44.83505], [20.41942, 44.8348], [20.41949, 44.83471], [20.41952, 44.8344], [20.41975, 44.83385], [20.42005, 44.83248], [20.42016, 44.83232], [20.42042, 44.83136], [20.42091, 44.83002], [20.42145, 44.82893], [20.42207, 44.82795], [20.42232, 44.82629], [20.42314, 44.82547], [20.42364, 44.82506], [20.42466, 44.82439], [20.42536, 44.8242], [20.42555, 44.82393], [20.42652, 44.82324], [20.42693, 44.8231], [20.42712, 44.82293], [20.42767, 44.82274], [20.42808, 44.82251], [20.42838, 44.8224], [20.42869, 44.82217], [20.42937, 44.82189], [20.42961, 44.82193], [20.43082, 44.8217], [20.43279, 44.82157], [20.43423, 44.82153], [20.43496, 44.82163], [20.43504, 44.82158], [20.43522, 44.82115], [20.43539, 44.82107], [20.43577, 44.82118], [20.43582, 44.82122], [20.43624, 44.82127], [20.43645, 44.8214], [20.43691, 44.82134], [20.43734, 44.82137], [20.43764, 44.8215], [20.43816, 44.82166], [20.43876, 44.82163], [20.43908, 44.82171], [20.43941, 44.82165], [20.4399, 44.82175], [20.44005, 44.82191], [20.4401, 44.82228], [20.44024, 44.82257], [20.44023, 44.82266], [20.44013, 44.82274], [20.44104, 44.82301], [20.44128, 44.82294], [20.44138, 44.8227], [20.44188, 44.82208], [20.44208, 44.82174], [20.44234, 44.82149], [20.44265, 44.82098], [20.44337, 44.82012], [20.44447, 44.81867], [20.44559, 44.81671], [20.44606, 44.81537], [20.44604, 44.8153], [20.4458, 44.81526], [20.44542, 44.81507], [20.4443, 44.81506], [20.44331, 44.81499], [20.44296, 44.81492], [20.44196, 44.81493], [20.44136, 44.81486], [20.44086, 44.81489], [20.44094, 44.81471], [20.44102, 44.81469], [20.44126, 44.81466], [20.44228, 44.81468], [20.44404, 44.8148], [20.44607, 44.81489], [20.44789, 44.81496], [20.44859, 44.81503], [20.4497, 44.81505], [20.44962, 44.81526], [20.44978, 44.81552], [20.44913, 44.81789], [20.44888, 44.81837], [20.44821, 44.81956], [20.4478, 44.82018], [20.44618, 44.82238], [20.44631, 44.82257], [20.44563, 44.8242], [20.44551, 44.82459], [20.44549, 44.82527], [20.44539, 44.82543], [20.44529, 44.82547], [20.4454, 44.82581], [20.44574, 44.826], [20.44583, 44.82612], [20.44586, 44.82647], [20.44624, 44.82707], [20.44717, 44.82805], [20.4473, 44.8281], [20.44772, 44.82815], [20.44762, 44.82836], [20.44771, 44.82853], [20.44896, 44.82926], [20.45001, 44.82976], [20.45049, 44.82995], [20.45085, 44.83002], [20.45133, 44.8302], [20.45228, 44.83042], [20.45249, 44.8305], [20.45282, 44.83056], [20.45507, 44.83068], [20.45651, 44.83063], [20.45725, 44.83067], [20.45759, 44.83064], [20.45781, 44.83051], [20.45854, 44.83044], [20.46011, 44.83038], [20.46136, 44.83028], [20.46238, 44.83016], [20.46294, 44.83002], [20.46348, 44.83003], [20.46384, 44.8299], [20.4641, 44.82988], [20.46431, 44.82991], [20.46425, 44.83001], [20.46411, 44.82999], [20.46359, 44.8301], [20.46354, 44.83015], [20.46357, 44.83011], [20.46337, 44.83005], [20.46285, 44.83004], [20.46231, 44.8302], [20.46177, 44.83027], [20.46114, 44.83027], [20.45924, 44.83044], [20.45841, 44.83043], [20.45682, 44.83058], [20.45633, 44.83068], [20.45524, 44.8307], [20.45364, 44.83063], [20.45264, 44.83053], [20.45137, 44.8302], [20.45077, 44.83001], [20.45044, 44.82996], [20.44949, 44.82953], [20.44796, 44.82864], [20.4477, 44.82852], [20.4476, 44.82838], [20.44768, 44.82814], [20.44749, 44.82805], [20.44715, 44.82804], [20.44642, 44.82733], [20.44585, 44.82646], [20.44584, 44.82604], [20.44574, 44.82593], [20.44542, 44.82575], [20.44533, 44.82551], [20.44547, 44.82534], [20.44563, 44.82526], [20.44559, 44.82451], [20.4456, 44.82454], [20.44552, 44.82452], [20.44594, 44.82322], [20.44627, 44.82248], [20.44624, 44.82226], [20.44666, 44.82173], [20.44706, 44.82111], [20.44793, 44.82001], [20.44845, 44.81911], [20.44902, 44.81788], [20.44948, 44.81626], [20.44971, 44.81511], [20.44873, 44.81499], [20.44523, 44.81485], [20.44147, 44.81463], [20.44096, 44.81464], [20.44093, 44.81483], [20.44143, 44.81482], [20.44184, 44.81494], [20.44303, 44.81497], [20.44542, 44.81513], [20.44604, 44.81525], [20.44612, 44.81533], [20.44613, 44.81542], [20.44535, 44.81727], [20.44445, 44.81872], [20.44398, 44.81942], [20.44328, 44.82027], [20.44297, 44.82075], [20.44144, 44.82267], [20.44118, 44.82292], [20.44088, 44.82298], [20.44051, 44.82292], [20.44014, 44.82277], [20.44011, 44.82264], [20.4402, 44.82241], [20.44, 44.82191], [20.43989, 44.82175], [20.43957, 44.82163], [20.43919, 44.82157], [20.43835, 44.82161], [20.43729, 44.82138], [20.43631, 44.82126], [20.43598, 44.82124], [20.43552, 44.82113], [20.43529, 44.82113], [20.43515, 44.82118], [20.43495, 44.82149], [20.43471, 44.82159], [20.4346, 44.8216], [20.4341, 44.82151], [20.43278, 44.82162], [20.43205, 44.82162], [20.4306, 44.82177], [20.42904, 44.82207], [20.42779, 44.82274], [20.42727, 44.82292], [20.42687, 44.8232], [20.42641, 44.82343], [20.42517, 44.82418], [20.42457, 44.82443], [20.42334, 44.82535], [20.42259, 44.82611], [20.42234, 44.82657], [20.42219, 44.82763], [20.42203, 44.82812], [20.42114, 44.82971], [20.42082, 44.83045], [20.41988, 44.83315], [20.4196, 44.83425], [20.41911, 44.83652], [20.41907, 44.83686], [20.41916, 44.8373], [20.41846, 44.83956], [20.4182, 44.83981], [20.41806, 44.84026], [20.41808, 44.84045], [20.41799, 44.84087], [20.41765, 44.84172], [20.41712, 44.8429], [20.4167, 44.84371], [20.41605, 44.84475], [20.41527, 44.84578], [20.4151, 44.84608], [20.41449, 44.84689], [20.41422, 44.84691], [20.41305, 44.84682], [20.41063, 44.84652], [20.40965, 44.84649], [20.40909, 44.8464], [20.40893, 44.84639], [20.40868, 44.84645], [20.40841, 44.84644], [20.40784, 44.84654], [20.40615, 44.8464], [20.40574, 44.84641], [20.4044, 44.8466], [20.40306, 44.84667], [20.40234, 44.84692], [20.40219, 44.8468], [20.40202, 44.84678], [20.40192, 44.8467], [20.4011, 44.84584], [20.40099, 44.84559], [20.40019, 44.8445], [20.39932, 44.8435], [20.39915, 44.84344], [20.39893, 44.84345], [20.39873, 44.84358], [20.39777, 44.84373], [20.39754, 44.84371], [20.39725, 44.84348], [20.39681, 44.8427]]}, "properties": {"id": 9564277428, "name": "Laganih 2h kejom", "sport": "Ride", "date": "2023-08-01", "distance_km": 23.48, "moving_time_s": 6377, "elev_gain_m": 73, "avg_speed_kmh": 13.3, "avg_hr": null}}, {"type": "Feature", "geometry": {"type": "LineString", "coordinates": [[20.44381, 44.81498], [20.44325, 44.815], [20.44206, 44.81487], [20.44112, 44.81484], [20.44096, 44.81482], [20.44093, 44.81473], [20.4411, 44.81468], [20.44214, 44.81469], [20.44735, 44.81498], [20.44933, 44.81503], [20.45033, 44.81515], [20.45129, 44.81518], [20.45143, 44.81523], [20.45125, 44.81516], [20.45125, 44.815], [20.45113, 44.81501], [20.45102, 44.81492], [20.45084, 44.81494], [20.45088, 44.81489], [20.45084, 44.81518], [20.45057, 44.81524], [20.45025, 44.81529], [20.45001, 44.81507], [20.45002, 44.81485], [20.4499, 44.81465], [20.44994, 44.81341], [20.4495, 44.81114], [20.44947, 44.81054], [20.4489, 44.80888], [20.44867, 44.80843], [20.44747, 44.80673], [20.44699, 44.80642], [20.44665, 44.80611], [20.44582, 44.80513], [20.44568, 44.80456], [20.44524, 44.80403], [20.44492, 44.8037], [20.44458, 44.80348], [20.44336, 44.80224], [20.44276, 44.8018], [20.44266, 44.80165], [20.44209, 44.80137], [20.44168, 44.80126], [20.44005, 44.80027], [20.43904, 44.79951], [20.43817, 44.79905], [20.43792, 44.79898], [20.43758, 44.79872], [20.43701, 44.79854], [20.43569, 44.7978], [20.43464, 44.79739], [20.43411, 44.79704], [20.43333, 44.79676], [20.43261, 44.79637], [20.43215, 44.7962], [20.43155, 44.79587], [20.43046, 44.79542], [20.4289, 44.79436], [20.42845, 44.79391], [20.42799, 44.79372], [20.42733, 44.79333], [20.42658, 44.79276], [20.42628, 44.7924], [20.42579, 44.79208], [20.42471, 44.79152], [20.42435, 44.79149], [20.42395, 44.79126], [20.42326, 44.79071], [20.42157, 44.7896], [20.42061, 44.78912], [20.41996, 44.78887], [20.41902, 44.78881], [20.41794, 44.78845], [20.41769, 44.78844], [20.4165, 44.78878], [20.41636, 44.78899], [20.41631, 44.78947], [20.41625, 44.78966], [20.41562, 44.78963], [20.41453, 44.78974], [20.41419, 44.7897], [20.41351, 44.79017], [20.41351, 44.79023], [20.41327, 44.79032], [20.41291, 44.79035], [20.41277, 44.79049], [20.41195, 44.79046], [20.41093, 44.79046], [20.41006, 44.79042], [20.40942, 44.79029], [20.40868, 44.79026], [20.40739, 44.78985], [20.40618, 44.78972], [20.40571, 44.78954], [20.40538, 44.78922], [20.40418, 44.78895], [20.40355, 44.78905], [20.40285, 44.78891], [20.40232, 44.78872], [20.40201, 44.78874], [20.40152, 44.78853], [20.40116, 44.7885], [20.39968, 44.78848], [20.39823, 44.78839], [20.3976, 44.78841], [20.39524, 44.7882], [20.39424, 44.78803], [20.39159, 44.78744], [20.39001, 44.78698], [20.38832, 44.78631], [20.38549, 44.78485], [20.38421, 44.78402], [20.3828, 44.78327], [20.38164, 44.78276], [20.37957, 44.782], [20.37884, 44.78185], [20.37774, 44.78175], [20.3771, 44.78159], [20.37577, 44.78106], [20.37508, 44.78066], [20.37412, 44.77992], [20.37377, 44.7795], [20.37314, 44.77899], [20.3726, 44.7786], [20.37242, 44.77833], [20.37255, 44.7778], [20.37312, 44.77722], [20.37388, 44.77653], [20.37433, 44.77622], [20.37483, 44.77617], [20.37545, 44.77641], [20.3758, 44.77635], [20.37611, 44.77644], [20.37674, 44.77674], [20.37788, 44.77754], [20.37846, 44.77786], [20.37954, 44.7784], [20.37979, 44.77846], [20.38134, 44.77911], [20.38144, 44.77929], [20.38159, 44.77939], [20.38148, 44.77953], [20.38158, 44.77955], [20.38153, 44.77951], [20.38165, 44.77944], [20.38311, 44.78002], [20.38309, 44.77998], [20.38318, 44.77999], [20.38399, 44.78038], [20.38679, 44.78144], [20.38764, 44.78173], [20.38905, 44.78202], [20.38963, 44.78208], [20.39036, 44.78234], [20.39067, 44.78239], [20.39262, 44.78299], [20.39325, 44.78314], [20.39442, 44.78333], [20.39521, 44.78357], [20.39558, 44.78359], [20.39675, 44.78403], [20.39981, 44.78482], [20.40072, 44.78496], [20.40237, 44.78501], [20.40436, 44.78523], [20.40562, 44.78552], [20.40601, 44.78574], [20.40643, 44.78575], [20.40662, 44.7858], [20.40699, 44.78594], [20.40725, 44.78621], [20.40742, 44.78629], [20.40746, 44.78622], [20.40746, 44.7862], [20.4075, 44.78627], [20.40742, 44.7863], [20.40746, 44.78626], [20.40758, 44.78635], [20.40807, 44.7864], [20.40851, 44.78658], [20.40977, 44.78667], [20.41079, 44.78667], [20.41105, 44.78663], [20.41123, 44.78676], [20.41135, 44.7868], [20.41413, 44.78719], [20.41481, 44.7874], [20.41555, 44.78777], [20.41587, 44.78772], [20.41803, 44.78837], [20.41843, 44.78843], [20.41978, 44.78877], [20.42064, 44.78909], [20.4217, 44.78963], [20.42426, 44.79142], [20.4258, 44.79222], [20.42622, 44.79251], [20.42643, 44.79281], [20.42646, 44.79314], [20.426, 44.79488], [20.42555, 44.79735], [20.42469, 44.80132], [20.42453, 44.80178], [20.42407, 44.80237], [20.42384, 44.80259], [20.42338, 44.80288], [20.42316, 44.8029], [20.42266, 44.80311], [20.4216, 44.80339], [20.42054, 44.8035], [20.4178, 44.80359], [20.41761, 44.80373], [20.4175, 44.80412], [20.41756, 44.80448], [20.41742, 44.80518], [20.41757, 44.80567], [20.4179, 44.80592], [20.41843, 44.80654], [20.41864, 44.80664], [20.41912, 44.80728], [20.41959, 44.80773], [20.41987, 44.80784], [20.41981, 44.80789], [20.41982, 44.80811], [20.42004, 44.80839], [20.42011, 44.80839], [20.42004, 44.80839], [20.42009, 44.80848], [20.42025, 44.80857], [20.42041, 44.80884], [20.42198, 44.81054], [20.42221, 44.81075], [20.42292, 44.81114], [20.42315, 44.81152], [20.4231, 44.81174], [20.42281, 44.81187], [20.42216, 44.81189], [20.42144, 44.8122], [20.42094, 44.81234], [20.41807, 44.8137], [20.41687, 44.81423], [20.41656, 44.81432], [20.41665, 44.81443], [20.41617, 44.81467], [20.41599, 44.81468], [20.4142, 44.81541], [20.41389, 44.8156], [20.41304, 44.81602], [20.41291, 44.81607], [20.41227, 44.8162], [20.41153, 44.81664], [20.41108, 44.81699], [20.41047, 44.81727], [20.41021, 44.81729], [20.4099, 44.81746], [20.40914, 44.81843], [20.40892, 44.81895], [20.40878, 44.81888], [20.40865, 44.81894], [20.40858, 44.8189], [20.40847, 44.81896], [20.40815, 44.81898], [20.4079, 44.81854], [20.4074, 44.81862], [20.40717, 44.81881], [20.40603, 44.81939], [20.40565, 44.81949], [20.40507, 44.81975], [20.4038, 44.8204], [20.40365, 44.82041], [20.4034, 44.82055], [20.40312, 44.82062], [20.40099, 44.82162], [20.40067, 44.82182], [20.40043, 44.82188], [20.39985, 44.82216], [20.39952, 44.82241], [20.39926, 44.82286], [20.39908, 44.82303], [20.39747, 44.82355], [20.39735, 44.82368], [20.39744, 44.82389], [20.39743, 44.82412], [20.39778, 44.82462], [20.39818, 44.82616], [20.39813, 44.82634], [20.39793, 44.82653], [20.39751, 44.82662], [20.39639, 44.82698], [20.39468, 44.82712], [20.39365, 44.82714], [20.39328, 44.82721], [20.39326, 44.8274], [20.39351, 44.82798], [20.39376, 44.82829], [20.39388, 44.82857], [20.39406, 44.82874], [20.39409, 44.82896], [20.3943, 44.82936], [20.39436, 44.82976], [20.39459, 44.8301], [20.39479, 44.83082], [20.39492, 44.83103], [20.39493, 44.83129], [20.39515, 44.83155], [20.39531, 44.83196], [20.39544, 44.83255], [20.39569, 44.83311], [20.39568, 44.83328], [20.39604, 44.83393], [20.39574, 44.83404], [20.39493, 44.83413], [20.39346, 44.83385], [20.3928, 44.83387], [20.39158, 44.83379], [20.391, 44.83367], [20.39086, 44.83372], [20.39081, 44.83379], [20.39079, 44.83443], [20.39089, 44.83474], [20.39193, 44.83707], [20.39205, 44.83719], [20.39182, 44.8373], [20.39067, 44.83763], [20.39021, 44.83783], [20.38981, 44.83798], [20.39002, 44.83833], [20.39045, 44.83879], [20.39058, 44.83912], [20.39098, 44.83946], [20.39181, 44.84042], [20.39153, 44.8406], [20.39136, 44.84058], [20.39129, 44.84047], [20.3912, 44.84044], [20.39077, 44.84056], [20.39049, 44.8407], [20.39049, 44.84082], [20.39055, 44.8408], [20.39043, 44.84084], [20.39041, 44.84091], [20.39042, 44.84085], [20.39029, 44.8409], [20.39031, 44.84106], [20.39036, 44.8411], [20.3906, 44.84103], [20.39118, 44.84112], [20.3922, 44.841], [20.39263, 44.84109]]}, "properties": {"id": 9521056702, "name": "Kruzic oko Ade", "sport": "Ride", "date": "2023-07-25", "distance_km": 24.14, "moving_time_s": 7378, "elev_gain_m": 104, "avg_speed_kmh": 11.8, "avg_hr": null}}, {"type": "Feature", "geometry": {"type": "LineString", "coordinates": [[20.39649, 44.84205], [20.39745, 44.84367], [20.39948, 44.84355], [20.40219, 44.84694], [20.40303, 44.8467], [20.40612, 44.8464], [20.40803, 44.84657], [20.40893, 44.84637], [20.41334, 44.84683], [20.41445, 44.84679], [20.41491, 44.8462], [20.41533, 44.84615], [20.41601, 44.84538], [20.41768, 44.84229], [20.41909, 44.83744], [20.41943, 44.83471], [20.42049, 44.83131], [20.42199, 44.82813], [20.42237, 44.82641], [20.42342, 44.82528], [20.4247, 44.82433], [20.42677, 44.82336], [20.42888, 44.82216], [20.43078, 44.82175], [20.43471, 44.82157], [20.43561, 44.82114], [20.4383, 44.82164], [20.4398, 44.82169], [20.4402, 44.82275], [20.4411, 44.82295], [20.44329, 44.82036], [20.44526, 44.81751], [20.44608, 44.81529], [20.44523, 44.81511], [20.44545, 44.81499], [20.44527, 44.81489], [20.4531, 44.81521], [20.45395, 44.81494], [20.45434, 44.81503], [20.45586, 44.81482], [20.45655, 44.81444], [20.45742, 44.81424], [20.45989, 44.81047], [20.4621, 44.80798], [20.46421, 44.80663], [20.46592, 44.80371], [20.46499, 44.80284], [20.4661, 44.80206], [20.46629, 44.80144], [20.46579, 44.80083], [20.46507, 44.79643], [20.46505, 44.79568], [20.4661, 44.7931], [20.46627, 44.79153], [20.46654, 44.79128], [20.46522, 44.78769], [20.46558, 44.78723], [20.46585, 44.78477], [20.46836, 44.77951], [20.47182, 44.77727], [20.47261, 44.7764], [20.47347, 44.7739], [20.47606, 44.77029], [20.47903, 44.7628], [20.48127, 44.75969], [20.48331, 44.75646], [20.48327, 44.75598], [20.48221, 44.75531], [20.48175, 44.75462], [20.48228, 44.7518], [20.48164, 44.75054], [20.48089, 44.75003], [20.47962, 44.75025], [20.47853, 44.74988], [20.47718, 44.74994], [20.47663, 44.74963], [20.47654, 44.74865], [20.47709, 44.74631], [20.47754, 44.74571], [20.48208, 44.74292], [20.48413, 44.74221], [20.4868, 44.73959], [20.48575, 44.73887], [20.48571, 44.73741], [20.48367, 44.73508], [20.48279, 44.73136], [20.48344, 44.73031], [20.48714, 44.7266], [20.48818, 44.72641], [20.48986, 44.72665], [20.49227, 44.72595], [20.49358, 44.72613], [20.4945, 44.7264], [20.49449, 44.72653], [20.49473, 44.72644], [20.49571, 44.72674], [20.49626, 44.72672], [20.49706, 44.72625], [20.49802, 44.72609], [20.49822, 44.7259], [20.49761, 44.72465], [20.49586, 44.72344], [20.49577, 44.72296], [20.49627, 44.72239], [20.50019, 44.72104], [20.501, 44.72117], [20.50172, 44.72212], [20.50252, 44.72209], [20.50293, 44.72182], [20.50406, 44.71926], [20.50387, 44.71732], [20.50428, 44.7156], [20.50589, 44.71331], [20.50573, 44.71193], [20.50623, 44.71026], [20.50642, 44.71031], [20.50737, 44.70941], [20.50783, 44.70801], [20.50871, 44.70698], [20.50871, 44.70656], [20.50853, 44.70567], [20.5071, 44.70446], [20.50352, 44.70022], [20.5029, 44.69853], [20.5022, 44.69761], [20.50191, 44.69648], [20.50169, 44.69652], [20.50187, 44.69593], [20.50282, 44.69505], [20.50345, 44.69476], [20.50324, 44.69398], [20.50345, 44.69326], [20.50391, 44.69269], [20.50498, 44.69196], [20.50485, 44.69095], [20.50552, 44.69007], [20.50653, 44.68944], [20.50654, 44.68894], [20.50617, 44.68886], [20.50657, 44.68876], [20.50723, 44.68787], [20.50711, 44.68775], [20.50775, 44.68769], [20.50873, 44.68717], [20.51124, 44.68733], [20.51152, 44.6864], [20.51213, 44.6861], [20.51429, 44.68602], [20.51637, 44.68518], [20.51703, 44.68527], [20.51798, 44.68615], [20.51887, 44.68684], [20.51944, 44.68695], [20.52042, 44.68674], [20.52122, 44.68716], [20.52138, 44.68785], [20.52083, 44.68897], [20.52077, 44.68979], [20.52043, 44.68985], [20.52064, 44.6882], [20.52018, 44.68771], [20.51876, 44.68778], [20.51748, 44.68724], [20.51698, 44.68719], [20.51476, 44.68804], [20.5142, 44.68907], [20.51254, 44.68969], [20.51208, 44.69009], [20.51218, 44.69087], [20.51263, 44.69131], [20.51325, 44.69158], [20.51314, 44.691], [20.51392, 44.6909], [20.51483, 44.69018], [20.51431, 44.69065], [20.51401, 44.69067], [20.51408, 44.69021], [20.51474, 44.68963], [20.51569, 44.68925], [20.51578, 44.68942], [20.51563, 44.68919], [20.51589, 44.68901], [20.51563, 44.68933], [20.51563, 44.68918], [20.51531, 44.68929], [20.51415, 44.69007], [20.51405, 44.69235], [20.51311, 44.69365], [20.51298, 44.69475], [20.51334, 44.69512], [20.51467, 44.69564], [20.51586, 44.69644], [20.51595, 44.69728], [20.51679, 44.69675], [20.51659, 44.69609], [20.51691, 44.696], [20.51769, 44.69622], [20.51874, 44.69687], [20.51846, 44.69803], [20.52017, 44.69796], [20.52061, 44.69774], [20.52089, 44.6973], [20.52104, 44.6979], [20.52014, 44.69854], [20.51897, 44.69904], [20.5159, 44.69946], [20.5135, 44.6992], [20.5123, 44.69864], [20.51016, 44.69864], [20.51077, 44.69919], [20.50999, 44.69928], [20.508, 44.69883], [20.50678, 44.6983], [20.50423, 44.6958], [20.50371, 44.69573], [20.50202, 44.69605], [20.50232, 44.69776], [20.50299, 44.69866], [20.5036, 44.70021], [20.50757, 44.70489], [20.50856, 44.70562], [20.50878, 44.7066], [20.50868, 44.70724], [20.50791, 44.70816], [20.50745, 44.70936], [20.50648, 44.71034], [20.50606, 44.7111], [20.50592, 44.71359], [20.50423, 44.71589], [20.50401, 44.71722], [20.50415, 44.7193], [20.50314, 44.72161], [20.50268, 44.72203], [20.50205, 44.72212], [20.50152, 44.72189], [20.50091, 44.72118], [20.50027, 44.72103], [20.49724, 44.72199], [20.49621, 44.72248], [20.4959, 44.72296], [20.49597, 44.72339], [20.49763, 44.72457], [20.49825, 44.72569], [20.49793, 44.72609], [20.49627, 44.72669], [20.49549, 44.7267], [20.49227, 44.72597], [20.49121, 44.72612], [20.4898, 44.7266], [20.48815, 44.72641], [20.48726, 44.72658], [20.48643, 44.72715], [20.48302, 44.73099], [20.4829, 44.73202], [20.48384, 44.73521], [20.48569, 44.73734], [20.48571, 44.73878], [20.48586, 44.73904], [20.48652, 44.73931], [20.48664, 44.7398], [20.4841, 44.74223], [20.48145, 44.74324], [20.47769, 44.74569], [20.47723, 44.74621], [20.47656, 44.7487], [20.47663, 44.74946], [20.47728, 44.74995], [20.47865, 44.74989], [20.47947, 44.75013], [20.48083, 44.74999], [20.48168, 44.75034], [20.48233, 44.75177], [20.48165, 44.75451], [20.48206, 44.75513], [20.48328, 44.75605], [20.48328, 44.7564], [20.48042, 44.76065], [20.48044, 44.76117], [20.47884, 44.76358], [20.47621, 44.7706], [20.47365, 44.77408], [20.47287, 44.77655], [20.47157, 44.77781], [20.46918, 44.77908], [20.46807, 44.7805], [20.46632, 44.78444], [20.4659, 44.78638], [20.46601, 44.78722], [20.46566, 44.78724], [20.46526, 44.78758], [20.46657, 44.79124], [20.46595, 44.7934], [20.46569, 44.79362], [20.46312, 44.79081], [20.46448, 44.79275], [20.4637, 44.7923], [20.46384, 44.792], [20.46296, 44.7916], [20.45951, 44.79083], [20.46046, 44.79104], [20.45512, 44.79359], [20.45433, 44.79329], [20.45492, 44.79354], [20.45445, 44.79332], [20.4539, 44.79335], [20.44974, 44.79494], [20.44481, 44.79511], [20.44362, 44.79577], [20.4425, 44.79603], [20.44119, 44.79659], [20.43626, 44.80001], [20.43166, 44.80292], [20.42696, 44.80372], [20.42529, 44.80384], [20.42307, 44.80439], [20.4217, 44.80504], [20.41803, 44.80745], [20.41733, 44.80777], [20.41743, 44.80744], [20.41713, 44.80746], [20.4162, 44.8079], [20.41468, 44.80898], [20.41026, 44.81074], [20.40855, 44.8112], [20.40159, 44.814], [20.39891, 44.81577], [20.39641, 44.81679], [20.39489, 44.81771], [20.37828, 44.83504], [20.3768, 44.83563], [20.37325, 44.83646], [20.37169, 44.83706], [20.37181, 44.83664], [20.37196, 44.83693], [20.37157, 44.83737], [20.37223, 44.83975], [20.3835, 44.83835], [20.38457, 44.84188], [20.38784, 44.84166], [20.39188, 44.84106], [20.39279, 44.84118]]}, "properties": {"id": 9501956998, "name": "Voznja do Avale po gradu (oba smisla) ", "sport": "Ride", "date": "2023-07-22", "distance_km": 61.38, "moving_time_s": 15309, "elev_gain_m": 676, "avg_speed_kmh": 14.4, "avg_hr": null}}, {"type": "Feature", "geometry": {"type": "LineString", "coordinates": [[20.40213, 44.88636], [20.40105, 44.88543], [20.40041, 44.88492], [20.39875, 44.8834], [20.39786, 44.88254], [20.39712, 44.88176], [20.39656, 44.88121], [20.39618, 44.88082], [20.39614, 44.88079], [20.39578, 44.8804], [20.39471, 44.87933], [20.39394, 44.87853], [20.39388, 44.87845], [20.39324, 44.87783], [20.39323, 44.8778], [20.39298, 44.87757], [20.39194, 44.8765], [20.39149, 44.87606], [20.39074, 44.87529], [20.39073, 44.87525], [20.3906, 44.87515], [20.39032, 44.87485], [20.39023, 44.87478], [20.38952, 44.87397], [20.38895, 44.87336], [20.3875, 44.87166], [20.38724, 44.87138], [20.38636, 44.87035], [20.38589, 44.86982], [20.38574, 44.86963], [20.38559, 44.86947], [20.38451, 44.86819], [20.38425, 44.86792], [20.38359, 44.86713], [20.38318, 44.86668], [20.38308, 44.86653], [20.38221, 44.86559], [20.38174, 44.86502], [20.38167, 44.86496], [20.38149, 44.86475], [20.381, 44.86417], [20.38099, 44.86414], [20.38094, 44.86406], [20.38088, 44.86402], [20.38066, 44.86378], [20.38056, 44.8637], [20.3804, 44.86347], [20.38006, 44.86309], [20.37923, 44.86214], [20.37878, 44.86159], [20.37861, 44.86141], [20.37848, 44.8612], [20.37852, 44.86116], [20.37864, 44.86118], [20.37877, 44.86115], [20.37887, 44.86111], [20.37901, 44.86098], [20.37953, 44.86076], [20.37977, 44.86062], [20.38023, 44.86031], [20.38061, 44.86009], [20.38094, 44.85993], [20.38106, 44.85984], [20.38127, 44.85975], [20.38149, 44.85958], [20.38158, 44.85956], [20.38179, 44.85945], [20.38211, 44.85924], [20.38229, 44.85915], [20.38253, 44.85898], [20.38268, 44.85891], [20.38282, 44.85883], [20.38299, 44.85878], [20.38315, 44.85866], [20.38413, 44.85814], [20.38415, 44.85812], [20.38415, 44.85806], [20.38409, 44.85798], [20.38358, 44.85741], [20.38347, 44.85723], [20.38326, 44.85697], [20.38324, 44.85692], [20.38328, 44.85688], [20.38356, 44.85677], [20.38372, 44.85666], [20.38435, 44.85643], [20.3845, 44.85634], [20.38506, 44.8561], [20.3852, 44.85602], [20.38527, 44.85592], [20.38555, 44.85581], [20.38574, 44.8557], [20.38623, 44.8555], [20.38643, 44.85539], [20.38664, 44.85534], [20.38714, 44.85512], [20.3873, 44.855], [20.38763, 44.85484], [20.3877, 44.85475], [20.38775, 44.85471], [20.38798, 44.8546], [20.38869, 44.85432], [20.38964, 44.854], [20.39001, 44.85384], [20.39019, 44.85379], [20.39082, 44.85355], [20.39091, 44.8535], [20.39092, 44.85344], [20.39089, 44.85313], [20.39089, 44.85294], [20.39095, 44.85276], [20.39095, 44.85271], [20.39089, 44.85244], [20.39089, 44.85236], [20.39086, 44.85229], [20.39087, 44.85213], [20.39085, 44.85205], [20.39079, 44.85188], [20.39074, 44.85164], [20.39071, 44.85155], [20.39068, 44.85139], [20.39065, 44.85136], [20.39067, 44.85122], [20.39067, 44.85106], [20.39065, 44.85098], [20.39061, 44.85035], [20.39047, 44.84987], [20.39047, 44.84975], [20.39043, 44.84968], [20.39034, 44.84967], [20.39026, 44.8496], [20.39025, 44.84946], [20.39028, 44.84944], [20.39046, 44.8494], [20.39074, 44.84938], [20.39134, 44.84927], [20.39148, 44.84921], [20.39171, 44.84919], [20.39212, 44.84907], [20.39236, 44.84902], [20.39249, 44.84895], [20.39256, 44.8489], [20.39299, 44.84876], [20.39319, 44.84868], [20.39325, 44.84867], [20.39338, 44.84862], [20.39409, 44.84838], [20.3942, 44.84832], [20.39469, 44.84816], [20.39488, 44.84808], [20.3953, 44.84794], [20.39528, 44.84792], [20.39529, 44.84793], [20.39529, 44.84792], [20.39532, 44.84789], [20.39542, 44.84789], [20.39555, 44.84786], [20.39585, 44.84769], [20.39605, 44.84761], [20.39646, 44.84747], [20.39652, 44.84742], [20.39655, 44.84736], [20.39613, 44.84664], [20.39609, 44.84653], [20.39599, 44.84637], [20.39596, 44.84628], [20.39579, 44.84599], [20.39551, 44.84561], [20.39541, 44.84539], [20.39525, 44.84508], [20.39514, 44.84493], [20.39509, 44.84477], [20.39503, 44.84466], [20.39487, 44.84442], [20.39479, 44.84428], [20.39482, 44.84423], [20.39487, 44.84419], [20.39492, 44.84417], [20.39667, 44.8439], [20.39691, 44.84388], [20.39717, 44.84383], [20.39726, 44.8438], [20.39729, 44.84376], [20.3973, 44.84367], [20.39709, 44.84326], [20.39695, 44.84303], [20.39681, 44.84267]]}, "properties": {"id": 9495284507, "name": "Zagrevanje za Avalu", "sport": "Ride", "date": "2023-07-21", "distance_km": 6.96, "moving_time_s": 1997, "elev_gain_m": 38, "avg_speed_kmh": 12.5, "avg_hr": null}}, {"type": "Feature", "geometry": {"type": "LineString", "coordinates": [[21.49302, 44.76655], [21.49484, 44.76692], [21.49519, 44.76694], [21.4955, 44.76691], [21.49616, 44.76674], [21.49781, 44.76621], [21.49922, 44.76585], [21.4998, 44.7656], [21.50013, 44.76554], [21.50045, 44.76545], [21.50102, 44.76535], [21.50114, 44.76532], [21.50131, 44.76522], [21.50166, 44.76513], [21.50215, 44.76506], [21.50292, 44.76486], [21.50312, 44.76478], [21.50371, 44.76469], [21.50403, 44.7646], [21.50427, 44.76466], [21.5044, 44.76476], [21.5046, 44.76486], [21.5059, 44.76524], [21.50654, 44.76538], [21.50663, 44.76543], [21.508, 44.76573], [21.50868, 44.76584], [21.50921, 44.76582], [21.50994, 44.76583], [21.51044, 44.76581], [21.51091, 44.76587], [21.51125, 44.76586], [21.51226, 44.76605], [21.51263, 44.7662], [21.5133, 44.76635], [21.51365, 44.76648], [21.51415, 44.76658], [21.51426, 44.76662], [21.51446, 44.76663], [21.51465, 44.76671], [21.5148, 44.76694], [21.51497, 44.76698], [21.515, 44.76704], [21.515, 44.76714], [21.51505, 44.76718], [21.51532, 44.76723], [21.51539, 44.76728], [21.51603, 44.76734], [21.51625, 44.76741], [21.51683, 44.7675], [21.51715, 44.76761], [21.51744, 44.76765], [21.51772, 44.76773], [21.51806, 44.76795], [21.51864, 44.76809], [21.51917, 44.76812], [21.5193, 44.76805], [21.51939, 44.76805], [21.51947, 44.76815], [21.51955, 44.7682], [21.51982, 44.76827], [21.52009, 44.76826], [21.52009, 44.7682], [21.52018, 44.76814], [21.5203, 44.7681], [21.52038, 44.7681], [21.5205, 44.76802], [21.52079, 44.76811], [21.52171, 44.76821], [21.5218, 44.76818], [21.52185, 44.76811], [21.52185, 44.76793], [21.52178, 44.76775], [21.52179, 44.76771], [21.52188, 44.76768], [21.5219, 44.76773], [21.52179, 44.76787], [21.5218, 44.76815], [21.52176, 44.76815], [21.5212, 44.76807], [21.52117, 44.76805], [21.52096, 44.76804], [21.52082, 44.76807], [21.52082, 44.76799], [21.52073, 44.76794], [21.52039, 44.76798], [21.52031, 44.76792], [21.52002, 44.7679], [21.51986, 44.76782], [21.51974, 44.76779], [21.51958, 44.76781], [21.519, 44.76774], [21.51888, 44.76772], [21.51886, 44.76768], [21.5185, 44.76764], [21.51861, 44.76764], [21.51848, 44.76759], [21.51847, 44.7675], [21.51846, 44.76763], [21.51842, 44.76752], [21.5184, 44.76762], [21.51835, 44.76758], [21.51832, 44.76761], [21.51833, 44.76768], [21.51845, 44.7678], [21.51837, 44.76774], [21.51837, 44.76765], [21.51842, 44.7676], [21.51839, 44.76761], [21.51839, 44.76758], [21.51845, 44.76763], [21.51849, 44.76761], [21.51848, 44.76764], [21.51854, 44.76764], [21.51854, 44.76761], [21.51857, 44.76762], [21.51858, 44.7676], [21.51855, 44.76758], [21.5185, 44.76762], [21.51845, 44.76759], [21.51827, 44.76761], [21.51772, 44.76747], [21.51776, 44.76745], [21.51777, 44.76748], [21.51773, 44.7675], [21.51772, 44.76748], [21.51773, 44.76755], [21.51764, 44.76757], [21.51745, 44.76756], [21.51731, 44.76752], [21.51706, 44.7675], [21.51682, 44.76744], [21.51606, 44.76741], [21.51496, 44.76715], [21.51493, 44.76701], [21.51474, 44.76688], [21.51461, 44.7667], [21.51451, 44.76664], [21.51344, 44.76637], [21.51348, 44.76639], [21.51344, 44.7664], [21.51345, 44.76642], [21.51347, 44.76639], [21.51332, 44.76632], [21.51302, 44.76624], [21.51226, 44.76609], [21.51195, 44.76597], [21.51119, 44.76584], [21.51086, 44.76586], [21.51047, 44.76582], [21.51027, 44.76584], [21.51029, 44.76587], [21.5103, 44.76584], [21.51035, 44.76583], [21.51034, 44.76585], [21.51057, 44.76584], [21.51098, 44.76579], [21.51097, 44.76597], [21.51095, 44.76594], [21.511, 44.76591], [21.51095, 44.76592], [21.51097, 44.76594], [21.511, 44.76587], [21.51093, 44.76587], [21.51079, 44.76581], [21.51039, 44.76586], [21.50954, 44.7658], [21.50858, 44.7658], [21.50775, 44.76572], [21.50725, 44.76557], [21.50628, 44.76533], [21.50541, 44.76503], [21.50515, 44.76496], [21.50502, 44.7649], [21.50485, 44.76488], [21.5045, 44.76479], [21.50423, 44.76476], [21.50395, 44.76467], [21.50375, 44.76468], [21.50332, 44.76477], [21.50326, 44.76483], [21.50306, 44.76488], [21.5029, 44.76487], [21.50245, 44.76507], [21.50199, 44.76517], [21.5018, 44.76524], [21.50126, 44.76532], [21.50122, 44.76528], [21.50075, 44.76545], [21.50033, 44.76557], [21.49987, 44.76566], [21.49881, 44.76596], [21.49759, 44.76627], [21.49743, 44.76629], [21.49654, 44.76656], [21.49641, 44.76663], [21.49622, 44.76668], [21.49621, 44.76664], [21.49621, 44.76668], [21.49625, 44.76669], [21.4963, 44.76667], [21.49618, 44.76668], [21.49615, 44.76666], [21.49619, 44.76664], [21.49611, 44.76665], [21.49597, 44.76673], [21.49583, 44.76675], [21.49559, 44.76686], [21.49502, 44.76692], [21.4944, 44.76685], [21.4942, 44.76679], [21.49411, 44.76673], [21.49389, 44.76672], [21.49295, 44.76648], [21.49255, 44.76643], [21.49225, 44.76631], [21.49216, 44.76632], [21.49188, 44.76621], [21.49164, 44.76615], [21.49057, 44.76605], [21.48998, 44.76607], [21.48938, 44.76603], [21.4887, 44.76608], [21.48837, 44.76615], [21.48794, 44.76633], [21.48755, 44.7666], [21.48749, 44.76658], [21.48737, 44.76661], [21.48666, 44.76682], [21.48579, 44.76694], [21.48525, 44.76693], [21.48471, 44.76686], [21.48429, 44.76677], [21.48386, 44.76662], [21.48232, 44.76582], [21.48215, 44.76569], [21.48216, 44.76566], [21.48184, 44.76551], [21.48144, 44.76517], [21.48122, 44.76513], [21.48105, 44.76516], [21.4808, 44.76533], [21.47994, 44.76663], [21.47921, 44.76762], [21.47863, 44.76832], [21.4776, 44.76974], [21.47714, 44.77016], [21.47697, 44.77024], [21.47675, 44.77042], [21.47632, 44.77063], [21.47485, 44.77099], [21.47411, 44.77111], [21.47375, 44.77121], [21.47276, 44.77141], [21.47264, 44.77141], [21.47225, 44.77153], [21.47151, 44.77166], [21.47144, 44.77165], [21.47022, 44.77195], [21.46933, 44.77213], [21.46926, 44.77213], [21.46908, 44.77219], [21.46891, 44.77219], [21.46845, 44.77231], [21.46823, 44.77233], [21.46795, 44.77243], [21.46674, 44.7727], [21.4656, 44.7729], [21.46512, 44.77304], [21.46424, 44.77322], [21.46403, 44.77328], [21.46354, 44.77338], [21.46308, 44.77343], [21.4621, 44.77364], [21.46085, 44.77377], [21.46024, 44.77373], [21.45964, 44.77362], [21.45945, 44.77361], [21.45925, 44.77357], [21.45924, 44.77351], [21.45941, 44.77353], [21.4596, 44.7736], [21.45998, 44.77367], [21.46048, 44.77371], [21.46069, 44.77376], [21.46112, 44.77376], [21.46201, 44.77362], [21.46316, 44.77337], [21.46331, 44.77336], [21.46377, 44.77324], [21.46433, 44.77317], [21.46477, 44.77304], [21.46505, 44.773], [21.46589, 44.77278], [21.46718, 44.77251], [21.4677, 44.77243], [21.46824, 44.77226], [21.46835, 44.77226], [21.46844, 44.77223], [21.46852, 44.77224], [21.47, 44.77192], [21.4704, 44.77187], [21.47106, 44.77171], [21.47121, 44.7717], [21.47195, 44.77154], [21.47248, 44.77138], [21.47305, 44.77127], [21.47377, 44.77108], [21.47379, 44.77112], [21.47455, 44.77101], [21.47517, 44.77085], [21.47608, 44.77064], [21.47648, 44.77057], [21.47678, 44.77044], [21.47701, 44.77028], [21.47718, 44.77003], [21.47738, 44.76979], [21.47773, 44.76944], [21.47812, 44.76883], [21.47862, 44.76817], [21.47898, 44.76783], [21.4791, 44.7676], [21.47926, 44.76744], [21.47965, 44.76683], [21.48003, 44.7663], [21.48062, 44.76557], [21.48076, 44.7653], [21.4809, 44.76518], [21.48069, 44.76514], [21.48042, 44.76493], [21.48036, 44.76479], [21.48009, 44.76466], [21.47956, 44.76433], [21.47952, 44.76433], [21.47956, 44.76435], [21.47954, 44.76428], [21.47946, 44.76426], [21.47946, 44.76431], [21.47941, 44.76432], [21.47941, 44.76424], [21.47942, 44.76429], [21.47942, 44.76424], [21.47942, 44.76429], [21.47943, 44.76425], [21.47961, 44.76429], [21.4796, 44.76436], [21.47947, 44.76431], [21.47931, 44.76416], [21.47899, 44.76399], [21.47882, 44.76385], [21.47867, 44.76378], [21.4784, 44.76357], [21.47792, 44.76332], [21.47765, 44.76314], [21.47755, 44.76302], [21.47731, 44.76292], [21.47723, 44.76284], [21.47704, 44.76281], [21.47682, 44.76263], [21.47675, 44.7626], [21.4767, 44.76261], [21.47655, 44.7625], [21.47622, 44.76234], [21.47575, 44.7622], [21.47564, 44.76213], [21.47528, 44.76202], [21.47512, 44.76193], [21.47497, 44.76186], [21.47483, 44.76187], [21.47476, 44.76182], [21.4745, 44.76179], [21.47435, 44.76175], [21.4741, 44.76163], [21.47397, 44.76144], [21.47377, 44.76142], [21.47351, 44.76145], [21.47315, 44.76139], [21.47283, 44.76127], [21.47277, 44.76122], [21.47251, 44.76116], [21.4721, 44.7609], [21.4719, 44.76082], [21.47166, 44.76085], [21.47148, 44.76085], [21.47116, 44.76079], [21.47084, 44.76069], [21.47071, 44.76068], [21.47065, 44.76065], [21.47058, 44.76067], [21.47046, 44.76055], [21.47013, 44.76037], [21.46892, 44.76014], [21.46872, 44.76014], [21.46844, 44.76021], [21.46822, 44.76023], [21.46798, 44.76021], [21.46777, 44.76014], [21.46715, 44.76012], [21.46636, 44.76007]]}, "properties": {"id": 9449803031, "name": "Zlatno jezero turica", "sport": "Ride", "date": "2023-07-14", "distance_km": 12.77, "moving_time_s": 5636, "elev_gain_m": 26, "avg_speed_kmh": 8.2, "avg_hr": null}}, {"type": "Feature", "geometry": {"type": "LineString", "coordinates": [[20.4187, 44.83727], [20.41862, 44.83731], [20.41863, 44.83713], [20.42042, 44.83144], [20.42203, 44.8281], [20.42235, 44.82648], [20.42327, 44.82542], [20.42457, 44.82446], [20.42894, 44.82208], [20.4305, 44.82177], [20.43629, 44.82184], [20.4373, 44.82168], [20.43926, 44.82188], [20.43945, 44.82158], [20.43927, 44.82263], [20.44106, 44.82285], [20.44279, 44.82097], [20.44516, 44.81766], [20.44608, 44.81527], [20.44528, 44.81505], [20.44532, 44.81487], [20.45305, 44.81525], [20.45606, 44.81478], [20.45683, 44.8143], [20.45751, 44.81421], [20.45972, 44.81103], [20.45979, 44.81044], [20.46074, 44.80932], [20.46269, 44.8076], [20.46405, 44.80694], [20.46455, 44.80629], [20.46605, 44.80381], [20.46596, 44.80352], [20.46538, 44.80313], [20.46486, 44.80296], [20.466, 44.80215], [20.46615, 44.80132], [20.4656, 44.8005], [20.46505, 44.79656], [20.46512, 44.79523], [20.46631, 44.79221], [20.46651, 44.79127], [20.46524, 44.78782], [20.46552, 44.78741], [20.46576, 44.78507], [20.4684, 44.77945], [20.46863, 44.77949], [20.46973, 44.77849], [20.47209, 44.77712], [20.47276, 44.77634], [20.47366, 44.77373], [20.47613, 44.77026], [20.47848, 44.76403], [20.4799, 44.76151], [20.47977, 44.76112], [20.48029, 44.76086], [20.48114, 44.75992], [20.48274, 44.75741], [20.4827, 44.75703], [20.4833, 44.75638], [20.48329, 44.75607], [20.48295, 44.75572], [20.48176, 44.75471], [20.48228, 44.75191], [20.4819, 44.75097], [20.48079, 44.75137], [20.48, 44.75137], [20.4767, 44.75018], [20.47637, 44.74978], [20.47681, 44.74744], [20.47746, 44.74589], [20.48196, 44.74296], [20.48414, 44.74215], [20.48543, 44.74012], [20.4854, 44.73916], [20.48493, 44.73816], [20.48518, 44.73696], [20.48398, 44.73557], [20.48352, 44.73462], [20.4828, 44.73215], [20.48292, 44.73111], [20.48665, 44.72689], [20.48725, 44.72654], [20.48791, 44.72642], [20.48992, 44.72661], [20.49136, 44.72608], [20.4924, 44.72593], [20.49591, 44.72673], [20.49803, 44.726], [20.49819, 44.72566], [20.4977, 44.72473], [20.4961, 44.7237], [20.49582, 44.72331], [20.49586, 44.72274], [20.49674, 44.72209], [20.50048, 44.72094], [20.5019, 44.72205], [20.50252, 44.72205], [20.503, 44.72173], [20.50372, 44.71991], [20.50301, 44.71866], [20.50342, 44.71836], [20.50487, 44.71832], [20.50536, 44.71801], [20.50513, 44.71718], [20.50397, 44.71694], [20.50413, 44.716], [20.50458, 44.71512], [20.50577, 44.71379], [20.50575, 44.712], [20.50595, 44.71118], [20.50744, 44.70936], [20.50779, 44.70822], [20.5087, 44.70661], [20.50846, 44.70564], [20.50732, 44.70469], [20.50362, 44.70036], [20.50218, 44.69753], [20.50193, 44.69598], [20.50267, 44.69502], [20.50339, 44.69465], [20.50339, 44.69311], [20.50492, 44.69185], [20.50485, 44.69081], [20.50561, 44.68973], [20.50656, 44.68921], [20.50653, 44.6886], [20.50704, 44.68792], [20.5089, 44.68699], [20.51075, 44.68732], [20.51114, 44.68721], [20.51154, 44.68627], [20.51199, 44.68591], [20.51351, 44.68605], [20.51492, 44.6857], [20.516, 44.68518], [20.51706, 44.68521], [20.5192, 44.68678], [20.52034, 44.68666], [20.52136, 44.68706], [20.52144, 44.6879], [20.52067, 44.69012], [20.52037, 44.69003], [20.52061, 44.68823], [20.52027, 44.68775], [20.51895, 44.6878], [20.51711, 44.6872], [20.51479, 44.688], [20.51452, 44.68817], [20.5144, 44.68893], [20.51233, 44.6898], [20.51195, 44.69022], [20.51203, 44.69063], [20.5132, 44.6915], [20.5131, 44.69099], [20.51261, 44.69057], [20.51288, 44.68998], [20.51411, 44.69001], [20.51613, 44.68912], [20.5162, 44.68894], [20.51574, 44.68893], [20.51578, 44.68915], [20.51595, 44.68904], [20.51562, 44.68899], [20.51529, 44.68952], [20.514, 44.69018], [20.5142, 44.69227], [20.51317, 44.69381], [20.51312, 44.69487], [20.51349, 44.69525], [20.51456, 44.6958], [20.51541, 44.69616], [20.51601, 44.69681], [20.51582, 44.69719], [20.51674, 44.6967], [20.51682, 44.6964], [20.51649, 44.69608], [20.51671, 44.69596], [20.51834, 44.69672], [20.51867, 44.69754], [20.51828, 44.698], [20.5199, 44.69789], [20.52094, 44.69729], [20.52103, 44.6979], [20.51998, 44.69862], [20.51847, 44.69914], [20.5151, 44.69947], [20.51354, 44.69918], [20.51244, 44.69862], [20.51161, 44.69885], [20.51012, 44.69868], [20.51051, 44.69913], [20.51009, 44.69927], [20.50859, 44.69909], [20.50701, 44.69842], [20.5051, 44.69689], [20.5041, 44.69571], [20.50282, 44.69579], [20.50193, 44.69611], [20.50223, 44.6977], [20.503, 44.69874], [20.50353, 44.7002], [20.50735, 44.70472], [20.50854, 44.70569], [20.50875, 44.70643], [20.50868, 44.70725], [20.50787, 44.7082], [20.50747, 44.70933], [20.50607, 44.71097], [20.50578, 44.712], [20.50594, 44.7135], [20.50456, 44.71524], [20.50412, 44.71638], [20.50408, 44.7169], [20.50518, 44.71719], [20.50554, 44.71826], [20.50469, 44.71845], [20.50312, 44.71859], [20.50303, 44.71887], [20.50372, 44.71963], [20.50378, 44.72007], [20.50265, 44.72205], [20.50169, 44.72204], [20.50102, 44.72125], [20.50039, 44.72104], [20.49627, 44.72236], [20.49587, 44.72328], [20.49619, 44.72368], [20.49789, 44.72488], [20.49826, 44.72568], [20.49804, 44.72608], [20.49595, 44.72674], [20.49213, 44.72596], [20.48976, 44.72656], [20.48742, 44.72645], [20.48646, 44.72716], [20.48301, 44.73105], [20.48286, 44.73207], [20.48342, 44.73423], [20.48416, 44.73563], [20.48579, 44.7375], [20.48577, 44.73874], [20.48664, 44.73934], [20.48677, 44.73973], [20.48419, 44.74218], [20.48195, 44.74304], [20.47757, 44.74578], [20.47664, 44.74871], [20.47673, 44.74957], [20.47712, 44.74989], [20.47857, 44.7499], [20.47947, 44.75014], [20.48102, 44.75001], [20.48166, 44.75035], [20.48232, 44.75171], [20.48167, 44.75452], [20.48196, 44.75508], [20.48321, 44.75607], [20.48318, 44.75662], [20.48261, 44.75695], [20.48276, 44.75724], [20.48091, 44.76021], [20.47972, 44.7611], [20.47984, 44.76142], [20.47908, 44.76269], [20.47637, 44.77017], [20.4737, 44.774], [20.47286, 44.77646], [20.47225, 44.77716], [20.46981, 44.7786], [20.46856, 44.77979], [20.46623, 44.78458], [20.46593, 44.78721], [20.46562, 44.78723], [20.46529, 44.78757], [20.46659, 44.79182], [20.46503, 44.79571], [20.4655, 44.79863], [20.46521, 44.79894], [20.46551, 44.79914], [20.46568, 44.80047], [20.46634, 44.80187], [20.46496, 44.80274], [20.46575, 44.80375], [20.46458, 44.80627], [20.46185, 44.80821], [20.46095, 44.80936], [20.45966, 44.81047], [20.45762, 44.81374], [20.45743, 44.81424], [20.45621, 44.81444], [20.45496, 44.81497], [20.45328, 44.81506], [20.45321, 44.81524], [20.44086, 44.81463], [20.44117, 44.81493], [20.44609, 44.81527], [20.44549, 44.817], [20.44335, 44.82021], [20.44341, 44.82022], [20.44539, 44.81718], [20.44592, 44.8152], [20.43937, 44.81474], [20.43882, 44.81659], [20.43837, 44.81651], [20.43869, 44.81673], [20.43753, 44.81768], [20.43354, 44.81931], [20.42425, 44.82356], [20.42064, 44.8254], [20.41998, 44.82693], [20.41925, 44.8313], [20.42044, 44.83161], [20.41925, 44.83571], [20.41892, 44.83821], [20.41754, 44.84222], [20.416, 44.84479], [20.4146, 44.84456], [20.41337, 44.84615], [20.41181, 44.84593], [20.41086, 44.84522], [20.40999, 44.84569], [20.40879, 44.84489], [20.40911, 44.84431], [20.40855, 44.84369], [20.40588, 44.8419], [20.40422, 44.84322], [20.40265, 44.84518], [20.4012, 44.84585], [20.39928, 44.84344], [20.39741, 44.84388], [20.39643, 44.84199], [20.39664, 44.84194]]}, "properties": {"id": 7716786535, "name": "Avala \u2764\ufe0f", "sport": "Ride", "date": "2022-08-28", "distance_km": 58.52, "moving_time_s": 15949, "elev_gain_m": 688, "avg_speed_kmh": 13.2, "avg_hr": null}}, {"type": "Feature", "geometry": {"type": "LineString", "coordinates": [[20.40079, 44.84682], [20.40024, 44.84695], [20.40017, 44.84679], [20.40102, 44.84574], [20.401, 44.84557], [20.40209, 44.84696], [20.40301, 44.84665], [20.4045, 44.84661], [20.40599, 44.8464], [20.40811, 44.84665], [20.40915, 44.84636], [20.40999, 44.84562], [20.41063, 44.84521], [20.41159, 44.84565], [20.41323, 44.84617], [20.41372, 44.84562], [20.4132, 44.84526], [20.41325, 44.84473], [20.41377, 44.84405], [20.4135, 44.84399], [20.4139, 44.84385], [20.41481, 44.84422], [20.41524, 44.84454], [20.4154, 44.8448], [20.41564, 44.84482], [20.41602, 44.84465], [20.4165, 44.84405], [20.41693, 44.84376], [20.41722, 44.8434], [20.4177, 44.84231], [20.41913, 44.83753], [20.41903, 44.83684], [20.41995, 44.83289], [20.42103, 44.82992], [20.42203, 44.8281], [20.42235, 44.82647], [20.42264, 44.82601], [20.42392, 44.82488], [20.42468, 44.82435], [20.42517, 44.82419], [20.42642, 44.82333], [20.42905, 44.82206], [20.42991, 44.82188], [20.43178, 44.82162], [20.43202, 44.82175], [20.43356, 44.82166], [20.43629, 44.82176], [20.43761, 44.82162], [20.43865, 44.82177], [20.43923, 44.8216], [20.43983, 44.82176], [20.44028, 44.8228], [20.44081, 44.82295], [20.44126, 44.82288], [20.4447, 44.81837], [20.44573, 44.81656], [20.44604, 44.81519], [20.44594, 44.8151], [20.44525, 44.81503], [20.4453, 44.81491], [20.44563, 44.81483], [20.44969, 44.81504], [20.44979, 44.81545], [20.44975, 44.81501], [20.44993, 44.81493], [20.44987, 44.81302], [20.44944, 44.81047], [20.44864, 44.80814], [20.44831, 44.80746], [20.44756, 44.80702], [20.44724, 44.80651], [20.44631, 44.8055], [20.44607, 44.80499], [20.44565, 44.8047], [20.4453, 44.80411], [20.44309, 44.80201], [20.44234, 44.80145], [20.44107, 44.8009], [20.43898, 44.7994], [20.43817, 44.7991], [20.43785, 44.79908], [20.43579, 44.79789], [20.43345, 44.79672], [20.43323, 44.79649], [20.43242, 44.79613], [20.43179, 44.79603], [20.43114, 44.79576], [20.43017, 44.79506], [20.42928, 44.79461], [20.42904, 44.79467], [20.42828, 44.79369], [20.42651, 44.79276], [20.42598, 44.79217], [20.42474, 44.79147], [20.424, 44.79121], [20.42223, 44.78997], [20.42109, 44.7893], [20.42, 44.78885], [20.41908, 44.78879], [20.41771, 44.78837], [20.41645, 44.7888], [20.41625, 44.7897], [20.4161, 44.78966], [20.41617, 44.78959], [20.41607, 44.78966], [20.41541, 44.78957], [20.41471, 44.7897], [20.41418, 44.78968], [20.41331, 44.79014], [20.41322, 44.79032], [20.41328, 44.79022], [20.4131, 44.7902], [20.4128, 44.79029], [20.41109, 44.79032], [20.40969, 44.78995], [20.40863, 44.78991], [20.40752, 44.78964], [20.40729, 44.7898], [20.40646, 44.78949], [20.40511, 44.78926], [20.40468, 44.78904], [20.40334, 44.78904], [20.40234, 44.78855], [20.402, 44.7886], [20.40126, 44.78846], [20.40014, 44.78846], [20.39975, 44.78836], [20.39899, 44.78841], [20.3981, 44.78821], [20.39633, 44.78819], [20.39544, 44.78799], [20.39472, 44.788], [20.39254, 44.78741], [20.39199, 44.7874], [20.39083, 44.78716], [20.38786, 44.78592], [20.38687, 44.78555], [20.38633, 44.78521], [20.38527, 44.78446], [20.38465, 44.78395], [20.3835, 44.78341], [20.3823, 44.783], [20.3815, 44.78256], [20.37951, 44.78183], [20.37843, 44.7816], [20.37759, 44.78158], [20.37721, 44.78138], [20.37521, 44.78067], [20.37476, 44.78043], [20.37429, 44.77997], [20.374, 44.77987], [20.37381, 44.77945], [20.37312, 44.77854], [20.37261, 44.77821], [20.37252, 44.77799], [20.37283, 44.77753], [20.37317, 44.77735], [20.37338, 44.77704], [20.37357, 44.77708], [20.37358, 44.77687], [20.37446, 44.77622], [20.37582, 44.77645], [20.37662, 44.7768], [20.37775, 44.77757], [20.37903, 44.77813], [20.37976, 44.77857], [20.38071, 44.77888], [20.38187, 44.77946], [20.38261, 44.77949], [20.38304, 44.77963], [20.38421, 44.78035], [20.38709, 44.78149], [20.38806, 44.7818], [20.39023, 44.78213], [20.39278, 44.78304], [20.39562, 44.78359], [20.39646, 44.78393], [20.39962, 44.78474], [20.40079, 44.78489], [20.40366, 44.78505], [20.40541, 44.78544], [20.40655, 44.78575], [20.40745, 44.78631], [20.40843, 44.78654], [20.40949, 44.78666], [20.41072, 44.78663], [20.4111, 44.7868], [20.41389, 44.78716], [20.41465, 44.78737], [20.4155, 44.78778], [20.4156, 44.7884], [20.41543, 44.78879], [20.41453, 44.78924], [20.41428, 44.78968], [20.4152, 44.78957], [20.41617, 44.78966], [20.41656, 44.78874], [20.41773, 44.78837], [20.41902, 44.78879], [20.42001, 44.78886], [20.42145, 44.78947], [20.42323, 44.79063], [20.42422, 44.79146], [20.42473, 44.79148], [20.42579, 44.792], [20.42664, 44.79276], [20.42818, 44.79368], [20.43056, 44.79536], [20.43535, 44.79759], [20.43889, 44.79942], [20.44008, 44.80028], [20.44158, 44.80117], [20.44229, 44.8014], [20.443, 44.80195], [20.44344, 44.80243], [20.44372, 44.80257], [20.44379, 44.80275], [20.44434, 44.80314], [20.44449, 44.80331], [20.4444, 44.80336], [20.44453, 44.80336], [20.44507, 44.80386], [20.44587, 44.80479], [20.44615, 44.8053], [20.44725, 44.80648], [20.44774, 44.80729], [20.44862, 44.80835], [20.44949, 44.81062], [20.44953, 44.81155], [20.44992, 44.81346], [20.44989, 44.81493], [20.44974, 44.8153], [20.45072, 44.81529], [20.45088, 44.81514], [20.45087, 44.81488], [20.45132, 44.8152], [20.45148, 44.81519], [20.45134, 44.8151], [20.44091, 44.81466], [20.44098, 44.81483], [20.44116, 44.81488], [20.44583, 44.81512], [20.44605, 44.81536], [20.44575, 44.81666], [20.44503, 44.81795], [20.44259, 44.82132], [20.4413, 44.82281], [20.44084, 44.82295], [20.43936, 44.82271], [20.43919, 44.82239], [20.43935, 44.82191], [20.43919, 44.82182], [20.43797, 44.82179], [20.43747, 44.82167], [20.43649, 44.82179], [20.43603, 44.82168], [20.43557, 44.82176], [20.43132, 44.82169], [20.42922, 44.82202], [20.42732, 44.82285], [20.42529, 44.82411], [20.42476, 44.8243], [20.42344, 44.82519], [20.42291, 44.8257], [20.42228, 44.82651], [20.42214, 44.82755], [20.42167, 44.82869], [20.42153, 44.82875], [20.4201, 44.82847], [20.4198, 44.82855], [20.41918, 44.83114], [20.41821, 44.83093], [20.41726, 44.83095], [20.41657, 44.83071], [20.41626, 44.83076], [20.41526, 44.83061], [20.41462, 44.83072], [20.41385, 44.83057], [20.41387, 44.83037], [20.41381, 44.83052], [20.41386, 44.83065], [20.41405, 44.83052], [20.41391, 44.83074], [20.41388, 44.83036], [20.41393, 44.83063], [20.41375, 44.83034], [20.41353, 44.83056], [20.41342, 44.83007], [20.41313, 44.8299], [20.41342, 44.83015], [20.41332, 44.83045], [20.41494, 44.83073], [20.41512, 44.83101], [20.41738, 44.83124], [20.41813, 44.83124], [20.41857, 44.83152], [20.41856, 44.83227], [20.41806, 44.83406], [20.41786, 44.83562], [20.41707, 44.83565], [20.41679, 44.83577], [20.41663, 44.836], [20.4166, 44.83648], [20.41627, 44.83696], [20.41422, 44.83746], [20.41369, 44.83745], [20.41302, 44.8377], [20.4128, 44.83767], [20.4127, 44.83783], [20.41295, 44.83842], [20.41259, 44.83838], [20.41212, 44.83859], [20.41192, 44.83859], [20.40996, 44.8394], [20.40934, 44.83993], [20.40679, 44.84076], [20.40473, 44.84283], [20.40383, 44.84354], [20.40277, 44.84497], [20.40276, 44.84514], [20.40124, 44.84573], [20.40095, 44.84553], [20.40023, 44.8445], [20.39982, 44.84429], [20.39975, 44.84396], [20.39945, 44.84357], [20.39921, 44.84345], [20.39869, 44.84343], [20.39773, 44.84356], [20.39742, 44.84339], [20.39704, 44.84286]]}, "properties": {"id": 7694960439, "name": "Velike metanije", "sport": "Ride", "date": "2022-08-24", "distance_km": 33.81, "moving_time_s": 9593, "elev_gain_m": 95, "avg_speed_kmh": 12.7, "avg_hr": null}}, {"type": "Feature", "geometry": {"type": "LineString", "coordinates": [[20.39749, 44.84363], [20.39762, 44.84367], [20.39767, 44.84364], [20.39787, 44.84366], [20.39797, 44.84362], [20.39814, 44.8436], [20.39828, 44.84356], [20.3984, 44.84348], [20.39893, 44.84331], [20.39901, 44.84333], [20.39921, 44.84334], [20.39924, 44.84336], [20.39938, 44.8435], [20.39947, 44.84356], [20.39963, 44.84375], [20.39974, 44.84381], [20.39978, 44.8439], [20.39994, 44.84412], [20.40015, 44.84428], [20.40028, 44.84443], [20.40085, 44.84529], [20.40111, 44.84562], [20.40112, 44.84564], [20.40109, 44.84561], [20.40111, 44.84565], [20.40108, 44.84572], [20.40111, 44.84581], [20.4016, 44.84628], [20.40192, 44.84665], [20.40205, 44.84688], [20.40241, 44.8472], [20.40285, 44.84768], [20.40323, 44.84819], [20.40365, 44.84867], [20.40362, 44.84881], [20.40344, 44.84896], [20.40341, 44.84894], [20.40343, 44.84893], [20.40361, 44.84942], [20.40373, 44.84962], [20.40404, 44.85], [20.40407, 44.85006], [20.40426, 44.85025], [20.40435, 44.85037], [20.40441, 44.8505], [20.40442, 44.85063], [20.40438, 44.85069], [20.40407, 44.85077], [20.40361, 44.85096], [20.40311, 44.85111], [20.40284, 44.85123], [20.40224, 44.85143], [20.40044, 44.852], [20.39967, 44.85228], [20.39912, 44.85242], [20.3985, 44.85263], [20.39772, 44.85285], [20.39701, 44.85311], [20.39639, 44.8533], [20.39455, 44.8538], [20.39393, 44.85405], [20.39291, 44.85436], [20.39247, 44.85452], [20.39177, 44.85469], [20.39145, 44.85481], [20.39137, 44.85481], [20.39136, 44.8548], [20.39129, 44.85484], [20.39092, 44.85491], [20.39028, 44.85524], [20.39, 44.85534], [20.38993, 44.8554], [20.38915, 44.85571], [20.38859, 44.85599], [20.38825, 44.8561], [20.38795, 44.85626], [20.38755, 44.85641], [20.38713, 44.85663], [20.38648, 44.85691], [20.38562, 44.85737], [20.3855, 44.85747], [20.38489, 44.85776], [20.38444, 44.85801], [20.38422, 44.85809], [20.38394, 44.85826], [20.38387, 44.85827], [20.38354, 44.85848], [20.38331, 44.85859], [20.38321, 44.85866], [20.38293, 44.85874], [20.38281, 44.8588], [20.3824, 44.85901], [20.38201, 44.85928], [20.38153, 44.85957], [20.38107, 44.85981], [20.38045, 44.86023], [20.37994, 44.86054], [20.37987, 44.86056], [20.37964, 44.86073], [20.37911, 44.861], [20.37895, 44.86112], [20.37885, 44.86111], [20.37869, 44.86123], [20.37864, 44.8613], [20.37856, 44.86133], [20.37862, 44.8613], [20.37858, 44.86134], [20.37865, 44.86145], [20.37911, 44.86193], [20.37947, 44.8624], [20.37961, 44.86254], [20.3797, 44.86268], [20.38056, 44.86365], [20.38057, 44.86363], [20.3806, 44.86366], [20.38063, 44.86374], [20.38057, 44.86376], [20.38054, 44.8637], [20.38059, 44.86379], [20.38114, 44.86432], [20.38139, 44.86462], [20.38146, 44.86465], [20.38138, 44.86459], [20.38136, 44.86462], [20.38199, 44.86529], [20.38216, 44.86552], [20.38242, 44.86579], [20.38274, 44.86618], [20.38301, 44.86645], [20.38381, 44.86743], [20.38428, 44.8679], [20.38512, 44.86881], [20.38609, 44.86998], [20.38635, 44.87033], [20.38695, 44.87102], [20.38801, 44.87219], [20.38858, 44.87289], [20.38913, 44.87348], [20.38968, 44.87412], [20.39024, 44.87481], [20.39088, 44.87543], [20.39107, 44.87559], [20.39177, 44.87633], [20.39306, 44.87762], [20.39375, 44.87835], [20.39425, 44.87885], [20.3943, 44.87886], [20.39441, 44.87901], [20.39483, 44.87946], [20.39514, 44.87975], [20.39552, 44.88015], [20.39566, 44.88026], [20.39633, 44.88097], [20.39743, 44.88207], [20.39769, 44.8823], [20.39837, 44.883], [20.39819, 44.88289], [20.39803, 44.8827], [20.39721, 44.8819], [20.39572, 44.88032], [20.39537, 44.87999], [20.39533, 44.87998], [20.39504, 44.87965], [20.39463, 44.87926], [20.39426, 44.87886], [20.39425, 44.87881], [20.39394, 44.87852], [20.39393, 44.87847], [20.39378, 44.87836], [20.39367, 44.87821], [20.39342, 44.878], [20.39292, 44.8775], [20.39289, 44.87752], [20.39249, 44.87706], [20.39216, 44.87675], [20.39177, 44.8763], [20.39155, 44.87609], [20.39157, 44.87609], [20.3914, 44.87598], [20.39121, 44.87575], [20.39066, 44.87522], [20.39, 44.87453], [20.38919, 44.87362], [20.38879, 44.87313], [20.38816, 44.87248], [20.38803, 44.87231], [20.38794, 44.87224], [20.38766, 44.87186], [20.38707, 44.87121], [20.38673, 44.8708], [20.38648, 44.87056], [20.38612, 44.87009], [20.38509, 44.86893], [20.38444, 44.86815], [20.38358, 44.8672], [20.38344, 44.86702], [20.38308, 44.86662], [20.3829, 44.86636], [20.38256, 44.86601], [20.38171, 44.865], [20.38155, 44.86485], [20.38042, 44.86353], [20.38035, 44.86341], [20.37982, 44.8628], [20.37894, 44.86188], [20.37885, 44.86173], [20.37852, 44.86133], [20.37845, 44.86119], [20.37844, 44.86116], [20.37876, 44.86115], [20.37882, 44.86114], [20.37886, 44.86107], [20.37894, 44.86106], [20.37915, 44.86094], [20.37966, 44.86069], [20.38008, 44.8604], [20.38012, 44.86035], [20.38046, 44.86014], [20.38074, 44.86], [20.38094, 44.85983], [20.38138, 44.85957], [20.3815, 44.85947], [20.38175, 44.85936], [20.38244, 44.8589], [20.38266, 44.85883], [20.38275, 44.85876], [20.38282, 44.85876], [20.38296, 44.85872], [20.38307, 44.85864], [20.38353, 44.85845], [20.38402, 44.85814], [20.38457, 44.8579], [20.38478, 44.85778], [20.38509, 44.85753], [20.38559, 44.85732], [20.38625, 44.85695], [20.38718, 44.85658], [20.38765, 44.85633], [20.38804, 44.85618], [20.38818, 44.85614], [20.38863, 44.85589], [20.38874, 44.85585], [20.38909, 44.85568], [20.38953, 44.8555], [20.38985, 44.85532], [20.39031, 44.85514], [20.39075, 44.8549], [20.39175, 44.85458], [20.39263, 44.85435], [20.39281, 44.85427], [20.39352, 44.8541], [20.39354, 44.85408], [20.39363, 44.85404], [20.394, 44.85392], [20.39412, 44.85386], [20.39443, 44.85375], [20.39542, 44.85351], [20.39622, 44.85317], [20.3966, 44.85308], [20.39707, 44.85291], [20.39723, 44.85288], [20.39738, 44.8528], [20.39752, 44.85275], [20.39859, 44.85247], [20.39878, 44.85237], [20.39944, 44.8521], [20.39987, 44.85197], [20.40031, 44.85189], [20.4008, 44.85175], [20.40127, 44.85161], [20.40172, 44.85143], [20.40198, 44.85137], [20.40222, 44.85128], [20.40236, 44.85121], [20.40296, 44.85105], [20.40326, 44.85095], [20.40375, 44.85083], [20.40391, 44.85075], [20.40387, 44.85076], [20.404, 44.85073], [20.40415, 44.85073], [20.40422, 44.85069], [20.40416, 44.85047], [20.40405, 44.85034], [20.40395, 44.85007], [20.40391, 44.84979], [20.40369, 44.84953], [20.40356, 44.8493], [20.40356, 44.84925], [20.40348, 44.84909], [20.4035, 44.84901], [20.40353, 44.84897], [20.40359, 44.84896], [20.4036, 44.84894], [20.40354, 44.84892], [20.40346, 44.84892], [20.40343, 44.84888], [20.40347, 44.84877], [20.40345, 44.84871], [20.40328, 44.8486], [20.40316, 44.84841], [20.40291, 44.84814], [20.40293, 44.84804], [20.40287, 44.84792], [20.40262, 44.84767], [20.40252, 44.84753], [20.40249, 44.84744], [20.40251, 44.84733], [20.40248, 44.84729], [20.40225, 44.84709], [20.40216, 44.84706], [20.40188, 44.8468], [20.40165, 44.84647], [20.40159, 44.84631], [20.40142, 44.84615], [20.40133, 44.84609], [20.40099, 44.84579], [20.40073, 44.84535], [20.40048, 44.84504], [20.40029, 44.84474], [20.39998, 44.84441], [20.39989, 44.84423], [20.39972, 44.84402], [20.39957, 44.84392], [20.39935, 44.84362], [20.39925, 44.84355], [20.39905, 44.84333], [20.39883, 44.84306], [20.3987, 44.84285], [20.39864, 44.84283], [20.39841, 44.8429], [20.39813, 44.84307], [20.39794, 44.84315], [20.3979, 44.84312], [20.39776, 44.8429], [20.39768, 44.84284], [20.39736, 44.84285], [20.39689, 44.84291], [20.39682, 44.84287], [20.39672, 44.84257], [20.39647, 44.84218], [20.39655, 44.84209], [20.39665, 44.84207], [20.3967, 44.84217], [20.39666, 44.84218]]}, "properties": {"id": 7682582248, "name": "Pregrevica", "sport": "Ride", "date": "2022-08-22", "distance_km": 13.02, "moving_time_s": 2922, "elev_gain_m": 50, "avg_speed_kmh": 16.0, "avg_hr": null}}, {"type": "Feature", "geometry": {"type": "LineString", "coordinates": [[20.42082, 44.82864], [20.42076, 44.82862], [20.42078, 44.82858], [20.42079, 44.82859], [20.42076, 44.82861], [20.42076, 44.82863], [20.42081, 44.82867], [20.42438, 44.82644], [20.4242, 44.82472], [20.42457, 44.82445], [20.42476, 44.82436], [20.425, 44.8243], [20.42517, 44.82424], [20.42547, 44.82409], [20.42575, 44.82393], [20.42621, 44.82361], [20.42647, 44.82347], [20.42683, 44.82324], [20.42704, 44.82306], [20.42727, 44.82291], [20.42748, 44.82282], [20.42779, 44.82273], [20.42797, 44.82266], [20.42817, 44.82255], [20.42856, 44.82239], [20.42878, 44.82223], [20.42916, 44.82205], [20.4293, 44.82201], [20.42985, 44.82192], [20.43036, 44.82182], [20.43059, 44.82181], [20.43182, 44.82169], [20.43187, 44.8217], [20.4319, 44.82172], [20.43194, 44.82178], [20.43196, 44.8218], [20.43198, 44.82179], [20.43198, 44.82181], [20.43202, 44.8218], [20.43199, 44.82178], [20.43201, 44.82175], [20.43201, 44.82172], [20.43199, 44.8217], [20.43194, 44.82167], [20.43158, 44.82165], [20.43142, 44.82166], [20.4312, 44.82171], [20.43104, 44.82172], [20.43083, 44.82178], [20.43062, 44.8218], [20.43045, 44.82179], [20.43028, 44.82181], [20.42908, 44.82208], [20.42866, 44.82229], [20.42791, 44.82269], [20.42762, 44.82281], [20.42728, 44.82289], [20.42713, 44.82295], [20.4268, 44.82317], [20.42647, 44.82331], [20.42595, 44.82368], [20.42517, 44.82419], [20.42493, 44.8243], [20.42466, 44.82435], [20.42453, 44.82442], [20.42441, 44.82452], [20.42413, 44.82465], [20.42328, 44.82536], [20.4231, 44.82553], [20.42303, 44.82557], [20.42291, 44.82572], [20.42282, 44.82579], [20.4227, 44.82593], [20.42265, 44.82594], [20.42249, 44.82615], [20.42237, 44.82633], [20.42232, 44.82643], [20.4223, 44.82652], [20.42212, 44.8273], [20.4221, 44.8277], [20.422, 44.82787], [20.42197, 44.82811], [20.4219, 44.82821], [20.42187, 44.82834], [20.42181, 44.82843], [20.42177, 44.82852], [20.42173, 44.82859], [20.42163, 44.8287], [20.42152, 44.82874], [20.42137, 44.82874], [20.42129, 44.82868], [20.421, 44.8286], [20.42083, 44.82859], [20.42079, 44.82861], [20.4208, 44.82862], [20.41772, 44.84019], [20.41933, 44.83657], [20.41917, 44.83936], [20.41913, 44.83963], [20.41877, 44.83992], [20.41827, 44.84023], [20.41819, 44.84035], [20.41809, 44.84061], [20.41799, 44.84105], [20.41792, 44.84122], [20.41787, 44.8414], [20.41774, 44.8417], [20.41775, 44.84174], [20.41772, 44.84183], [20.41757, 44.84216], [20.41745, 44.84235], [20.4174, 44.84253], [20.41732, 44.84266], [20.41714, 44.84306], [20.41713, 44.84316], [20.41701, 44.84359], [20.41695, 44.84369], [20.41683, 44.84378], [20.41671, 44.8439], [20.41651, 44.84426], [20.41633, 44.84451], [20.4162, 44.84483], [20.41611, 44.84482], [20.41605, 44.84473], [20.41598, 44.84469], [20.41585, 44.84475], [20.41578, 44.84476], [20.41578, 44.84478], [20.4157, 44.84479], [20.41549, 44.84467], [20.41533, 44.8446], [20.41494, 44.84453], [20.41484, 44.84454], [20.41463, 44.8447], [20.41442, 44.84479], [20.41446, 44.84487], [20.41445, 44.84489], [20.41437, 44.84498], [20.41435, 44.84507], [20.41431, 44.84514], [20.41419, 44.84524], [20.41368, 44.84533], [20.41357, 44.84538], [20.41342, 44.84548], [20.41334, 44.84555], [20.41324, 44.84567], [20.41316, 44.84571], [20.41311, 44.84578], [20.41312, 44.84579], [20.4131, 44.84583], [20.41294, 44.84592], [20.41272, 44.84602], [20.41258, 44.84593], [20.41249, 44.84583], [20.41227, 44.84573], [20.41188, 44.84562], [20.41179, 44.84556], [20.41169, 44.84552], [20.41147, 44.84547], [20.4114, 44.84541], [20.41112, 44.84537], [20.41096, 44.84532], [20.4108, 44.84525], [20.41073, 44.84524], [20.41067, 44.84525], [20.41047, 44.84537], [20.41029, 44.84545], [20.41025, 44.84547], [20.41025, 44.8455], [20.41019, 44.84552], [20.41012, 44.84551], [20.4101, 44.84546], [20.41004, 44.84545], [20.40989, 44.84551], [20.40981, 44.84549], [20.40977, 44.84546], [20.40971, 44.84536], [20.40946, 44.84514], [20.40896, 44.84483], [20.40888, 44.84476], [20.40887, 44.84479], [20.40885, 44.84469], [20.40889, 44.84467], [20.40891, 44.84463], [20.40908, 44.84445], [20.40921, 44.84438], [20.40923, 44.84434], [20.40918, 44.84423], [20.40913, 44.84418], [20.40882, 44.84401], [20.40864, 44.84384], [20.40851, 44.84378], [20.4083, 44.84363], [20.40797, 44.8433], [20.40782, 44.8432], [20.4076, 44.84307], [20.40745, 44.84293], [20.40734, 44.84281], [20.40726, 44.84275], [20.40713, 44.84259], [20.40699, 44.84244], [20.40668, 44.84221], [20.40655, 44.84213], [20.40631, 44.84193], [20.40625, 44.84182], [20.40616, 44.84178], [20.40601, 44.84175], [20.40594, 44.84177], [20.4056, 44.84199], [20.40542, 44.84214], [20.40537, 44.84215], [20.40533, 44.84208], [20.40525, 44.84206], [20.40527, 44.84206], [20.40529, 44.84204], [20.40524, 44.84205], [20.40516, 44.84204], [20.40471, 44.84176], [20.40436, 44.84157], [20.40408, 44.84147], [20.40374, 44.84137], [20.40365, 44.84135], [20.40343, 44.84136], [20.40271, 44.84129], [20.40223, 44.84129], [20.40217, 44.84127], [20.40216, 44.84123], [20.40213, 44.84121], [20.40202, 44.8412], [20.40172, 44.84115], [20.40166, 44.84113], [20.40152, 44.84105], [20.40139, 44.84103], [20.40118, 44.84102], [20.40096, 44.84103], [20.40057, 44.84107], [20.40038, 44.84115], [20.40012, 44.84121], [20.39991, 44.84122], [20.39974, 44.84119], [20.39916, 44.84118], [20.39881, 44.8412], [20.39833, 44.84126], [20.3979, 44.84128], [20.39771, 44.84135], [20.39759, 44.84138], [20.39748, 44.84143], [20.39744, 44.84143], [20.39742, 44.84145], [20.39743, 44.84146], [20.39731, 44.84153], [20.39722, 44.84161], [20.39711, 44.84175], [20.39707, 44.84177], [20.39692, 44.84176], [20.39678, 44.84183], [20.39671, 44.84183], [20.39651, 44.84179], [20.39651, 44.8419]]}, "properties": {"id": 7681213109, "name": "Prvo", "sport": "Ride", "date": "2022-08-22", "distance_km": 5.09, "moving_time_s": 1184, "elev_gain_m": 25, "avg_speed_kmh": 15.5, "avg_hr": null}}]}